"Date","Price","Open","High","Low","Vol.","Change %"
"Jan 21, 2021","202.60","202.60","202.60","202.60","-","0.12%"
"Jan 20, 2021","202.35","202.80","202.80","202.35","0.47K","-0.98%"
"Jan 19, 2021","204.35","204.35","204.35","204.35","-","0.59%"
"Jan 18, 2021","203.15","203.15","203.15","203.15","-","-0.20%"
"Jan 15, 2021","203.55","203.55","203.55","203.55","-","1.07%"
"Jan 14, 2021","201.40","201.00","201.40","201.00","1.25K","-2.28%"
"Jan 13, 2021","206.10","205.40","206.10","204.60","0.28K","-1.01%"
"Jan 12, 2021","208.20","209.20","209.20","206.60","0.12K","0.82%"
"Jan 11, 2021","206.50","206.50","206.50","206.50","-","-3.01%"
"Jan 08, 2021","212.90","212.90","212.90","212.90","-","0.33%"
"Jan 07, 2021","212.20","212.40","212.40","212.20","0.05K","1.34%"
"Jan 06, 2021","209.40","209.20","209.40","209.20","0.52K","0.00%"
"Jan 05, 2021","209.40","211.20","211.40","208.60","0.81K","0.00%"
"Jan 04, 2021","209.40","214.60","214.60","209.40","2.44K","-2.56%"
"Dec 30, 2020","214.90","215.40","215.40","214.20","0.20K","0.09%"
"Dec 29, 2020","214.70","214.70","214.70","214.70","-","1.85%"
"Dec 23, 2020","210.80","209.60","210.80","209.40","0.19K","3.54%"
"Dec 21, 2020","203.60","203.60","203.60","203.60","-","-1.74%"
"Dec 18, 2020","207.20","207.20","207.20","207.20","-","1.69%"
"Dec 17, 2020","203.75","204.00","206.00","203.75","0.50K","0.49%"
"Dec 16, 2020","202.75","201.00","203.20","201.00","1.83K","-1.43%"
"Dec 15, 2020","205.70","205.70","205.70","205.70","-","-0.29%"
"Dec 14, 2020","206.30","205.20","206.30","204.80","0.30K","1.83%"
"Dec 11, 2020","202.60","204.80","204.80","202.60","0.30K","-1.07%"
"Dec 09, 2020","204.80","204.80","204.80","204.80","-","1.31%"
"Dec 08, 2020","202.15","202.15","202.15","202.15","-","-2.15%"
"Dec 07, 2020","206.60","206.40","206.60","206.40","0.07K","-1.53%"
"Dec 04, 2020","209.80","211.60","211.60","209.80","0.01K","-0.19%"
"Dec 03, 2020","210.20","209.80","210.40","209.80","0.31K","-0.10%"
"Dec 02, 2020","210.40","211.20","215.00","210.20","1.09K","2.04%"
"Nov 30, 2020","206.20","209.60","209.60","205.80","0.47K","0.10%"
"Nov 27, 2020","206.00","206.00","206.00","206.00","-","-3.06%"
"Nov 23, 2020","212.50","210.40","212.50","210.40","0.34K","-3.33%"
"Nov 17, 2020","219.81","219.40","219.81","219.40","1.55K","-1.38%"
"Nov 16, 2020","222.89","220.40","222.89","220.40","0.15K","1.41%"
"Nov 13, 2020","219.80","219.80","219.80","219.80","-","1.20%"
"Nov 12, 2020","217.20","216.40","219.00","216.40","0.23K","2.36%"
"Nov 10, 2020","212.20","206.20","212.20","206.20","1.02K","4.35%"
"Nov 04, 2020","203.35","203.00","203.35","203.00","0.04K","1.57%"
"Nov 03, 2020","200.20","200.20","200.20","200.20","-","-3.66%"
"Nov 02, 2020","207.80","201.00","207.80","201.00","0.05K","0.92%"
"Oct 30, 2020","205.90","203.00","206.20","203.00","0.07K","3.03%"
"Oct 29, 2020","199.85","200.40","200.40","199.85","0.03K","2.83%"
"Oct 28, 2020","194.35","201.40","201.40","194.35","0.89K","-5.79%"
"Oct 27, 2020","206.30","206.80","206.80","206.30","0.01K","-2.23%"
"Oct 26, 2020","211.00","214.00","214.00","211.00","0.03K","-3.92%"
"Oct 23, 2020","219.60","217.40","219.60","217.40","0.14K","3.49%"
"Oct 22, 2020","212.20","212.20","212.20","212.20","-","-3.46%"
"Oct 21, 2020","219.80","219.80","219.80","219.80","-","-0.50%"
"Oct 20, 2020","220.90","220.40","220.90","220.40","0.16K","0.23%"
"Oct 19, 2020","220.40","221.00","221.00","220.40","0.01K","-0.45%"
"Oct 16, 2020","221.40","221.40","221.40","221.40","-","-0.63%"
"Oct 15, 2020","222.80","222.80","222.80","222.80","-","-5.75%"
"Oct 14, 2020","236.40","232.60","236.40","232.60","0.09K","3.78%"
"Oct 09, 2020","227.80","227.80","227.80","227.80","-","0.18%"
"Oct 08, 2020","227.40","224.23","228.00","224.23","1.07K","1.93%"
"Oct 07, 2020","223.10","222.60","223.10","222.60","0.05K","-0.84%"
"Oct 06, 2020","225.00","224.00","225.00","224.00","1.30K","4.65%"
"Sep 29, 2020","215.00","215.00","215.00","215.00","-","-0.74%"
"Sep 25, 2020","216.60","216.60","216.60","216.60","-","-0.91%"
"Sep 23, 2020","218.60","218.60","218.60","218.60","-","-0.36%"
"Sep 22, 2020","219.40","219.00","219.40","219.00","0.61K","-1.17%"
"Sep 21, 2020","222.00","222.00","222.00","222.00","-","-0.63%"
"Sep 18, 2020","223.40","224.60","224.60","223.40","0.10K","-0.62%"
"Sep 17, 2020","224.80","224.80","224.80","224.80","-","-0.35%"
"Sep 16, 2020","225.60","227.60","227.60","225.60","0.15K","0.09%"
"Sep 15, 2020","225.40","224.00","227.00","224.00","0.26K","2.08%"
"Sep 14, 2020","220.80","221.60","221.60","220.60","0.17K","-0.09%"
"Sep 10, 2020","221.00","219.20","221.20","218.60","0.47K","-0.41%"
"Sep 07, 2020","221.90","224.80","225.80","221.90","0.66K","3.21%"
"Sep 04, 2020","215.00","215.00","215.00","215.00","-","-1.38%"
"Sep 01, 2020","218.00","218.00","218.00","218.00","-","-1.49%"
"Aug 28, 2020","221.30","217.80","221.30","217.60","0.30K","1.33%"
"Aug 27, 2020","218.40","220.20","220.60","218.40","0.40K","-1.67%"
"Aug 26, 2020","222.10","221.00","222.10","219.20","0.20K","-2.63%"
"Aug 25, 2020","228.10","223.00","230.20","222.60","2.43K","2.56%"
"Aug 24, 2020","222.40","223.80","223.80","221.80","0.56K","0.72%"
"Aug 21, 2020","220.80","225.00","225.00","220.20","3.03K","-3.24%"
"Aug 20, 2020","228.20","234.60","235.00","228.20","0.74K","-2.31%"
"Aug 19, 2020","233.60","236.60","236.60","233.60","2.98K","1.61%"
"Aug 18, 2020","229.90","225.00","230.40","225.00","1.03K","0.61%"
"Aug 17, 2020","228.50","234.40","234.60","226.60","2.57K","-2.35%"
"Aug 14, 2020","234.00","235.40","236.00","231.80","0.52K","-0.68%"
"Aug 13, 2020","235.60","233.00","236.40","233.00","1.01K","1.46%"
"Aug 12, 2020","232.20","226.80","234.00","226.80","1.41K","2.47%"
"Aug 11, 2020","226.60","227.60","228.60","226.00","1.07K","2.03%"
"Aug 10, 2020","222.10","222.80","223.60","220.40","0.74K","-0.85%"
"Aug 07, 2020","224.00","222.80","224.40","222.40","0.98K","-0.18%"
"Aug 06, 2020","224.40","219.80","224.80","219.80","0.14K","1.68%"
"Aug 05, 2020","220.70","223.80","224.20","220.40","1.86K","-0.99%"
"Aug 04, 2020","222.90","225.40","225.40","221.00","0.87K","-2.45%"
"Aug 03, 2020","228.50","229.00","229.00","225.80","0.46K","2.01%"
"Jul 31, 2020","224.00","224.60","225.80","224.00","0.15K","1.31%"
"Jul 30, 2020","221.10","222.60","222.60","219.80","0.14K","0.00%"
"Jul 29, 2020","221.10","226.60","226.60","219.97","0.90K","-3.11%"
"Jul 28, 2020","228.20","227.00","228.20","225.40","0.62K","3.21%"
"Jul 27, 2020","221.10","218.80","221.80","218.80","0.32K","-0.27%"
"Jul 24, 2020","221.70","220.60","221.70","220.00","0.41K","-0.45%"
"Jul 23, 2020","222.70","223.60","223.60","222.70","0.22K","0.00%"
"Jul 22, 2020","222.70","222.70","222.70","222.70","-","-1.55%"
"Jul 21, 2020","226.20","219.80","226.20","219.60","0.63K","2.21%"
"Jul 20, 2020","221.30","221.60","221.60","219.60","0.05K","0.36%"
"Jul 17, 2020","220.50","223.40","224.40","220.50","0.27K","-0.18%"
"Jul 16, 2020","220.90","220.90","220.90","220.90","-","-0.36%"
"Jul 15, 2020","221.70","219.20","223.20","219.20","0.70K","0.41%"
"Jul 14, 2020","220.80","220.60","222.80","220.20","0.54K","-0.85%"
"Jul 13, 2020","222.70","223.00","223.00","220.40","0.36K","-0.85%"
"Jul 10, 2020","224.60","226.20","228.00","224.60","0.45K","0.63%"
"Jul 09, 2020","223.20","227.00","227.00","220.80","0.95K","-3.21%"
"Jul 08, 2020","230.60","232.80","232.80","230.60","0.55K","-1.20%"
"Jul 07, 2020","233.40","234.20","234.20","233.40","0.37K","-1.19%"
"Jul 06, 2020","236.20","236.80","236.80","235.40","0.19K","-2.24%"
"Jul 03, 2020","241.60","242.80","243.00","238.20","1.72K","0.17%"
"Jul 02, 2020","241.20","238.60","241.20","238.60","0.42K","-1.51%"
"Jul 01, 2020","244.90","245.60","245.80","243.40","0.61K","-2.43%"
"Jun 30, 2020","251.00","240.80","251.60","240.20","1.84K","3.72%"
"Jun 29, 2020","242.00","225.20","242.00","224.00","3.77K","8.42%"
"Jun 26, 2020","223.20","222.20","226.00","222.20","2.76K","1.09%"
"Jun 25, 2020","220.80","216.40","220.80","216.40","1.34K","1.28%"
"Jun 24, 2020","218.00","217.20","218.60","217.00","1.38K","-0.55%"
"Jun 23, 2020","219.20","223.00","223.40","218.20","0.57K","-0.68%"
"Jun 22, 2020","220.70","227.40","227.40","220.70","0.65K","-3.50%"
"Jun 19, 2020","228.70","224.60","229.20","224.40","0.68K","1.37%"
"Jun 18, 2020","225.60","226.20","226.20","224.80","1.10K","-0.53%"
"Jun 17, 2020","226.80","228.20","232.60","225.80","1.65K","-1.35%"
"Jun 16, 2020","229.90","231.40","231.40","229.90","0.16K","-1.75%"
"Jun 15, 2020","234.00","228.80","234.20","228.40","1.84K","-2.90%"
"Jun 12, 2020","241.00","238.40","241.00","238.40","1.05K","1.39%"
"Jun 11, 2020","237.70","241.80","241.80","237.00","0.88K","-3.30%"
"Jun 10, 2020","245.80","244.80","245.80","243.80","0.95K","0.74%"
"Jun 09, 2020","244.00","244.20","244.20","244.00","0.04K","0.00%"
"Jun 08, 2020","244.00","242.80","244.00","242.80","0.97K","0.16%"
"Jun 05, 2020","243.60","244.60","244.80","242.20","0.99K","-1.38%"
"Jun 04, 2020","247.00","248.00","248.00","245.60","2.52K","1.23%"
"Jun 03, 2020","244.00","244.80","246.60","241.80","1.44K","-0.16%"
"Jun 02, 2020","244.40","244.80","245.00","241.40","3.96K","1.96%"
"May 29, 2020","239.70","237.40","239.80","237.40","0.74K","2.26%"
"May 28, 2020","234.40","237.40","238.40","234.40","2.31K","-0.85%"
"May 27, 2020","236.40","239.40","239.40","235.20","1.91K","-1.66%"
"May 26, 2020","240.40","237.60","240.80","236.20","3.41K","3.62%"
"May 22, 2020","232.00","233.60","234.80","232.00","1.22K","-0.17%"
"May 20, 2020","232.40","227.80","232.40","227.80","1.00K","0.74%"
"May 19, 2020","230.70","231.00","231.00","229.20","0.97K","4.96%"
"May 18, 2020","219.80","213.40","220.40","213.40","1.21K","3.78%"
"May 15, 2020","211.80","212.20","212.60","210.60","2.51K","-0.14%"
"May 14, 2020","212.10","212.40","212.80","212.10","1.72K","-3.24%"
"May 13, 2020","219.20","215.80","220.40","215.60","1.11K","-0.68%"
"May 12, 2020","220.70","223.40","225.00","220.70","0.80K","0.50%"
"May 11, 2020","219.60","228.40","228.40","219.60","0.55K","0.37%"
"May 07, 2020","218.80","218.20","220.00","218.20","0.72K","2.77%"
"May 06, 2020","212.90","210.40","214.40","210.40","0.63K","1.19%"
"May 05, 2020","210.40","210.00","211.20","209.00","0.96K","0.67%"
"May 04, 2020","209.00","206.60","212.60","205.60","1.30K","0.72%"
"Apr 30, 2020","207.50","208.20","209.20","203.00","7.75K","1.22%"
"Apr 29, 2020","205.00","205.00","205.00","205.00","-","-0.24%"
"Apr 28, 2020","205.50","204.80","209.40","204.80","2.18K","-3.70%"
"Apr 27, 2020","213.40","212.60","213.40","212.60","0.13K","1.62%"
"Apr 24, 2020","210.00","212.00","212.00","210.00","0.98K","-1.69%"
"Apr 23, 2020","213.60","212.40","213.60","212.00","0.65K","0.75%"
"Apr 22, 2020","212.00","208.00","213.10","207.80","0.57K","0.38%"
"Apr 21, 2020","211.20","217.60","217.60","211.20","0.31K","-2.49%"
"Apr 20, 2020","216.60","225.80","225.80","215.60","11.17K","-7.36%"
"Apr 17, 2020","233.80","232.40","233.80","232.40","6.71K","2.63%"
"Apr 16, 2020","227.80","225.80","227.80","225.80","0.59K","2.57%"
"Apr 15, 2020","222.10","227.00","227.00","222.10","0.26K","-1.11%"
"Apr 14, 2020","224.60","223.20","225.22","223.20","1.01K","6.34%"
"Apr 08, 2020","211.20","210.00","211.20","209.60","0.38K","0.48%"
"Apr 07, 2020","210.20","210.20","210.20","210.20","-","1.94%"
"Apr 06, 2020","206.20","203.80","206.20","203.80","0.42K","2.08%"
"Apr 03, 2020","202.00","201.80","202.00","201.80","0.26K","-3.26%"
"Apr 02, 2020","208.80","219.60","220.04","208.60","1.61K","-5.09%"
"Apr 01, 2020","220.00","210.60","220.00","210.60","1.28K","5.26%"
"Mar 31, 2020","209.00","202.00","209.20","202.00","3.20K","4.16%"
"Mar 30, 2020","200.65","191.20","200.65","190.40","3.97K","2.63%"
"Mar 27, 2020","195.50","199.50","199.50","195.50","0.63K","-2.76%"
"Mar 26, 2020","201.05","194.60","201.05","194.60","0.45K","-0.94%"
"Mar 25, 2020","202.95","203.80","224.00","202.95","2.55K","-3.82%"
"Mar 24, 2020","211.00","207.80","212.20","207.80","1.43K","5.05%"
"Mar 23, 2020","200.85","204.80","204.80","196.10","3.34K","-4.36%"
"Mar 20, 2020","210.00","221.20","221.20","205.20","1.85K","-0.71%"
"Mar 19, 2020","211.50","217.20","217.20","209.76","2.06K","6.93%"
"Mar 18, 2020","197.80","193.70","198.10","192.90","1.49K","3.59%"
"Mar 17, 2020","190.95","204.20","207.60","187.70","8.91K","2.41%"
"Mar 16, 2020","186.45","181.60","186.45","171.80","15.26K","-2.69%"
"Mar 13, 2020","191.60","190.20","198.70","188.00","1.45K","1.86%"
"Mar 12, 2020","188.10","199.26","199.26","187.00","4.97K","-10.85%"
"Mar 11, 2020","211.00","218.60","218.60","209.00","4.30K","-4.63%"
"Mar 10, 2020","221.24","225.60","225.60","221.24","1.77K","3.38%"
"Mar 09, 2020","214.00","203.60","214.00","203.60","8.78K","-2.95%"
"Mar 06, 2020","220.50","221.00","221.00","219.00","2.46K","-4.83%"
"Mar 05, 2020","231.70","232.80","232.80","229.00","1.17K","-1.74%"
"Mar 04, 2020","235.80","234.10","236.60","224.40","6.40K","5.50%"
"Mar 03, 2020","223.50","220.40","223.50","220.40","1.20K","4.00%"
"Mar 02, 2020","214.90","214.80","216.00","213.20","5.61K","-0.78%"
"Feb 28, 2020","216.60","213.24","216.60","213.24","2.95K","-3.73%"
"Feb 27, 2020","225.00","230.00","230.80","225.00","10.69K","-3.60%"
"Feb 26, 2020","233.40","227.60","233.80","225.20","4.13K","-0.26%"
"Feb 25, 2020","234.00","231.60","236.40","230.40","2.51K","0.34%"
"Feb 24, 2020","233.20","233.60","233.60","232.40","0.89K","-3.32%"
"Feb 21, 2020","241.20","239.80","241.20","239.60","1.21K","0.96%"
"Feb 20, 2020","238.90","238.80","239.60","237.60","1.56K","1.83%"
"Feb 19, 2020","234.60","230.00","236.86","229.80","2.05K","1.12%"
"Feb 18, 2020","232.00","230.20","232.60","230.00","2.61K","1.27%"
"Feb 17, 2020","229.10","229.80","230.09","227.00","1.94K","0.35%"
"Feb 14, 2020","228.30","224.40","231.00","223.20","4.56K","1.47%"
"Feb 13, 2020","225.00","227.00","227.00","225.00","1.81K","-0.71%"
"Feb 12, 2020","226.60","226.00","230.80","224.60","4.18K","0.44%"
"Feb 11, 2020","225.60","232.80","235.20","225.20","2.45K","-7.47%"
"Feb 10, 2020","243.80","240.00","243.80","238.00","6.45K","0.99%"
"Feb 07, 2020","241.40","241.50","243.60","241.40","0.57K","-0.90%"
"Feb 06, 2020","243.60","242.00","245.60","241.80","1.63K","1.50%"
"Feb 05, 2020","240.00","236.60","240.60","235.20","4.38K","1.31%"
"Feb 04, 2020","236.90","237.00","238.00","235.00","4.63K","1.41%"
"Feb 03, 2020","233.60","234.60","234.80","232.20","2.55K","-1.10%"
"Jan 31, 2020","236.20","235.00","236.60","234.40","0.75K","2.12%"
"Jan 30, 2020","231.30","228.60","237.80","228.60","6.18K","-0.39%"
"Jan 29, 2020","232.20","234.40","237.60","230.80","2.89K","-1.82%"
"Jan 28, 2020","236.50","235.20","236.50","233.80","3.16K","0.47%"
"Jan 27, 2020","235.40","234.00","235.40","232.20","1.63K","-0.80%"
"Jan 24, 2020","237.30","235.80","237.30","234.00","2.94K","2.02%"
"Jan 23, 2020","232.60","243.00","243.00","232.60","3.75K","-4.79%"
"Jan 22, 2020","244.30","241.40","244.60","241.40","4.97K","1.03%"
"Jan 21, 2020","241.80","247.60","247.60","240.98","1.28K","-3.90%"
"Jan 20, 2020","251.60","250.00","251.60","249.20","1.35K","0.00%"
"Jan 17, 2020","251.60","251.80","251.80","249.80","0.73K","-0.51%"
"Jan 16, 2020","252.90","250.80","252.90","250.40","3.18K","0.28%"
"Jan 15, 2020","252.20","250.80","253.80","249.80","3.15K","2.15%"
"Jan 14, 2020","246.90","247.40","248.00","246.60","1.20K","-0.12%"
"Jan 13, 2020","247.20","242.80","247.20","242.80","1.45K","2.15%"
"Jan 10, 2020","242.00","243.40","243.60","240.60","2.26K","-1.14%"
"Jan 09, 2020","244.80","246.80","247.60","244.20","1.87K","0.74%"
"Jan 08, 2020","243.00","243.53","244.00","243.00","1.09K","-0.45%"
"Jan 07, 2020","244.10","246.20","246.20","244.10","1.18K","0.21%"
"Jan 06, 2020","243.60","241.60","245.40","241.40","6.35K","-1.58%"
"Jan 03, 2020","247.50","243.60","250.40","243.40","6.43K","1.52%"
"Jan 02, 2020","243.80","241.80","243.80","241.20","6.12K","0.99%"
"Dec 30, 2019","241.40","243.40","243.40","239.60","0.59K","-2.66%"
"Dec 27, 2019","248.00","243.80","248.00","243.80","3.75K","4.07%"
"Dec 23, 2019","238.30","244.60","245.80","238.30","6.43K","-1.37%"
"Dec 20, 2019","241.60","241.80","242.40","241.00","1.30K","0.17%"
"Dec 19, 2019","241.20","240.60","241.20","239.80","3.01K","0.17%"
"Dec 18, 2019","240.80","240.00","242.60","239.60","2.30K","0.96%"
"Dec 17, 2019","238.50","242.40","242.40","238.40","3.57K","-1.53%"
"Dec 16, 2019","242.20","242.00","242.60","242.00","1.59K","0.50%"
"Dec 13, 2019","241.00","240.80","243.00","240.40","3.09K","0.96%"
"Dec 12, 2019","238.70","241.20","242.00","238.70","5.68K","-0.87%"
"Dec 11, 2019","240.80","244.60","244.60","240.80","2.90K","-0.82%"
"Dec 10, 2019","242.80","242.40","245.00","242.40","4.56K","0.17%"
"Dec 09, 2019","242.40","237.60","242.40","237.60","1.72K","1.89%"
"Dec 06, 2019","237.90","240.60","245.00","236.80","3.12K","-1.86%"
"Dec 05, 2019","242.40","241.00","242.40","241.00","0.62K","0.83%"
"Dec 04, 2019","240.40","240.40","240.60","239.80","1.42K","0.97%"
"Dec 03, 2019","238.10","239.20","240.00","238.00","1.00K","-1.61%"
"Dec 02, 2019","242.00","240.80","242.60","240.20","7.23K","1.21%"
"Nov 29, 2019","239.10","234.60","241.60","234.60","4.50K","3.06%"
"Nov 28, 2019","232.00","231.20","234.40","231.20","2.10K","0.91%"
"Nov 27, 2019","229.90","230.40","230.40","229.80","2.29K","1.10%"
"Nov 26, 2019","227.40","229.80","230.00","227.40","1.10K","0.18%"
"Nov 25, 2019","227.00","228.40","228.40","227.00","0.06K","0.71%"
"Nov 22, 2019","225.40","226.00","228.40","224.40","4.03K","1.21%"
"Nov 21, 2019","222.70","223.40","223.40","222.20","2.55K","-0.36%"
"Nov 20, 2019","223.50","223.20","223.50","223.20","1.35K","0.00%"
"Nov 19, 2019","223.50","222.00","224.20","220.40","3.49K","1.18%"
"Nov 18, 2019","220.90","223.60","223.60","220.90","2.13K","0.00%"
"Nov 15, 2019","220.90","225.60","225.60","220.90","5.72K","-4.08%"
"Nov 14, 2019","230.30","229.60","230.30","228.40","3.41K","1.36%"
"Nov 13, 2019","227.20","221.60","227.80","221.60","4.50K","2.30%"
"Nov 12, 2019","222.10","223.20","225.20","217.00","18.03K","-2.42%"
"Nov 11, 2019","227.60","223.20","228.40","222.67","3.17K","1.61%"
"Nov 08, 2019","224.00","224.20","224.20","223.20","0.92K","1.77%"
"Nov 07, 2019","220.10","219.80","221.60","219.60","3.43K","0.00%"
"Nov 06, 2019","220.10","220.40","220.40","219.00","3.96K","1.24%"
"Nov 05, 2019","217.40","217.00","217.40","214.80","2.43K","1.64%"
"Nov 04, 2019","213.90","214.60","214.60","211.40","4.86K","-1.97%"
"Nov 01, 2019","218.20","218.40","219.20","217.00","2.46K","-0.09%"
"Oct 31, 2019","218.40","222.60","222.60","216.60","8.62K","-2.24%"
"Oct 30, 2019","223.40","223.00","223.44","220.86","1.89K","0.09%"
"Oct 29, 2019","223.20","224.60","224.60","223.20","0.38K","-2.11%"
"Oct 28, 2019","228.00","227.80","228.80","227.40","0.85K","0.86%"
"Oct 25, 2019","226.06","227.40","228.86","226.06","2.15K","-0.41%"
"Oct 24, 2019","227.00","227.60","227.60","223.80","10.69K","1.34%"
"Oct 23, 2019","224.00","218.60","226.00","218.60","9.04K","1.91%"
"Oct 22, 2019","219.80","219.80","219.80","219.80","-","-0.86%"
"Oct 21, 2019","221.70","220.00","221.70","218.60","0.96K","0.86%"
"Oct 18, 2019","219.80","218.80","219.80","218.80","0.83K","0.00%"
"Oct 17, 2019","219.80","217.80","222.20","217.40","6.80K","1.76%"
"Oct 16, 2019","216.00","215.80","216.80","214.20","7.83K","2.18%"
"Oct 15, 2019","211.40","207.40","212.20","206.80","4.23K","3.07%"
"Oct 14, 2019","205.10","204.40","205.10","204.00","2.53K","-0.58%"
"Oct 11, 2019","206.30","206.80","207.80","206.00","8.15K","-0.10%"
"Oct 10, 2019","206.50","205.20","206.50","205.00","2.93K","1.05%"
"Oct 09, 2019","204.35","206.00","206.00","204.35","2.63K","-0.66%"
"Oct 08, 2019","205.70","205.60","206.80","205.60","2.09K","1.13%"
"Oct 07, 2019","203.40","200.50","204.40","200.50","2.63K","3.17%"
"Oct 04, 2019","197.15","194.80","197.60","191.50","1.53K","2.63%"
"Oct 03, 2019","192.10","189.10","192.10","188.80","3.44K","-0.77%"
"Oct 02, 2019","193.60","192.10","193.60","192.00","1.46K","-0.64%"
"Oct 01, 2019","194.85","194.30","196.70","194.30","4.03K","-0.66%"
"Sep 30, 2019","196.15","190.60","196.15","190.60","1.41K","1.26%"
"Sep 27, 2019","193.70","191.40","195.70","191.40","8.47K","4.36%"
"Sep 26, 2019","185.60","183.60","186.80","183.60","1.06K","0.38%"
"Sep 25, 2019","184.90","185.50","185.50","184.40","0.32K","-1.52%"
"Sep 24, 2019","187.75","188.80","189.80","186.60","1.25K","-0.24%"
"Sep 23, 2019","188.20","186.50","188.20","186.40","7.98K","2.81%"
"Sep 20, 2019","183.05","183.60","185.08","183.05","3.90K","2.89%"
"Sep 19, 2019","177.90","178.80","180.10","177.90","4.11K","-2.79%"
"Sep 18, 2019","183.00","179.80","185.50","179.80","3.47K","-3.53%"
"Sep 17, 2019","189.70","189.38","189.90","189.20","4.01K","1.85%"
"Sep 16, 2019","186.25","186.00","188.50","186.00","4.28K","0.46%"
"Sep 13, 2019","185.40","184.40","185.50","184.40","4.14K","-0.22%"
"Sep 12, 2019","185.80","189.00","189.00","184.10","3.32K","-1.38%"
"Sep 11, 2019","188.40","187.90","188.80","186.40","6.71K","0.56%"
"Sep 10, 2019","187.35","186.60","187.35","183.30","6.99K","1.05%"
"Sep 09, 2019","185.40","187.00","189.60","185.40","4.40K","-0.11%"
"Sep 06, 2019","185.60","185.10","186.60","185.00","2.98K","-0.93%"
"Sep 05, 2019","187.35","185.80","187.35","185.30","4.50K","1.16%"
"Sep 04, 2019","185.20","183.80","185.20","183.50","4.50K","0.82%"
"Sep 03, 2019","183.70","187.50","187.50","182.90","0.38K","-1.53%"
"Sep 02, 2019","186.55","187.20","187.20","186.55","7.26K","0.00%"
"Aug 30, 2019","186.55","186.59","188.30","186.50","7.41K","-1.19%"
"Aug 29, 2019","188.80","189.10","189.10","186.60","9.75K","-1.67%"
"Aug 28, 2019","192.00","196.30","196.30","192.00","10.67K","-3.86%"
"Aug 27, 2019","199.70","193.90","199.70","193.90","2.30K","-1.33%"
"Aug 23, 2019","202.40","202.40","202.40","202.40","-","0.57%"
"Aug 22, 2019","201.25","201.20","202.00","201.20","4.24K","-0.54%"
"Aug 21, 2019","202.35","200.20","202.35","200.20","0.75K","-0.86%"
"Aug 20, 2019","204.10","205.22","206.04","204.00","3.16K","-0.12%"
"Aug 19, 2019","204.35","204.80","204.80","204.35","7.32K","3.31%"
"Aug 16, 2019","197.80","197.30","197.80","197.30","2.01K","2.91%"
"Aug 15, 2019","192.20","193.30","193.30","192.20","0.68K","-1.99%"
"Aug 14, 2019","196.10","199.10","199.10","195.80","0.05K","-3.13%"
"Aug 13, 2019","202.44","204.40","204.60","201.80","2.33K","2.68%"
"Aug 12, 2019","197.15","196.20","197.15","196.20","0.66K","-1.82%"
"Aug 09, 2019","200.80","200.80","200.80","200.80","-","0.88%"
"Aug 08, 2019","199.05","200.02","201.20","197.80","3.30K","0.03%"
"Aug 07, 2019","199.00","197.70","199.00","197.70","0.22K","-0.10%"
"Aug 06, 2019","199.20","197.60","200.20","197.60","1.02K","1.58%"
"Aug 05, 2019","196.10","196.30","196.30","196.10","0.72K","-0.56%"
"Aug 02, 2019","197.20","197.20","197.20","197.20","-","-0.28%"
"Aug 01, 2019","197.75","197.75","197.75","197.75","-","2.25%"
"Jul 31, 2019","193.40","193.10","194.90","193.10","0.97K","-4.71%"
"Jul 29, 2019","202.95","202.60","202.95","202.60","0.74K","-1.10%"
"Jul 26, 2019","205.20","205.20","205.20","205.20","-","2.27%"
"Jul 25, 2019","200.65","202.00","202.00","200.65","6.04K","-2.26%"
"Jul 24, 2019","205.30","204.20","205.30","204.20","0.26K","-0.10%"
"Jul 22, 2019","205.50","205.50","205.50","205.50","-","0.56%"
"Jul 19, 2019","204.35","204.60","204.60","204.35","0.09K","-0.95%"
"Jul 18, 2019","206.30","206.30","206.30","206.30","-","-0.48%"
"Jul 17, 2019","207.30","207.30","207.30","207.30","-","0.39%"
"Jul 16, 2019","206.50","206.50","206.50","206.50","-","0.98%"
"Jul 15, 2019","204.50","205.60","205.60","204.50","0.12K","-0.68%"
"Jul 12, 2019","205.90","204.47","205.90","204.40","0.14K","0.46%"
"Jul 11, 2019","204.95","204.60","205.40","203.80","1.04K","0.42%"
"Jul 10, 2019","204.10","206.20","207.60","204.10","4.24K","-0.32%"
"Jul 09, 2019","204.75","208.60","208.60","204.40","1.22K","-2.78%"
"Jul 08, 2019","210.60","210.80","210.80","210.00","0.17K","-0.09%"
"Jul 05, 2019","210.80","205.00","212.40","205.00","4.94K","3.77%"
"Jul 04, 2019","203.15","205.00","205.00","203.15","1.69K","1.96%"
"Jul 03, 2019","199.25","195.80","199.25","195.80","0.11K","3.51%"
"Jul 02, 2019","192.50","187.40","192.70","186.50","0.63K","4.82%"
"Jul 01, 2019","183.65","184.00","184.00","183.65","0.27K","0.96%"
"Jun 28, 2019","181.90","183.30","183.30","181.30","0.35K","0.33%"
"Jun 27, 2019","181.30","182.40","182.40","181.30","1.55K","-1.17%"
"Jun 26, 2019","183.45","182.60","184.90","182.10","0.52K","0.52%"
"Jun 25, 2019","182.50","182.60","182.60","182.40","0.22K","-0.54%"
"Jun 24, 2019","183.50","184.80","184.80","183.50","0.34K","0.27%"
"Jun 21, 2019","183.00","183.00","183.00","183.00","-","0.55%"
"Jun 20, 2019","182.00","187.70","187.70","182.00","1.33K","-2.88%"
"Jun 19, 2019","187.40","183.60","187.50","182.40","0.19K","-0.08%"
"Jun 18, 2019","187.55","187.80","187.80","186.40","0.50K","-0.50%"
"Jun 17, 2019","188.50","190.20","190.20","188.50","0.53K","-0.68%"
"Jun 14, 2019","189.80","190.10","190.10","188.79","8.08K","0.58%"
"Jun 13, 2019","188.70","193.90","193.90","188.20","0.63K","-6.21%"
"Jun 11, 2019","201.20","201.20","201.20","201.20","-","2.86%"
"Jun 07, 2019","195.60","196.20","196.20","195.60","0.15K","-3.74%"
"Jun 06, 2019","203.20","203.20","203.20","203.20","-","0.40%"
"Jun 05, 2019","202.40","200.60","202.40","200.60","1.90K","1.76%"
"Jun 04, 2019","198.90","201.20","202.40","198.90","1.53K","-1.14%"
"Jun 03, 2019","201.20","196.40","201.40","196.40","2.41K","2.50%"
"May 31, 2019","196.30","196.30","196.30","196.30","-","-2.44%"
"May 29, 2019","201.20","202.60","203.60","200.60","1.45K","0.80%"
"May 28, 2019","199.60","202.40","202.40","199.60","0.02K","0.05%"
"May 24, 2019","199.50","199.70","204.60","199.50","1.23K","-1.24%"
"May 23, 2019","202.00","199.00","202.00","199.00","3.05K","1.87%"
"May 22, 2019","198.30","196.20","198.30","196.20","0.84K","0.13%"
"May 21, 2019","198.05","201.00","201.00","198.05","0.10K","-2.99%"
"May 20, 2019","204.15","204.80","205.60","204.15","8.25K","-0.56%"
"May 16, 2019","205.30","199.70","205.60","199.70","0.79K","3.66%"
"May 15, 2019","198.05","193.50","198.05","193.50","9.28K","3.50%"
"May 14, 2019","191.35","191.35","191.35","191.35","-","-1.16%"
"May 13, 2019","193.60","194.30","197.10","192.90","1.73K","0.21%"
"May 10, 2019","193.20","193.00","193.20","193.00","0.28K","1.50%"
"May 09, 2019","190.35","190.80","190.80","188.80","0.95K","-0.96%"
"May 08, 2019","192.20","192.10","192.20","191.05","0.09K","-0.47%"
"May 07, 2019","193.10","191.30","193.10","191.30","0.48K","2.55%"
"May 03, 2019","188.30","188.90","188.90","188.30","0.70K","0.29%"
"May 02, 2019","187.75","188.70","188.70","186.90","0.62K","1.05%"
"Apr 30, 2019","185.80","186.90","186.90","185.80","0.77K","0.22%"
"Apr 29, 2019","185.40","185.40","185.40","185.40","-","-0.16%"
"Apr 26, 2019","185.70","186.50","186.50","184.70","1.27K","-1.28%"
"Apr 25, 2019","188.10","192.60","192.60","188.10","0.89K","-2.23%"
"Apr 24, 2019","192.40","190.50","192.40","190.50","1.09K","0.87%"
"Apr 23, 2019","190.75","190.70","190.75","189.00","1.51K","-1.70%"
"Apr 17, 2019","194.05","194.05","194.05","194.05","-","0.00%"
"Apr 16, 2019","194.05","193.50","194.50","193.50","1.12K","0.13%"
"Apr 15, 2019","193.80","191.30","194.10","191.30","1.38K","2.98%"
"Apr 12, 2019","188.20","190.40","190.90","188.20","2.38K","-1.75%"
"Apr 11, 2019","191.55","190.90","191.55","189.20","1.58K","0.21%"
"Apr 10, 2019","191.15","193.30","193.30","190.30","3.75K","-1.49%"
"Apr 09, 2019","194.05","195.30","195.40","193.90","1.46K","-1.15%"
"Apr 08, 2019","196.30","196.30","196.30","196.30","-","-1.97%"
"Apr 05, 2019","200.25","201.00","201.00","200.20","1.67K","-1.33%"
"Apr 04, 2019","202.95","201.40","203.00","201.40","2.69K","0.74%"
"Apr 03, 2019","201.45","200.73","201.45","200.73","1.38K","-0.64%"
"Apr 02, 2019","202.75","202.75","202.75","202.75","-","0.77%"
"Apr 01, 2019","201.20","202.00","202.00","201.20","1.39K","0.83%"
"Mar 29, 2019","199.55","203.50","203.50","199.55","3.10K","0.00%"
"Mar 28, 2019","199.55","195.60","199.55","195.60","2.29K","2.44%"
"Mar 27, 2019","194.80","194.00","194.80","194.00","2.76K","1.94%"
"Mar 26, 2019","191.10","189.75","191.10","189.75","2.95K","0.00%"
"Mar 25, 2019","191.10","191.10","191.10","191.10","-","0.21%"
"Mar 22, 2019","190.70","194.80","194.80","190.21","4.21K","-2.21%"
"Mar 21, 2019","195.00","194.80","196.00","194.80","5.22K","-1.34%"
"Mar 20, 2019","197.65","198.40","200.75","196.20","1.89K","-0.23%"
"Mar 19, 2019","198.10","198.60","198.60","197.40","3.27K","0.97%"
"Mar 18, 2019","196.20","192.40","196.50","192.40","1.26K","1.13%"
"Mar 15, 2019","194.00","204.50","204.50","193.40","6.52K","-9.24%"
"Mar 14, 2019","213.75","214.05","214.05","212.75","10.01K","-1.16%"
"Mar 13, 2019","216.25","212.50","216.49","212.50","3.40K","1.17%"
"Mar 12, 2019","213.75","208.97","214.00","208.97","6.93K","1.66%"
"Mar 11, 2019","210.25","208.50","210.99","208.00","6.75K","-0.47%"
"Mar 08, 2019","211.25","209.00","211.25","209.00","4.65K","2.55%"
"Mar 07, 2019","206.00","207.00","208.00","205.51","2.58K","-1.20%"
"Mar 06, 2019","208.50","209.00","211.00","208.50","4.49K","0.48%"
"Mar 05, 2019","207.50","207.00","210.00","204.25","4.33K","0.00%"
"Mar 04, 2019","207.50","207.00","208.50","207.00","1.30K","2.44%"
"Mar 01, 2019","202.55","201.00","203.00","201.00","2.70K","0.67%"
"Feb 28, 2019","201.20","202.60","202.60","201.20","1.92K","-2.33%"
"Feb 27, 2019","206.00","204.00","206.00","204.00","1.22K","0.93%"
"Feb 26, 2019","204.10","204.50","205.00","204.10","1.17K","1.04%"
"Feb 25, 2019","202.00","203.00","203.50","202.00","1.43K","0.95%"
"Feb 22, 2019","200.10","195.60","200.50","195.60","4.87K","3.14%"
"Feb 21, 2019","194.00","192.40","194.40","192.40","1.46K","-0.21%"
"Feb 20, 2019","194.40","193.20","194.60","193.20","0.17K","0.93%"
"Feb 19, 2019","192.60","194.80","195.00","190.80","1.43K","-0.62%"
"Feb 18, 2019","193.80","189.20","196.40","189.20","1.43K","2.38%"
"Feb 15, 2019","189.30","186.00","190.00","186.00","0.96K","2.44%"
"Feb 14, 2019","184.80","185.20","188.60","184.80","1.89K","0.60%"
"Feb 13, 2019","183.70","184.00","185.20","179.58","8.44K","1.21%"
"Feb 12, 2019","181.50","194.00","194.00","181.50","5.23K","-13.37%"
"Feb 11, 2019","209.50","210.00","210.50","209.50","1.04K","0.72%"
"Feb 08, 2019","208.00","209.50","209.50","208.00","1.30K","-2.00%"
"Feb 07, 2019","212.25","210.00","216.00","210.00","6.58K","0.47%"
"Feb 06, 2019","211.25","207.00","211.25","207.00","0.93K","4.06%"
"Feb 05, 2019","203.00","201.00","203.00","201.00","1.64K","1.45%"
"Feb 04, 2019","200.10","200.50","201.50","200.00","1.99K","0.00%"
"Feb 01, 2019","200.10","200.50","200.50","200.00","0.54K","-1.96%"
"Jan 31, 2019","204.10","206.50","207.00","203.00","1.06K","0.05%"
"Jan 30, 2019","204.00","200.00","204.80","200.00","5.36K","1.67%"
"Jan 29, 2019","200.65","199.90","201.25","199.90","0.96K","2.50%"
"Jan 28, 2019","195.75","199.60","201.00","195.75","3.44K","-0.68%"
"Jan 25, 2019","197.10","200.00","200.00","197.10","1.88K","-0.50%"
"Jan 24, 2019","198.10","196.00","198.10","196.00","0.23K","-0.23%"
"Jan 23, 2019","198.55","199.80","200.50","198.55","0.86K","-1.32%"
"Jan 22, 2019","201.20","195.60","201.20","195.60","1.30K","3.02%"
"Jan 21, 2019","195.30","189.00","196.00","189.00","0.76K","2.20%"
"Jan 18, 2019","191.10","184.94","191.10","184.12","1.66K","4.14%"
"Jan 17, 2019","183.50","181.90","183.50","181.80","1.77K","-0.27%"
"Jan 16, 2019","184.00","180.00","184.56","180.00","4.17K","0.38%"
"Jan 15, 2019","183.30","178.60","184.00","178.20","0.58K","4.33%"
"Jan 14, 2019","175.70","176.20","178.00","175.70","1.52K","-1.73%"
"Jan 11, 2019","178.80","181.00","183.20","177.00","1.39K","0.79%"
"Jan 10, 2019","177.40","177.20","179.00","176.40","1.95K","-0.78%"
"Jan 09, 2019","178.80","176.00","179.20","176.00","3.93K","2.58%"
"Jan 08, 2019","174.30","175.00","175.00","173.60","2.27K","-0.74%"
"Jan 07, 2019","175.60","176.20","176.80","170.60","1.22K","-2.12%"
"Jan 04, 2019","179.40","176.60","180.20","176.60","2.27K","3.04%"
"Jan 03, 2019","174.10","180.72","180.72","174.10","0.48K","-3.97%"
"Jan 02, 2019","181.30","177.80","182.40","175.00","3.06K","1.28%"
"Dec 28, 2018","179.00","184.00","184.00","178.20","0.34K","-1.05%"
"Dec 27, 2018","180.90","183.60","184.40","178.60","0.48K","-5.78%"
"Dec 21, 2018","192.00","191.40","192.00","191.20","0.13K","4.98%"
"Dec 20, 2018","182.90","190.00","190.00","182.80","7.75K","-6.73%"
"Dec 19, 2018","196.10","186.00","196.10","186.00","1.22K","7.45%"
"Dec 18, 2018","182.50","182.50","182.50","182.50","-","-0.22%"
"Dec 17, 2018","182.90","185.00","187.00","182.90","1.67K","2.06%"
"Dec 14, 2018","179.20","184.40","185.20","179.20","4.37K","-4.48%"
"Dec 13, 2018","187.60","188.20","188.20","186.20","5.44K","-0.48%"
"Dec 12, 2018","188.50","188.50","188.50","188.50","-","2.00%"
"Dec 11, 2018","184.80","183.80","184.80","183.80","9.09K","2.27%"
"Dec 10, 2018","180.70","187.20","187.20","180.70","2.73K","-5.54%"
"Dec 07, 2018","191.30","190.80","191.80","190.20","5.30K","2.08%"
"Dec 06, 2018","187.40","193.80","194.00","187.40","9.04K","-3.20%"
"Dec 05, 2018","193.60","193.60","193.60","193.60","-","-2.81%"
"Dec 04, 2018","199.20","198.20","199.20","198.20","0.16K","1.81%"
"Dec 03, 2018","195.65","197.80","198.20","195.65","4.32K","0.18%"
"Nov 30, 2018","195.30","196.00","196.20","195.30","4.85K","-0.51%"
"Nov 29, 2018","196.30","194.60","196.30","193.26","16.13K","1.60%"
"Nov 28, 2018","193.20","193.20","193.20","193.20","-","0.00%"
"Nov 27, 2018","193.20","194.20","194.20","193.00","23.03K","-0.51%"
"Nov 26, 2018","194.20","194.00","194.20","194.00","30.26K","-1.02%"
"Nov 23, 2018","196.20","197.00","197.00","196.20","6.09K","2.19%"
"Nov 22, 2018","192.00","191.00","192.40","191.00","14.80K","-0.93%"
"Nov 21, 2018","193.80","194.00","194.00","193.80","5.52K","0.62%"
"Nov 20, 2018","192.60","197.20","197.20","191.80","3.76K","-6.28%"
"Nov 19, 2018","205.50","209.50","209.50","205.50","15.03K","-0.72%"
"Nov 16, 2018","207.00","210.47","210.47","205.97","14.98K","-0.24%"
"Nov 15, 2018","207.50","206.97","208.00","206.03","14.18K","0.00%"
"Nov 14, 2018","207.50","204.50","208.97","204.50","6.98K","0.48%"
"Nov 13, 2018","206.50","207.50","208.50","204.00","5.65K","-2.25%"
"Nov 12, 2018","211.25","211.00","214.50","210.50","13.36K","-1.40%"
"Nov 09, 2018","214.25","214.97","214.97","213.00","2.92K","2.51%"
"Nov 08, 2018","209.00","209.00","209.00","209.00","-","-1.53%"
"Nov 07, 2018","212.25","213.25","213.25","212.25","2.66K","-0.47%"
"Nov 06, 2018","213.25","214.50","214.50","213.25","7.70K","-14.79%"
"Nov 05, 2018","250.25","250.88","250.88","248.98","4.05K","0.30%"
"Nov 02, 2018","249.50","249.50","249.50","249.50","-","0.00%"
"Nov 01, 2018","249.50","249.50","249.50","249.50","-","1.63%"
"Oct 31, 2018","245.50","246.00","247.00","245.50","8.64K","2.61%"
"Oct 30, 2018","239.25","238.50","239.25","238.02","8.32K","-3.53%"
"Oct 29, 2018","248.00","239.50","248.00","236.00","5.16K","5.64%"
"Oct 26, 2018","234.75","237.50","238.00","234.50","3.65K","-1.68%"
"Oct 25, 2018","238.75","235.38","240.00","235.38","12.44K","2.58%"
"Oct 24, 2018","232.75","232.75","232.75","232.75","-","0.65%"
"Oct 23, 2018","231.25","230.00","234.50","229.50","6.60K","-0.43%"
"Oct 22, 2018","232.25","233.50","233.50","230.00","1.16K","-1.28%"
"Oct 19, 2018","235.25","226.50","235.25","226.50","4.21K","3.86%"
"Oct 18, 2018","226.50","229.50","229.50","226.50","2.67K","-1.84%"
"Oct 17, 2018","230.75","233.04","233.04","229.00","3.26K","3.01%"
"Oct 16, 2018","224.00","226.50","226.50","224.00","0.67K","2.17%"
"Oct 15, 2018","219.25","219.44","221.50","217.00","1.80K","1.39%"
"Oct 12, 2018","216.25","216.25","217.25","216.00","6.35K","1.17%"
"Oct 11, 2018","213.75","207.00","214.00","206.25","4.10K","1.54%"
"Oct 10, 2018","210.50","211.50","213.25","210.50","1.64K","-0.47%"
"Oct 09, 2018","211.50","212.50","212.50","211.50","2.67K","-0.69%"
"Oct 08, 2018","212.98","213.30","213.30","210.75","3.20K","-0.59%"
"Oct 05, 2018","214.25","214.70","214.70","212.00","7.63K","0.00%"
"Oct 04, 2018","214.25","213.85","217.00","212.97","5.54K","-1.15%"
"Oct 03, 2018","216.75","216.75","216.75","216.75","-","0.70%"
"Oct 02, 2018","215.25","215.00","217.25","214.97","6.33K","4.49%"
"Oct 01, 2018","206.00","206.50","206.50","196.40","2.53K","3.94%"
"Sep 28, 2018","198.20","198.80","198.80","198.20","1.17K","1.00%"
"Sep 27, 2018","196.23","196.40","197.16","196.23","1.18K","-1.89%"
"Sep 26, 2018","200.00","204.00","204.00","200.00","1.19K","-2.02%"
"Sep 25, 2018","204.13","204.50","204.90","202.91","4.80K","0.51%"
"Sep 24, 2018","203.10","203.10","203.10","203.10","-","2.92%"
"Sep 21, 2018","197.34","196.65","197.34","196.65","0.28K","-0.67%"
"Sep 20, 2018","198.68","199.20","199.20","195.99","0.57K","0.70%"
"Sep 19, 2018","197.30","195.66","197.97","195.00","7.42K","-0.90%"
"Sep 18, 2018","199.10","198.40","199.10","198.40","3.39K","-0.50%"
"Sep 17, 2018","200.10","200.50","200.50","200.10","0.84K","0.28%"
"Sep 14, 2018","199.55","199.40","199.55","199.40","1.08K","0.59%"
"Sep 13, 2018","198.37","198.00","200.00","198.00","2.80K","0.87%"
"Sep 12, 2018","196.65","196.68","199.66","196.65","2.80K","-2.79%"
"Sep 11, 2018","202.30","204.50","204.50","200.00","3.46K","-0.11%"
"Sep 10, 2018","202.53","203.45","203.45","202.53","1.65K","1.21%"
"Sep 07, 2018","200.10","205.11","209.00","200.10","18.75K","-4.68%"
"Sep 06, 2018","209.93","210.50","210.50","209.93","6.91K","-0.62%"
"Sep 05, 2018","211.25","203.00","211.25","203.00","9.82K","4.06%"
"Sep 03, 2018","203.00","203.50","206.50","203.00","4.22K","0.50%"
"Aug 31, 2018","202.00","199.79","202.00","199.79","2.31K","1.46%"
"Aug 30, 2018","199.10","199.99","199.99","197.19","3.08K","0.91%"
"Aug 29, 2018","197.30","197.80","197.80","197.30","1.49K","-2.54%"
"Aug 28, 2018","202.45","201.50","202.45","201.50","0.03K","1.40%"
"Aug 24, 2018","199.65","199.40","199.65","199.40","3.58K","-0.77%"
"Aug 21, 2018","201.20","203.60","203.60","201.20","0.28K","-4.30%"
"Aug 20, 2018","210.25","211.00","211.00","209.00","0.69K","2.31%"
"Aug 17, 2018","205.50","206.50","206.60","205.50","2.21K","-0.72%"
"Aug 16, 2018","207.00","208.00","208.00","204.85","4.62K","4.97%"
"Aug 15, 2018","197.20","197.80","197.80","197.20","0.56K","-3.76%"
"Aug 14, 2018","204.90","206.00","206.00","204.90","0.09K","-0.53%"
"Aug 13, 2018","206.00","206.75","206.75","205.00","0.26K","-3.22%"
"Aug 10, 2018","212.86","215.25","215.25","211.00","3.71K","-3.46%"
"Aug 09, 2018","220.50","220.00","220.50","219.86","1.11K","0.68%"
"Aug 08, 2018","219.00","218.75","219.00","218.75","0.10K","1.15%"
"Aug 06, 2018","216.50","219.00","219.00","216.50","0.17K","1.41%"
"Aug 03, 2018","213.50","215.75","215.75","213.50","0.59K","-2.29%"
"Aug 01, 2018","218.50","210.00","218.50","210.00","0.22K","5.56%"
"Jul 31, 2018","207.00","206.50","207.00","206.50","0.70K","4.19%"
"Jul 30, 2018","198.68","198.80","199.90","197.80","0.29K","0.75%"
"Jul 26, 2018","197.20","197.20","197.20","197.20","-","0.82%"
"Jul 25, 2018","195.60","191.80","195.60","191.80","0.12K","1.35%"
"Jul 24, 2018","193.00","193.00","193.00","193.00","-","0.01%"
"Jul 20, 2018","192.99","189.60","192.99","189.60","0.55K","0.10%"
"Jul 19, 2018","192.80","192.80","192.80","192.80","-","2.44%"
"Jul 17, 2018","188.20","188.50","188.50","187.20","0.41K","0.27%"
"Jul 16, 2018","187.70","188.10","188.20","187.40","0.45K","-1.42%"
"Jul 13, 2018","190.40","188.60","190.40","188.60","0.48K","0.11%"
"Jul 12, 2018","190.20","190.30","190.30","190.20","0.11K","0.74%"
"Jul 11, 2018","188.80","186.62","188.80","186.62","0.85K","0.85%"
"Jul 10, 2018","187.20","187.20","187.20","187.20","-","-0.53%"
"Jul 09, 2018","188.20","192.00","192.00","188.20","3.34K","-1.67%"
"Jul 06, 2018","191.39","189.60","191.39","189.60","0.65K","3.04%"
"Jul 05, 2018","185.75","187.80","187.80","185.75","5.68K","-0.56%"
"Jul 04, 2018","186.80","186.80","186.80","186.80","-","2.98%"
"Jun 29, 2018","181.40","184.40","184.40","181.40","0.37K","-0.66%"
"Jun 28, 2018","182.60","183.00","183.00","182.40","0.18K","-0.54%"
"Jun 27, 2018","183.60","183.60","183.60","183.60","-","0.66%"
"Jun 26, 2018","182.40","182.40","182.40","182.40","-","1.05%"
"Jun 25, 2018","180.50","181.60","181.60","180.50","0.29K","1.52%"
"Jun 21, 2018","177.80","180.07","180.07","177.80","0.16K","-0.67%"
"Jun 20, 2018","179.00","179.00","179.00","179.00","-","0.21%"
"Jun 19, 2018","178.62","178.62","178.62","178.62","-","-1.75%"
"Jun 14, 2018","181.80","186.00","187.20","181.59","1.88K","-2.13%"
"Jun 12, 2018","185.75","185.75","185.75","185.75","-","-0.03%"
"Jun 08, 2018","185.80","185.80","185.80","185.80","-","4.38%"
"Jun 05, 2018","178.00","178.00","178.00","178.00","-","-0.17%"
"Jun 04, 2018","178.30","178.30","178.30","178.30","-","-4.43%"
"May 31, 2018","186.56","186.56","186.56","186.56","-","-0.13%"
"May 30, 2018","186.80","186.80","186.80","186.80","-","0.65%"
"May 29, 2018","185.59","185.59","185.59","185.59","-","2.43%"
"May 25, 2018","181.19","184.70","184.70","181.19","0.91K","-1.90%"
"May 24, 2018","184.70","181.86","184.70","181.86","0.82K","0.00%"
"May 22, 2018","184.70","189.40","189.40","183.40","1.77K","-1.35%"
"May 18, 2018","187.23","187.23","187.23","187.23","-","1.81%"
"May 16, 2018","183.91","183.91","183.91","183.91","-","-1.20%"
"May 15, 2018","186.14","186.38","187.10","184.43","2.44K","2.16%"
"May 14, 2018","182.20","186.80","186.80","182.00","0.35K","2.36%"
"May 11, 2018","178.00","181.40","181.98","178.00","2.79K","-4.41%"
"May 09, 2018","186.21","186.21","186.21","186.21","-","-5.35%"
"May 08, 2018","196.73","196.73","196.73","196.73","-","2.56%"
"May 03, 2018","191.82","191.82","191.82","191.82","-","-1.12%"
"May 02, 2018","194.00","194.00","194.00","194.00","-","-1.02%"
"Apr 27, 2018","196.00","196.00","196.00","196.00","-","0.08%"
"Apr 26, 2018","195.85","195.85","195.85","195.85","-","-1.09%"
"Apr 25, 2018","198.00","194.80","198.00","194.80","0.06K","1.54%"
"Apr 24, 2018","195.00","195.00","195.00","195.00","-","-1.02%"
"Apr 23, 2018","197.00","193.80","197.00","193.80","0.75K","1.97%"
"Apr 20, 2018","193.20","191.90","195.80","191.90","0.79K","1.68%"
"Apr 19, 2018","190.00","190.00","190.00","190.00","-","-3.60%"
"Apr 18, 2018","197.10","197.10","197.10","197.10","-","1.18%"
"Apr 16, 2018","194.80","194.80","194.80","194.80","-","1.57%"
"Apr 13, 2018","191.78","194.80","194.80","191.78","0.40K","3.66%"
"Apr 11, 2018","185.00","183.00","185.00","183.00","1.32K","-0.96%"
"Apr 10, 2018","186.80","185.60","186.80","185.60","0.55K","6.99%"
"Apr 09, 2018","174.60","175.58","175.58","174.60","0.38K","4.30%"
"Apr 06, 2018","167.40","167.80","167.80","167.40","0.62K","2.25%"
"Apr 04, 2018","163.71","167.40","167.40","163.71","0.54K","2.32%"
"Mar 28, 2018","160.00","160.80","160.80","160.00","0.06K","-0.74%"
"Mar 27, 2018","161.20","161.20","161.20","161.20","-","2.81%"
"Mar 26, 2018","156.80","157.80","157.80","156.80","0.91K","2.22%"
"Mar 23, 2018","153.40","145.97","153.40","145.97","1.55K","0.99%"
"Mar 20, 2018","151.90","151.90","151.90","151.90","-","1.80%"
"Mar 19, 2018","149.22","148.60","149.22","148.60","1.26K","-3.17%"
"Mar 15, 2018","154.10","152.85","154.10","152.85","1.17K","-1.03%"
"Mar 14, 2018","155.70","155.70","155.70","155.70","-","-3.34%"
"Mar 13, 2018","161.08","157.76","161.08","157.76","1.06K","-2.75%"
"Mar 12, 2018","165.63","163.90","165.63","163.90","0.18K","2.24%"
"Mar 09, 2018","162.00","160.50","162.00","160.50","2.29K","5.02%"
"Mar 08, 2018","154.26","155.40","155.40","154.26","2.41K","0.82%"
"Mar 07, 2018","153.00","152.00","153.00","152.00","0.12K","3.03%"
"Mar 06, 2018","148.50","148.40","148.50","148.40","0.89K","0.56%"
"Mar 05, 2018","147.67","147.67","147.67","147.67","-","-1.09%"
"Mar 01, 2018","149.29","150.40","150.40","149.29","1.97K","2.24%"
"Feb 27, 2018","146.02","146.02","146.02","146.02","-","-2.25%"
"Feb 26, 2018","149.38","149.38","149.38","149.38","-","3.76%"
"Feb 22, 2018","143.97","143.97","143.97","143.97","-","1.10%"
"Feb 20, 2018","142.40","142.17","142.50","142.17","3.07K","-0.01%"
"Feb 16, 2018","142.42","143.60","143.60","142.42","0.72K","1.01%"
"Feb 15, 2018","141.00","141.00","141.00","141.00","-","0.43%"
"Feb 14, 2018","140.40","140.30","140.40","140.30","0.17K","-2.35%"
"Feb 13, 2018","143.78","143.78","143.78","143.78","0.38K","4.64%"
"Feb 12, 2018","137.40","138.90","140.62","135.80","1.88K","3.31%"
"Feb 09, 2018","133.00","136.50","136.50","133.00","1.30K","-0.08%"
"Feb 08, 2018","133.10","129.80","133.30","129.80","1.72K","2.54%"
"Feb 07, 2018","129.80","129.60","129.80","127.40","1.93K","6.07%"
"Feb 06, 2018","122.37","122.37","122.37","122.37","-","-3.26%"
"Feb 05, 2018","126.50","126.50","126.50","126.50","-","-3.80%"
"Feb 02, 2018","131.50","131.50","131.50","131.50","-","3.80%"
"Feb 01, 2018","126.68","126.50","127.00","126.50","1.22K","2.00%"
"Jan 31, 2018","124.20","126.40","126.40","124.20","0.10K","-1.11%"
"Jan 30, 2018","125.60","125.80","125.80","125.60","0.17K","-1.57%"
"Jan 26, 2018","127.60","127.60","127.60","127.60","-","1.43%"
"Jan 25, 2018","125.80","125.80","125.80","125.80","-","-1.32%"
"Jan 24, 2018","127.48","126.80","127.48","126.80","0.52K","-1.57%"
"Jan 23, 2018","129.51","129.51","129.51","129.51","-","0.36%"
"Jan 19, 2018","129.04","131.13","131.13","129.04","0.84K","0.66%"
"Jan 18, 2018","128.20","128.20","128.20","128.20","-","-3.46%"
"Jan 17, 2018","132.80","132.60","132.80","132.60","0.27K","0.61%"
"Jan 16, 2018","132.00","132.00","132.00","132.00","-","0.07%"
"Jan 15, 2018","131.91","131.91","131.91","131.91","-","-0.97%"
"Jan 11, 2018","133.20","140.81","140.81","133.20","0.14K","-4.39%"
"Jan 10, 2018","139.32","139.32","139.32","139.32","-","6.03%"
"Jan 08, 2018","131.40","131.40","131.40","131.40","-","-2.26%"
"Dec 29, 2017","134.44","134.44","134.44","134.44","-","1.08%"
"Dec 27, 2017","133.00","133.00","133.00","133.00","-","2.70%"
"Dec 22, 2017","129.50","129.00","129.50","129.00","1.29K","1.17%"
"Dec 21, 2017","128.00","127.50","128.50","127.50","0.85K","-1.54%"
"Dec 20, 2017","130.00","129.00","130.00","129.00","1.09K","0.78%"
"Dec 19, 2017","129.00","131.50","131.50","129.00","0.62K","0.34%"
"Dec 18, 2017","128.56","129.00","129.47","128.50","0.45K","0.83%"
"Dec 15, 2017","127.50","130.00","130.00","127.00","5.86K","-3.04%"
"Dec 14, 2017","131.50","135.00","135.00","131.50","1.40K","-5.05%"
"Dec 13, 2017","138.50","137.00","139.50","137.00","3.06K","1.87%"
"Dec 12, 2017","135.96","135.50","136.50","135.00","6.38K","-0.03%"
"Dec 11, 2017","136.00","135.00","136.50","135.00","0.76K","-1.09%"
"Dec 08, 2017","137.50","137.50","137.50","137.50","0.37K","0.36%"
"Dec 07, 2017","137.00","135.50","137.00","135.50","0.91K","-5.20%"
"Nov 17, 2017","144.51","147.00","147.00","144.00","2.58K","-4.62%"
"Nov 16, 2017","151.51","152.81","152.81","151.51","2.01K","0.72%"
"Nov 15, 2017","150.43","150.50","151.50","150.00","1.60K","0.20%"
"Nov 14, 2017","150.13","150.50","151.00","149.50","10.41K","-2.82%"
"Nov 13, 2017","154.49","153.00","154.49","152.00","1.10K","1.98%"
"Nov 10, 2017","151.49","153.50","153.50","151.49","2.55K","1.54%"
"Nov 09, 2017","149.19","151.00","151.00","148.56","0.72K","-2.16%"
"Nov 08, 2017","152.49","149.50","153.50","149.50","8.13K","0.33%"
"Nov 07, 2017","151.99","151.50","152.50","150.00","9.54K","-3.77%"
"Nov 06, 2017","157.95","154.50","158.50","154.50","2.26K","1.75%"
"Nov 03, 2017","155.24","156.06","156.06","153.50","3.23K","1.40%"
"Nov 02, 2017","153.09","155.50","155.50","152.50","4.38K","-4.31%"
"Nov 01, 2017","159.99","159.00","164.25","159.00","3.29K","0.95%"
"Oct 31, 2017","158.49","159.00","161.35","158.49","3.33K","-0.90%"
"Oct 30, 2017","159.93","160.00","160.00","159.00","3.44K","-0.21%"
"Oct 27, 2017","160.27","159.56","161.01","159.56","1.03K","-0.14%"
"Oct 26, 2017","160.49","160.00","160.49","160.00","0.71K","-0.12%"
"Oct 25, 2017","160.68","158.00","161.00","158.00","4.34K","0.43%"
"Oct 24, 2017","159.99","167.00","167.00","159.50","6.91K","-4.74%"
"Oct 23, 2017","167.95","168.44","168.50","167.50","2.34K","-0.04%"
"Oct 20, 2017","168.01","168.50","169.00","167.50","3.78K","-1.16%"
"Oct 19, 2017","169.98","170.00","170.44","169.50","1.37K","-0.14%"
"Oct 18, 2017","170.22","170.48","170.48","170.22","0.41K","-0.18%"
"Oct 17, 2017","170.52","170.00","171.00","170.00","0.48K","-0.56%"
"Oct 16, 2017","171.48","171.50","172.00","171.48","8.10K","-0.50%"
"Oct 13, 2017","172.34","171.50","172.48","171.50","0.40K","2.29%"
"Oct 12, 2017","168.48","168.50","169.02","168.00","3.60K","-0.43%"
"Oct 11, 2017","169.21","168.44","169.75","168.44","6.25K","0.43%"
"Oct 10, 2017","168.49","165.00","169.01","165.00","7.08K","4.85%"
"Oct 09, 2017","160.70","160.50","161.00","160.50","2.23K","0.12%"
"Oct 06, 2017","160.51","160.00","161.00","159.95","7.89K","-1.52%"
"Oct 05, 2017","162.98","164.00","164.00","162.00","2.26K","-0.82%"
"Oct 04, 2017","164.32","167.48","167.48","164.32","4.22K","1.13%"
"Oct 03, 2017","162.49","168.00","168.00","160.50","3.94K","-2.36%"
"Oct 02, 2017","166.41","170.00","170.00","166.41","2.27K","0.26%"
"Sep 29, 2017","165.98","165.00","167.50","164.50","5.08K","0.89%"
"Sep 28, 2017","164.51","162.50","164.51","162.50","0.63K","2.17%"
"Sep 27, 2017","161.01","160.00","161.01","160.00","0.56K","0.95%"
"Sep 26, 2017","159.49","163.50","164.00","159.49","4.18K","-3.54%"
"Sep 25, 2017","165.34","165.00","167.00","165.00","3.07K","-0.09%"
"Sep 22, 2017","165.49","163.00","166.00","163.00","1.29K","2.15%"
"Sep 21, 2017","162.01","160.00","163.00","160.00","1.24K","-1.81%"
"Sep 20, 2017","164.99","167.00","167.00","164.99","0.69K","-2.36%"
"Sep 19, 2017","168.98","170.00","170.00","168.98","4.06K","0.66%"
"Sep 18, 2017","167.88","168.00","169.50","167.75","2.22K","0.51%"
"Sep 15, 2017","167.02","170.98","170.98","166.98","2.69K","-0.57%"
"Sep 14, 2017","167.98","170.03","170.03","167.98","0.28K","-2.63%"
"Sep 13, 2017","172.52","174.00","174.00","172.50","4.18K","-1.72%"
"Sep 12, 2017","175.54","177.00","177.50","174.00","9.27K","0.02%"
"Sep 11, 2017","175.50","177.76","177.76","175.50","5.59K","0.69%"
"Sep 08, 2017","174.30","174.50","174.88","173.50","0.71K","-1.24%"
"Sep 07, 2017","176.48","177.50","177.50","176.00","2.32K","-0.12%"
"Sep 06, 2017","176.70","176.50","178.00","176.50","2.00K","-0.45%"
"Sep 05, 2017","177.50","177.00","178.03","177.00","1.23K","1.15%"
"Sep 04, 2017","175.48","175.00","176.00","174.94","1.34K","1.82%"
"Sep 01, 2017","172.35","176.09","176.09","171.99","7.70K","1.39%"
"Aug 31, 2017","169.98","165.50","171.00","165.50","3.69K","2.71%"
"Aug 30, 2017","165.49","165.50","165.50","165.49","1.34K","0.90%"
"Aug 29, 2017","164.01","165.00","165.00","164.01","0.56K","3.16%"
"Aug 25, 2017","158.99","160.00","161.00","158.99","1.37K","0.00%"
"Aug 24, 2017","158.99","159.06","160.50","158.99","3.96K","-0.51%"
"Aug 23, 2017","159.81","157.00","161.00","157.00","6.45K","1.15%"
"Aug 22, 2017","157.99","158.00","159.00","155.00","7.36K","-1.23%"
"Aug 21, 2017","159.95","155.00","161.50","155.00","11.67K","5.22%"
"Aug 18, 2017","152.02","151.00","154.50","150.00","4.37K","1.48%"
"Aug 17, 2017","149.81","150.00","150.50","149.56","1.84K","-0.12%"
"Aug 16, 2017","149.99","145.50","150.00","145.50","3.47K","3.45%"
"Aug 15, 2017","144.99","147.65","147.65","144.47","3.17K","-0.68%"
"Aug 14, 2017","145.99","142.50","146.50","142.50","9.54K","0.13%"
"Aug 11, 2017","145.80","148.50","148.50","143.50","4.33K","-3.28%"
"Aug 10, 2017","150.75","151.71","152.00","150.75","2.12K","1.39%"
"Aug 09, 2017","148.69","144.50","150.99","144.50","12.84K","4.64%"
"Aug 08, 2017","142.09","140.50","143.00","140.50","4.12K","0.42%"
"Aug 07, 2017","141.49","139.50","141.49","139.00","3.84K","0.15%"
"Aug 04, 2017","141.28","142.07","142.07","140.00","4.96K","2.38%"
"Aug 03, 2017","137.99","137.99","137.99","137.99","0.27K","-0.36%"
"Aug 02, 2017","138.49","137.50","138.49","137.50","1.10K","0.00%"
"Aug 01, 2017","138.49","138.07","138.50","135.00","1.52K","2.59%"
"Jul 31, 2017","134.99","136.56","136.56","134.50","1.11K","-1.10%"
"Jul 28, 2017","136.49","136.49","136.49","136.49","0.63K","-1.44%"
"Jul 27, 2017","138.49","140.00","140.00","138.49","0.36K","0.00%"
"Jul 26, 2017","138.49","138.50","139.55","138.49","1.80K","0.45%"
"Jul 25, 2017","137.87","138.50","138.50","137.87","0.65K","1.31%"
"Jul 24, 2017","136.09","137.00","138.53","135.00","2.30K","0.07%"
"Jul 21, 2017","135.99","138.50","138.50","135.50","0.87K","-1.09%"
"Jul 20, 2017","137.49","133.00","138.00","133.00","5.11K","4.86%"
"Jul 19, 2017","131.12","132.50","132.50","131.00","6.71K","-0.69%"
"Jul 18, 2017","132.03","132.50","132.50","131.00","1.55K","-0.35%"
"Jul 17, 2017","132.49","132.50","132.50","131.11","1.29K","3.11%"
"Jul 14, 2017","128.49","131.00","131.00","128.49","1.27K","-1.92%"
"Jul 13, 2017","131.01","129.00","131.01","129.00","3.08K","2.59%"
"Jul 12, 2017","127.70","127.50","127.99","127.00","2.68K","0.90%"
"Jul 11, 2017","126.56","128.50","129.35","126.00","2.59K","-2.64%"
"Jul 10, 2017","129.99","128.50","129.99","128.50","1.65K","1.83%"
"Jul 07, 2017","127.66","127.00","127.66","127.00","0.74K","0.91%"
"Jul 06, 2017","126.51","128.47","128.47","126.00","0.10K","-2.30%"
"Jul 05, 2017","129.49","129.97","130.50","129.49","0.97K","1.17%"
"Jul 04, 2017","127.99","128.00","129.00","127.99","0.76K","-0.02%"
"Jul 03, 2017","128.01","129.50","131.00","127.00","7.34K","0.43%"
"Jun 30, 2017","127.46","127.00","127.97","127.00","0.93K","0.68%"
"Jun 29, 2017","126.60","127.50","127.50","126.60","0.71K","0.07%"
"Jun 28, 2017","126.51","126.00","127.47","125.50","1.34K","-2.32%"
"Jun 27, 2017","129.51","134.50","134.50","129.00","1.28K","-5.32%"
"Jun 26, 2017","136.78","138.50","138.50","135.50","2.98K","0.20%"
"Jun 23, 2017","136.51","140.50","140.50","136.50","2.46K","-4.21%"
"Jun 22, 2017","142.51","141.50","142.51","140.00","0.98K","1.16%"
"Jun 21, 2017","140.88","140.88","141.47","138.50","7.30K","0.52%"
"Jun 20, 2017","140.15","139.47","141.01","138.00","8.07K","1.58%"
"Jun 16, 2017","137.97","136.50","141.50","136.50","3.80K","4.53%"
"Jun 15, 2017","131.99","134.00","136.50","131.50","9.13K","-2.00%"
"Jun 14, 2017","134.68","138.00","138.00","132.01","3.08K","-3.63%"
"Jun 13, 2017","139.75","140.56","141.00","137.00","4.23K","-3.29%"
"Jun 12, 2017","144.50","144.50","146.00","144.50","2.09K","-1.37%"
"Jun 09, 2017","146.51","145.50","146.51","145.00","1.07K","-0.68%"
"Jun 08, 2017","147.52","148.00","148.00","147.52","2.57K","0.69%"
"Jun 07, 2017","146.51","148.00","148.00","146.51","16.89K","0.67%"
"Jun 06, 2017","145.54","146.00","150.01","145.12","24.71K","-0.65%"
"Jun 02, 2017","146.49","142.00","146.49","142.00","17.49K","-3.01%"
"Jun 01, 2017","151.03","150.44","151.03","149.66","16.49K","3.35%"
"May 31, 2017","146.14","147.94","147.94","145.88","12.04K","-0.25%"
"May 30, 2017","146.51","146.50","151.49","146.50","13.36K","-3.29%"
"May 26, 2017","151.49","158.00","158.00","151.49","7.39K","-5.32%"
"May 24, 2017","160.01","163.50","163.50","160.00","4.66K","-3.89%"
"May 23, 2017","166.49","163.00","166.49","162.50","3.05K","1.83%"
"May 22, 2017","163.49","165.00","166.94","163.49","1.58K","-1.53%"
"May 19, 2017","166.03","164.50","167.50","164.50","1.00K","1.55%"
"May 18, 2017","163.49","165.00","166.00","163.00","4.20K","-1.51%"
"May 16, 2017","165.99","163.50","165.99","163.50","0.48K","3.01%"
"May 15, 2017","161.14","160.50","162.51","159.50","4.27K","-0.38%"
"May 12, 2017","161.75","159.50","162.50","158.00","20.49K","1.10%"
"May 11, 2017","159.99","161.00","161.00","159.50","1.70K","-3.23%"
"May 10, 2017","165.33","168.50","168.50","162.50","2.24K","-1.89%"
"May 09, 2017","168.52","164.00","168.52","164.00","2.24K","3.39%"
"May 08, 2017","162.99","163.00","165.53","160.50","8.74K","0.31%"
"May 05, 2017","162.49","162.49","162.49","162.49","0.10K","3.83%"
"May 04, 2017","156.49","157.00","157.00","156.49","0.88K","-0.96%"
"May 03, 2017","158.00","157.50","158.00","157.50","1.97K","-1.74%"
"May 02, 2017","160.80","160.50","162.00","159.50","2.01K","1.78%"
"Apr 28, 2017","157.99","160.00","160.00","157.99","1.82K","-0.32%"
"Apr 27, 2017","158.49","155.00","158.49","155.00","0.21K","0.94%"
"Apr 26, 2017","157.01","153.00","157.01","153.00","1.70K","4.62%"
"Apr 25, 2017","150.08","145.50","150.48","145.50","8.59K","3.25%"
"Apr 24, 2017","145.35","147.72","147.72","145.27","4.62K","0.25%"
"Apr 21, 2017","144.99","144.99","144.99","144.99","0.31K","-0.49%"
"Apr 20, 2017","145.71","146.00","146.00","144.99","1.12K","-0.19%"
"Apr 19, 2017","145.99","145.00","145.99","145.00","5.08K","-3.32%"
"Apr 18, 2017","151.01","151.50","152.00","151.00","2.27K","4.87%"
"Apr 12, 2017","144.00","144.00","144.00","144.00","0.10K","-0.70%"
"Apr 11, 2017","145.01","145.00","147.00","142.00","0.96K","-3.01%"
"Apr 10, 2017","149.51","151.00","151.00","149.51","1.20K","0.16%"
"Apr 07, 2017","149.27","144.00","153.00","144.00","33.06K","4.44%"
"Apr 06, 2017","142.93","142.50","144.59","142.00","3.49K","1.88%"
"Apr 05, 2017","140.29","138.50","142.00","138.50","5.51K","3.16%"
"Apr 04, 2017","135.99","136.00","137.00","134.50","0.68K","-0.74%"
"Apr 03, 2017","137.01","139.50","140.00","136.50","3.57K","-4.20%"
"Mar 31, 2017","143.01","144.50","144.50","142.00","2.34K","-3.14%"
"Mar 30, 2017","147.64","146.50","147.64","146.50","3.10K","-0.40%"
"Mar 29, 2017","148.23","150.00","150.00","145.50","3.29K","-1.19%"
"Mar 28, 2017","150.01","151.00","151.00","150.00","1.56K","-0.66%"
"Mar 27, 2017","151.01","150.00","151.01","148.00","1.53K","-1.94%"
"Mar 24, 2017","154.00","155.00","155.00","154.00","0.35K","-2.84%"
"Mar 23, 2017","158.50","161.00","161.00","158.50","0.68K","-1.86%"
"Mar 21, 2017","161.50","162.00","162.75","160.50","1.27K","0.94%"
"Mar 20, 2017","160.00","161.00","161.00","160.00","4.22K","-1.92%"
"Mar 17, 2017","163.14","162.50","164.00","162.50","1.53K","0.40%"
"Mar 16, 2017","162.49","165.00","165.00","162.49","0.72K","-0.32%"
"Mar 15, 2017","163.01","165.00","165.00","163.01","0.91K","-1.21%"
"Mar 14, 2017","165.00","165.00","165.00","165.00","0.07K","-0.60%"
"Mar 13, 2017","166.00","166.00","166.50","166.00","0.64K","-0.60%"
"Mar 10, 2017","167.00","170.00","170.00","167.00","0.55K","-2.04%"
"Mar 09, 2017","170.48","162.00","171.00","162.00","0.95K","4.27%"
"Mar 08, 2017","163.50","163.00","165.00","163.00","0.70K","-0.61%"
"Mar 07, 2017","164.51","164.50","165.00","164.00","0.58K","-1.50%"
"Mar 06, 2017","167.02","166.00","167.02","166.00","0.45K","-2.01%"
"Mar 03, 2017","170.45","168.50","170.45","168.50","1.00K","-0.49%"
"Mar 02, 2017","171.29","171.50","173.50","170.50","3.78K","-1.56%"
"Mar 01, 2017","174.00","173.50","174.00","173.50","0.02K","1.46%"
"Feb 28, 2017","171.50","168.50","171.50","168.00","0.67K","0.59%"
"Feb 27, 2017","170.50","169.50","170.50","169.50","0.22K","-0.58%"
"Feb 24, 2017","171.50","171.00","171.50","171.00","0.31K","-1.72%"
"Feb 23, 2017","174.50","175.00","176.50","173.50","0.61K","-1.12%"
"Feb 22, 2017","176.48","176.50","177.00","175.00","1.34K","1.72%"
"Feb 21, 2017","173.50","176.00","176.50","173.50","0.93K","-1.98%"
"Feb 20, 2017","177.00","178.00","178.00","177.00","0.63K","-0.56%"
"Feb 17, 2017","178.00","176.50","178.00","176.50","0.37K","0.66%"
"Feb 16, 2017","176.83","176.75","177.00","175.50","7.99K","-2.31%"
"Feb 15, 2017","181.02","178.00","181.50","178.00","2.45K","-0.55%"
"Feb 13, 2017","182.02","182.02","182.02","182.02","0.10K","1.11%"
"Feb 10, 2017","180.02","180.00","180.94","180.00","0.35K","0.07%"
"Feb 09, 2017","179.89","181.95","181.95","178.50","0.40K","-1.17%"
"Feb 08, 2017","182.02","182.44","183.00","182.02","0.75K","-0.06%"
"Feb 07, 2017","182.13","180.00","182.13","180.00","1.56K","0.06%"
"Feb 06, 2017","182.02","182.50","182.50","181.00","0.95K","-1.08%"
"Feb 03, 2017","184.00","184.00","184.00","184.00","0.19K","-0.10%"
"Feb 02, 2017","184.19","184.19","184.19","184.19","0.52K","-1.24%"
"Feb 01, 2017","186.50","186.50","186.50","186.50","0.04K","1.35%"
"Jan 31, 2017","184.02","184.02","184.02","184.02","0.23K","0.57%"
"Jan 27, 2017","182.98","183.50","184.00","182.98","1.09K","-2.67%"
"Jan 26, 2017","188.00","188.48","188.88","188.00","1.38K","-2.59%"
"Jan 25, 2017","193.00","193.00","193.00","193.00","0.10K","-2.76%"
"Jan 24, 2017","198.48","195.00","198.48","195.00","0.23K","0.76%"
"Jan 23, 2017","196.98","195.50","196.98","195.00","0.45K","-2.01%"
"Jan 20, 2017","201.02","199.50","201.02","199.50","0.55K","0.38%"
"Jan 19, 2017","200.25","204.42","204.42","200.25","0.85K","4.12%"
"Jan 18, 2017","192.32","199.50","199.50","192.32","0.58K","2.83%"
"Jan 17, 2017","187.02","189.50","190.00","187.02","0.31K","-2.09%"
"Jan 16, 2017","191.01","194.36","194.36","186.50","1.41K","-0.78%"
"Jan 13, 2017","192.52","196.50","196.50","192.52","0.61K","-0.86%"
"Jan 12, 2017","194.19","191.50","194.19","191.50","0.63K","3.01%"
"Jan 11, 2017","188.52","178.00","189.00","178.00","2.87K","6.20%"
"Jan 10, 2017","177.52","180.94","182.00","175.50","3.63K","-2.10%"
"Jan 09, 2017","181.32","186.44","186.44","176.00","10.03K","-3.81%"
"Jan 06, 2017","188.50","189.00","189.00","187.50","0.84K","-1.09%"
"Jan 05, 2017","190.57","188.12","190.57","188.12","1.11K","-1.77%"
"Jan 04, 2017","194.00","194.50","194.50","193.50","1.01K","-2.68%"
"Dec 28, 2016","199.35","199.50","203.06","199.35","0.37K","0.94%"
"Dec 23, 2016","197.50","198.00","198.00","197.00","0.86K","1.02%"
"Dec 22, 2016","195.50","196.00","196.00","195.50","0.38K","-0.48%"
"Dec 21, 2016","196.44","198.50","198.50","196.00","2.43K","0.32%"
"Dec 20, 2016","195.81","197.00","197.00","195.00","0.73K","0.42%"
"Dec 19, 2016","195.00","194.50","196.00","194.50","0.59K","2.16%"
"Dec 16, 2016","190.88","190.50","190.88","190.00","0.57K","-0.06%"
"Dec 15, 2016","191.00","192.00","192.50","191.00","1.09K","0.22%"
"Dec 14, 2016","190.59","191.00","191.00","190.50","0.65K","-0.05%"
"Dec 13, 2016","190.68","191.00","191.00","190.68","1.37K","0.89%"
"Dec 12, 2016","189.00","190.50","191.25","188.50","1.70K","-0.94%"
"Dec 09, 2016","190.80","189.00","193.00","189.00","1.85K","-0.10%"
"Dec 08, 2016","191.00","196.40","196.40","190.00","3.08K","-0.79%"
"Dec 07, 2016","192.53","195.00","195.00","188.50","4.62K","-2.09%"
"Dec 06, 2016","196.64","196.64","196.64","196.64","0.56K","-2.13%"
"Dec 05, 2016","200.91","201.50","202.00","200.25","1.14K","1.22%"
"Dec 02, 2016","198.48","195.50","199.00","195.50","1.22K","-0.26%"
"Nov 30, 2016","199.00","202.00","205.50","199.00","7.90K","-1.49%"
"Nov 29, 2016","202.00","201.00","202.00","201.00","0.40K","0.49%"
"Nov 28, 2016","201.02","201.00","201.56","201.00","0.87K","-0.12%"
"Nov 25, 2016","201.27","201.00","203.94","201.00","2.90K","0.37%"
"Nov 24, 2016","200.52","202.94","202.94","200.50","1.03K","0.32%"
"Nov 23, 2016","199.88","203.94","204.38","199.50","4.13K","-1.29%"
"Nov 22, 2016","202.49","202.00","202.75","202.00","1.08K","0.07%"
"Nov 21, 2016","202.35","200.75","203.00","200.75","5.00K","1.19%"
"Nov 18, 2016","199.98","201.50","202.00","199.94","6.82K","0.29%"
"Nov 17, 2016","199.40","197.00","200.00","197.00","1.91K","-0.10%"
"Nov 16, 2016","199.59","207.00","207.00","199.00","1.87K","-2.64%"
"Nov 15, 2016","205.00","204.50","207.00","203.88","1.31K","4.70%"
"Nov 14, 2016","195.79","193.50","195.79","192.94","4.75K","3.32%"
"Nov 11, 2016","189.50","183.00","189.50","183.00","2.37K","0.53%"
"Nov 10, 2016","188.50","194.50","194.50","188.50","1.02K","0.53%"
"Nov 09, 2016","187.50","181.31","187.50","181.31","2.52K","4.09%"
"Nov 08, 2016","180.14","180.50","180.88","178.00","8.40K","-0.23%"
"Nov 07, 2016","180.55","180.00","180.55","179.50","0.87K","2.52%"
"Nov 04, 2016","176.12","178.50","178.50","175.00","1.99K","-3.50%"
"Nov 03, 2016","182.50","182.50","183.00","181.00","0.55K","0.66%"
"Nov 02, 2016","181.31","182.50","182.50","180.50","2.16K","-0.59%"
"Nov 01, 2016","182.38","183.00","183.25","181.75","3.97K","-0.20%"
"Oct 31, 2016","182.74","182.74","182.74","182.74","2.06K","-1.92%"
"Oct 28, 2016","186.32","187.50","187.50","186.32","2.10K","3.26%"
"Oct 27, 2016","180.44","184.00","185.00","178.00","4.79K","-1.87%"
"Oct 26, 2016","183.87","182.50","187.00","179.00","6.01K","1.02%"
"Oct 25, 2016","182.02","178.00","182.02","178.00","0.83K","3.96%"
"Oct 24, 2016","175.08","177.00","177.00","175.00","1.61K","3.87%"
"Oct 20, 2016","168.55","169.06","169.14","168.55","7.00K","0.93%"
"Oct 19, 2016","167.00","165.00","168.50","165.00","1.31K","-0.24%"
"Oct 18, 2016","167.40","168.00","168.00","167.21","15.00K","1.73%"
"Oct 17, 2016","164.56","158.00","164.56","158.00","2.55K","4.48%"
"Oct 14, 2016","157.50","153.50","158.00","153.00","1.48K","5.70%"
"Oct 11, 2016","149.00","149.00","149.00","149.00","0.38K","1.02%"
"Oct 10, 2016","147.50","147.00","148.00","146.50","0.94K","2.43%"
"Oct 07, 2016","144.00","144.50","144.50","144.00","1.24K","1.50%"
"Oct 06, 2016","141.87","141.00","142.50","141.00","0.08K","0.62%"
"Oct 04, 2016","141.00","140.00","141.50","140.00","2.80K","-0.35%"
"Oct 03, 2016","141.50","143.50","144.00","141.50","0.89K","1.10%"