Date,Close, Open, High, Low
2014-05-06,2172.75,1949.75,2205.75,1835.0
2014-05-07,2149.0,2152.25,2152.25,2146.0
2014-05-08,2141.75,2150.0,2150.0,2130.0
2014-05-09,2107.25,2133.5,2133.5,2125.0
2014-05-12,2088.25,2086.0,2086.0,2086.0
2014-05-13,2085.25,2085.25,2085.25,2085.25
2014-05-14,2110.0,2145.0,2145.5,2145.0
2014-05-15,2115.5,2142.75,2142.75,2142.75
2014-05-16,2106.25,2106.25,2106.25,2106.25
2014-05-19,2113.75,2113.75,2113.75,2113.75
2014-05-20,2106.75,2106.75,2106.75,2106.75
2014-05-21,2106.75,2106.75,2106.75,2106.75
2014-05-22,2136.0,2123.0,2130.5,2123.0
2014-05-23,2150.0,2154.75,2154.75,2153.0
2014-05-27,2159.25,2158.0,2158.0,2158.0
2014-05-28,2174.25,2171.5,2178.5,2167.25
2014-05-29,2179.25,2179.25,2179.25,2179.25
2014-05-30,2177.25,2177.25,2177.25,2177.25
2014-06-02,2186.0,2186.0,2186.0,2186.0
2014-06-03,2198.0,2204.0,2204.0,2204.0
2014-06-04,2189.75,2189.75,2189.75,2189.75
2014-06-05,2201.0,2201.0,2201.0,2201.0
2014-06-06,2222.25,2222.25,2222.25,2222.25
2014-06-09,2257.0,2261.75,2261.75,2261.75
2014-06-10,2250.75,2250.75,2250.75,2250.75
2014-06-11,2222.25,2224.5,2224.5,2224.5
2014-06-12,2183.0,2183.0,2183.0,2183.0
2014-06-13,2190.25,2190.25,2190.25,2190.25
2014-06-16,2206.75,2192.5,2202.75,2192.5
2014-06-17,2195.75,2196.25,2196.25,2190.75
2014-06-18,2211.0,2211.0,2211.0,2211.0
2014-06-19,2225.75,2225.75,2225.75,2225.75
2014-06-20,2221.5,2221.5,2221.5,2221.5
2014-06-23,2231.25,2238.25,2238.25,2238.25
2014-06-24,2247.5,2247.5,2247.5,2247.5
2014-06-25,2236.0,2236.0,2236.0,2236.0
2014-06-26,2237.25,2237.25,2237.25,2237.25
2014-06-27,2228.75,2228.75,2228.75,2228.75
2014-06-30,2238.75,2238.75,2238.75,2238.75
2014-07-01,2227.25,2227.25,2227.25,2227.25
2014-07-02,2262.5,2262.5,2262.5,2262.5
2014-07-03,2275.25,2275.25,2275.25,2275.25
2014-07-07,2264.25,2264.25,2264.25,2264.25
2014-07-08,2277.25,2277.25,2277.25,2277.25
2014-07-09,2273.0,2273.0,2273.0,2273.0
2014-07-10,2270.0,2270.0,2270.0,2270.0
2014-07-11,2285.75,2285.75,2285.75,2285.75
2014-07-14,2287.0,2287.0,2287.0,2287.0
2014-07-15,2289.25,2289.25,2289.25,2289.25
2014-07-16,2305.5,2305.5,2305.5,2305.5
2014-07-17,2319.5,2319.5,2319.5,2319.5
2014-07-18,2323.75,2311.25,2311.25,2311.25
2014-07-21,2361.25,2361.25,2361.25,2361.25
2014-07-22,2381.25,2381.25,2381.25,2381.25
2014-07-23,2357.5,2360.75,2370.75,2360.75
2014-07-24,2388.25,2388.25,2388.25,2388.25
2014-07-25,2367.0,2367.0,2367.0,2367.0
2014-07-28,2377.75,2377.75,2377.75,2377.75
2014-07-29,2342.75,2342.0,2342.0,2342.0
2014-07-30,2376.5,2376.5,2376.5,2376.5
2014-07-31,2346.75,2346.75,2346.75,2346.75
2014-08-01,2338.25,2338.25,2338.25,2338.25
2014-08-04,2382.0,2382.0,2382.0,2382.0
2014-08-05,2364.0,2364.0,2364.0,2364.0
2014-08-06,2374.75,2374.75,2374.75,2374.75
2014-08-07,2373.75,2373.75,2373.75,2373.75
2014-08-08,2370.0,2370.0,2370.0,2370.0
2014-08-11,2383.0,2383.0,2383.0,2383.0
2014-08-12,2387.0,2387.0,2387.0,2387.0
2014-08-13,2363.5,2363.5,2363.5,2363.5
2014-08-14,2327.75,2327.75,2327.75,2327.75
2014-08-15,2324.0,2324.0,2324.0,2324.0
2014-08-18,2341.5,2341.5,2341.5,2341.5
2014-08-19,2364.25,2355.5,2355.5,2355.5
2014-08-20,2401.75,2401.75,2401.75,2401.75
2014-08-21,2387.75,2387.75,2387.75,2387.75
2014-08-22,2405.5,2405.5,2405.5,2405.5
2014-08-25,2405.5,2405.5,2405.5,2405.5
2014-08-26,2448.5,2448.0,2448.0,2448.0
2014-08-27,2452.5,2440.0,2440.0,2440.0
2014-08-28,2444.5,2444.5,2444.5,2444.5
2014-08-29,2461.0,2461.0,2461.0,2461.0
2014-09-02,2474.5,2474.5,2474.5,2474.5
2014-09-03,2458.75,2458.75,2458.75,2458.75
2014-09-04,2484.25,2484.25,2484.25,2484.25
2014-09-05,2463.75,2463.75,2463.75,2463.75
2014-09-08,2478.5,2478.5,2478.5,2478.5
2014-09-09,2450.25,2450.25,2450.25,2450.25
2014-09-10,2423.5,2423.5,2423.5,2423.5
2014-09-11,2411.5,2411.5,2411.5,2411.5
2014-09-12,2399.0,2405.5,2405.5,2405.5
2014-09-15,2358.0,2366.25,2366.25,2366.25
2014-09-16,2386.25,2349.5,2381.0,2349.5
2014-09-17,2355.5,2364.0,2364.0,2364.0
2014-09-18,2340.5,2345.5,2348.25,2345.5
2014-09-19,2335.75,2335.75,2335.75,2335.75
2014-09-22,2334.0,2318.0,2334.75,2318.0
2014-09-23,2327.0,2324.75,2324.75,2322.5
2014-09-24,2341.75,2341.75,2341.75,2341.75
2014-09-25,2316.5,2326.75,2326.75,2326.75
2014-09-26,2314.5,2314.5,2314.5,2314.5
2014-09-29,2328.25,2328.25,2328.25,2328.25
2014-09-30,2320.5,2320.5,2320.5,2320.5
2014-10-01,2291.75,2291.75,2291.75,2291.75
2014-10-02,2285.5,2285.5,2285.5,2285.5
2014-10-03,2307.5,2307.5,2307.5,2307.5
2014-10-06,2311.5,2304.0,2304.0,2304.0
2014-10-07,2331.75,2307.25,2307.25,2307.25
2014-10-08,2319.5,2319.5,2319.5,2319.5
2014-10-09,2331.75,2331.75,2331.75,2331.75
2014-10-10,2317.0,2317.0,2317.0,2317.0
2014-10-13,2329.0,2329.0,2329.0,2329.0
2014-10-14,2333.5,2333.5,2333.5,2333.5
2014-10-15,2308.75,2308.75,2308.75,2308.75
2014-10-16,2297.25,2297.25,2297.25,2297.25
2014-10-17,2358.75,2358.75,2358.75,2358.75
2014-10-20,2365.75,2365.75,2365.75,2365.75
2014-10-21,2385.5,2385.5,2385.5,2385.5
2014-10-22,2405.75,2405.75,2405.75,2405.75
2014-10-23,2405.75,2405.75,2405.75,2405.75
2014-10-24,2368.75,2368.75,2368.75,2368.75
2014-10-27,2380.75,2380.75,2380.75,2380.75
2014-10-28,2404.0,2404.25,2404.25,2404.25
2014-10-29,2437.5,2444.25,2444.25,2440.75
2014-10-30,2429.75,2422.0,2426.0,2422.0
2014-10-31,2453.5,2438.75,2438.75,2438.75
2014-11-03,2468.5,2471.25,2471.25,2471.25
2014-11-04,2449.5,2449.5,2449.5,2449.5
2014-11-05,2452.25,2458.5,2458.5,2458.5
2014-11-06,2467.75,2467.75,2467.75,2467.75
2014-11-07,2452.25,2452.25,2452.25,2452.25
2014-11-10,2421.0,2421.0,2421.0,2421.0
2014-11-11,2427.5,2427.5,2427.5,2427.5
2014-11-12,2445.25,2445.25,2445.25,2445.25
2014-11-13,2427.25,2427.25,2427.25,2427.25
2014-11-14,2403.75,2403.75,2403.75,2403.75
2014-11-17,2421.0,2421.0,2421.0,2421.0
2014-11-18,2402.5,2400.0,2409.0,2400.0
2014-11-19,2409.25,2409.25,2409.25,2409.25
2014-11-20,2422.25,2422.25,2422.25,2422.25
2014-11-21,2434.25,2440.0,2440.0,2440.0
2014-11-24,2424.5,2424.5,2424.5,2424.5
2014-11-25,2427.5,2440.0,2440.0,2440.0
2014-11-26,2428.0,2425.0,2425.0,2425.0
2014-11-28,2368.25,2413.25,2413.25,2341.75
2014-12-01,2367.75,2367.75,2413.25,2341.75
2014-12-02,2326.5,2334.75,2335.25,2333.25
2014-12-03,2308.25,2308.25,2308.25,2308.25
2014-12-04,2342.0,2342.0,2342.0,2342.0
2014-12-05,2331.75,2331.75,2331.75,2331.75
2014-12-08,2312.75,2312.75,2312.75,2312.75
2014-12-09,2322.75,2326.5,2326.5,2326.5
2014-12-10,2309.25,2309.25,2309.25,2309.25
2014-12-11,2297.75,2297.75,2297.75,2297.75
2014-12-12,2288.25,2288.25,2288.25,2288.25
2014-12-15,2271.25,2271.25,2271.25,2271.25
2014-12-16,2252.5,2252.5,2252.5,2252.5
2014-12-17,2268.25,2268.25,2268.25,2268.25
2014-12-18,2255.5,2255.5,2255.5,2255.5
2014-12-19,2255.0,2255.0,2255.0,2255.0
2014-12-22,2233.5,2248.75,2248.75,2248.75
2014-12-23,2223.75,2223.75,2223.75,2223.75
2014-12-24,2214.75,2214.75,2214.75,2214.75
2014-12-26,2218.0,2218.0,2218.0,2218.0
2014-12-29,2212.25,2212.25,2212.25,2212.25
2014-12-30,2208.5,2208.5,2208.5,2208.5
2014-12-31,2211.0,2211.0,2211.0,2211.0
2015-01-02,2185.5,2185.5,2185.5,2185.5
2015-01-05,2165.25,2165.25,2165.25,2165.25
2015-01-06,2147.0,2147.0,2147.0,2147.0
2015-01-07,2163.75,2163.75,2163.75,2163.75
2015-01-08,2201.5,2201.5,2201.5,2201.5
2015-01-09,2189.0,2194.75,2199.25,2194.75
2015-01-12,2197.75,2197.75,2197.75,2197.75
2015-01-13,2186.75,2186.75,2186.75,2186.75
2015-01-14,2166.25,2166.25,2166.25,2166.25
2015-01-15,2198.0,2198.0,2198.0,2198.0
2015-01-16,2234.25,2234.25,2234.25,2234.25
2015-01-20,2230.0,2230.0,2230.0,2230.0
2015-01-21,2249.75,2249.75,2249.75,2249.75
2015-01-22,2246.0,2246.0,2246.0,2246.0
2015-01-23,2199.25,2199.25,2199.25,2199.25
2015-01-26,2253.0,2253.0,2253.0,2253.0
2015-01-27,2236.75,2236.75,2236.75,2236.75
2015-01-28,2230.0,2231.25,2231.25,2231.25
2015-01-29,2209.5,2209.5,2209.5,2209.5
2015-01-30,2255.5,2234.25,2234.25,2234.25
2015-02-02,2257.5,2257.5,2257.5,2257.5
2015-02-03,2271.75,2275.0,2276.5,2274.5
2015-02-04,2239.25,2238.5,2238.5,2235.5
2015-02-05,2246.75,2221.0,2240.0,2217.0
2015-02-06,2230.25,2240.25,2240.25,2230.0
2015-02-09,2225.75,2236.0,2236.0,2233.0
2015-02-10,2182.0,2182.0,2182.0,2182.0
2015-02-11,2160.25,2160.25,2160.25,2160.25
2015-02-12,2188.0,2188.0,2188.0,2188.0
2015-02-13,2185.75,2185.75,2185.75,2185.75
2015-02-17,2127.75,2127.75,2127.75,2127.75
2015-02-18,2069.5,2069.5,2069.5,2069.5
2015-02-19,2069.75,2069.75,2069.75,2069.75
2015-02-20,2112.25,2112.25,2112.25,2112.25
2015-02-23,2075.75,2075.75,2075.75,2075.75
2015-02-24,2069.5,2069.5,2069.5,2069.5
2015-02-25,2077.5,2077.5,2077.5,2077.5
2015-02-26,2106.75,2106.75,2106.75,2106.75
2015-02-27,2075.75,2075.75,2075.75,2075.75
2015-03-02,2074.0,2074.0,2074.0,2074.0
2015-03-03,2109.5,2109.5,2109.5,2109.5
2015-03-04,2074.0,2074.0,2074.0,2074.0
2015-03-05,2070.5,2070.5,2070.5,2070.5
2015-03-06,2058.5,2058.5,2058.5,2058.5
2015-03-09,2081.25,2081.25,2081.25,2081.25
2015-03-10,2031.5,2031.5,2031.5,2031.5
2015-03-11,2028.25,2028.25,2028.25,2028.25
2015-03-12,2011.25,2011.25,2011.25,2011.25
2015-03-13,2027.25,2027.25,2027.25,2027.25
2015-03-16,2033.5,2033.5,2033.5,2033.5
2015-03-17,2042.5,2042.5,2042.5,2042.5
2015-03-18,2042.25,2042.25,2042.25,2042.25
2015-03-19,2062.5,2062.5,2062.5,2062.5
2015-03-20,2087.5,2087.5,2087.5,2087.5
2015-03-23,2084.25,2084.25,2084.25,2084.25
2015-03-24,2084.0,2084.0,2084.0,2084.0
2015-03-25,2035.75,2035.75,2035.75,2035.75
2015-03-26,2059.0,2059.0,2059.0,2059.0
2015-03-27,2039.5,2039.5,2039.5,2039.5
2015-03-30,2048.5,2048.5,2048.5,2048.5
2015-03-31,2060.25,2060.25,2060.25,2060.25
2015-04-01,2033.75,2033.75,2033.75,2033.75
2015-04-02,2033.0,2033.0,2033.0,2033.0
2015-04-06,2033.0,2033.0,2033.0,2033.0
2015-04-07,2043.25,2043.25,2043.25,2043.25
2015-04-08,2019.0,2019.0,2019.0,2019.0
2015-04-09,2017.0,2017.0,2017.0,2017.0
2015-04-10,1994.0,1994.0,1994.0,1994.0
2015-04-13,1987.75,1987.75,1987.75,1987.75
2015-04-14,1999.5,1999.5,1999.5,1999.5
2015-04-15,2023.75,2019.75,2019.75,2019.75
2015-04-16,2003.5,2003.5,2003.5,2003.5
2015-04-17,1996.75,1996.75,1996.75,1996.75
2015-04-20,1992.75,1992.75,1992.75,1992.75
2015-04-21,1990.25,1990.25,1990.25,1990.25
2015-04-22,1983.5,1983.5,1983.5,1983.5
2015-04-23,1967.0,1967.0,1967.0,1967.0
2015-04-24,2000.0,2000.0,2000.0,2000.0
2015-04-27,2000.0,2000.0,2000.0,2000.0
2015-04-28,2050.0,2050.0,2050.0,2050.0
2015-04-29,2018.5,2034.0,2034.0,2034.0
2015-04-30,2035.25,2035.25,2035.25,2035.25
2015-05-01,2033.75,2033.75,2033.75,2033.75
2015-05-04,2033.75,2033.75,2033.75,2033.75
2015-05-05,2079.25,2097.0,2114.5,2097.0
2015-05-06,2049.25,2049.25,2049.25,2049.25
2015-05-07,2012.0,2012.0,2012.0,2012.0
2015-05-08,2013.25,2013.25,2013.25,2013.25
2015-05-11,2001.75,2001.75,2001.75,2001.75
2015-05-12,2018.25,2018.25,2018.25,2018.25
2015-05-13,2006.5,2006.5,2006.5,2006.5
2015-05-14,1990.0,1990.0,1990.0,1990.0
2015-05-15,1973.25,1973.25,1973.25,1973.25
2015-05-18,1938.25,1938.25,1938.25,1938.25
2015-05-19,1938.25,1938.25,1938.25,1938.25
2015-05-20,1876.75,1876.75,1876.75,1876.75
2015-05-21,1875.0,1875.0,1875.0,1875.0
2015-05-22,1867.25,1867.25,1867.25,1867.25
2015-05-26,1850.25,1850.25,1850.25,1850.25
2015-05-27,1835.75,1835.75,1835.75,1835.75
2015-05-28,1874.25,1874.25,1874.25,1874.25
2015-05-29,1835.0,1845.0,1845.0,1845.0
2015-06-01,1889.25,1889.25,1889.25,1889.25
2015-06-02,1866.0,1866.0,1866.0,1866.0
2015-06-03,1875.5,1875.5,1875.5,1875.5
2015-06-04,1860.25,1860.25,1860.25,1860.25
2015-06-05,1868.25,1868.25,1868.25,1868.25
2015-06-08,1815.25,1815.25,1815.25,1815.25
2015-06-09,1851.5,1851.5,1851.5,1851.5
2015-06-10,1866.75,1855.0,1855.0,1855.0
2015-06-11,1843.5,1843.5,1843.5,1843.5
2015-06-12,1849.75,1849.75,1849.75,1849.75
2015-06-15,1823.5,1823.5,1823.5,1823.5
2015-06-16,1824.5,1824.5,1824.5,1824.5
2015-06-17,1812.5,1815.0,1815.0,1815.0
2015-06-18,1815.0,1824.0,1824.0,1824.0
2015-06-19,1792.5,1792.5,1792.5,1792.5
2015-06-22,1809.75,1809.75,1809.75,1809.75
2015-06-23,1837.5,1837.5,1837.5,1837.5
2015-06-24,1823.25,1830.0,1830.0,1830.0
2015-06-25,1822.25,1822.25,1822.25,1822.25
2015-06-26,1827.75,1827.75,1827.75,1827.75
2015-06-29,1813.0,1813.0,1813.0,1813.0
2015-06-30,1804.75,1804.75,1804.75,1804.75
2015-07-01,1836.25,1836.25,1836.25,1836.25
2015-07-02,1831.5,1831.5,1831.5,1831.5
2015-07-06,1804.5,1804.5,1804.5,1804.5
2015-07-07,1769.5,1769.5,1769.5,1769.5
2015-07-08,1770.5,1770.5,1770.5,1770.5
2015-07-09,1793.5,1793.5,1793.5,1793.5
2015-07-10,1781.0,1755.0,1755.0,1755.0
2015-07-13,1797.5,1797.5,1797.5,1797.5
2015-07-14,1791.5,1791.5,1791.5,1791.5
2015-07-15,1778.75,1778.0,1778.0,1778.0
2015-07-16,1775.5,1768.0,1768.0,1768.0
2015-07-17,1775.0,1775.0,1775.0,1775.0
2015-07-20,1763.0,1763.0,1763.0,1763.0
2015-07-21,1717.5,1717.5,1717.5,1717.5
2015-07-22,1712.0,1712.0,1712.0,1712.0
2015-07-23,1717.0,1717.0,1717.0,1717.0
2015-07-24,1721.5,1721.5,1721.5,1721.5
2015-07-27,1721.75,1722.0,1722.0,1722.0
2015-07-28,1733.25,1733.25,1733.25,1733.25
2015-07-29,1733.0,1732.5,1732.5,1732.5
2015-07-30,1758.5,1758.5,1758.5,1758.5
2015-07-31,1733.0,1733.0,1733.0,1733.0
2015-08-03,1718.5,1718.5,1718.5,1718.5
2015-08-04,1724.25,1724.25,1724.25,1724.25
2015-08-05,1702.75,1702.75,1702.75,1702.75
2015-08-06,1711.25,1711.25,1711.25,1711.25
2015-08-07,1686.0,1686.0,1686.0,1686.0
2015-08-10,1735.5,1708.75,1708.75,1708.75
2015-08-11,1705.0,1705.0,1705.0,1705.0
2015-08-12,1707.25,1707.25,1707.25,1707.25
2015-08-13,1680.0,1680.0,1680.0,1680.0
2015-08-14,1685.75,1685.75,1685.75,1685.75
2015-08-17,1675.0,1675.0,1675.0,1675.0
2015-08-18,1662.25,1662.25,1662.25,1662.25
2015-08-19,1664.0,1664.0,1664.0,1664.0
2015-08-20,1670.0,1661.0,1661.0,1659.0
2015-08-21,1642.5,1642.5,1642.5,1642.5
2015-08-24,1612.0,1612.0,1612.0,1612.0
2015-08-25,1645.5,1645.5,1645.5,1645.5
2015-08-26,1622.0,1622.0,1622.0,1622.0
2015-08-27,1655.5,1655.5,1655.5,1655.5
2015-08-28,1699.5,1699.5,1699.5,1699.5
2015-08-31,1699.5,1699.5,1699.5,1699.5
2015-09-01,1701.0,1701.0,1701.0,1701.0
2015-09-02,1690.5,1690.5,1690.5,1690.5
2015-09-03,1724.0,1724.0,1724.0,1724.0
2015-09-04,1699.5,1699.5,1699.5,1699.5
2015-09-08,1708.5,1708.5,1708.5,1708.5
2015-09-09,1716.5,1716.5,1716.5,1716.5
2015-09-10,1717.25,1717.25,1717.25,1717.25
2015-09-11,1716.0,1716.0,1716.0,1716.0
2015-09-14,1702.5,1702.5,1702.5,1702.5
2015-09-15,1692.0,1692.0,1692.0,1692.0
2015-09-16,1718.5,1718.5,1718.5,1718.5
2015-09-17,1715.0,1715.0,1715.0,1715.0
2015-09-18,1706.0,1706.0,1706.0,1706.0
2015-09-21,1698.5,1698.5,1698.5,1698.5
2015-09-22,1669.5,1669.5,1669.5,1669.5
2015-09-23,1657.0,1657.0,1657.0,1657.0
2015-09-24,1658.5,1658.5,1658.5,1658.5
2015-09-25,1646.5,1646.5,1646.5,1646.5
2015-09-28,1623.5,1649.0,1649.0,1649.0
2015-09-29,1634.0,1634.0,1634.0,1634.0
2015-09-30,1643.5,1643.5,1643.5,1643.5
2015-10-01,1633.0,1633.0,1633.0,1633.0
2015-10-02,1609.0,1609.0,1609.0,1609.0
2015-10-05,1618.75,1608.0,1608.0,1608.0
2015-10-06,1616.25,1616.25,1616.25,1616.25
2015-10-07,1627.0,1615.0,1615.0,1615.0
2015-10-08,1620.0,1622.0,1622.0,1622.0
2015-10-09,1681.25,1680.0,1680.0,1680.0
2015-10-12,1672.0,1683.0,1683.0,1683.0
2015-10-13,1658.5,1658.5,1658.5,1658.5
2015-10-14,1658.5,1658.5,1658.5,1658.5
2015-10-15,1648.75,1648.75,1648.75,1648.75
2015-10-16,1646.5,1646.5,1646.5,1646.5
2015-10-19,1617.5,1617.5,1617.5,1617.5
2015-10-20,1602.0,1613.0,1613.0,1604.0
2015-10-21,1602.5,1603.5,1603.5,1600.0
2015-10-22,1587.5,1587.5,1587.5,1587.5
2015-10-23,1583.0,1583.0,1583.0,1583.0
2015-10-26,1576.25,1576.25,1576.25,1576.25
2015-10-27,1577.5,1577.5,1577.5,1577.5
2015-10-28,1578.75,1578.75,1578.75,1578.75
2015-10-29,1572.5,1572.5,1572.5,1572.5
2015-10-30,1575.0,1575.0,1575.0,1575.0
2015-11-02,1586.75,1586.75,1586.75,1586.75
2015-11-03,1611.5,1602.5,1602.5,1602.5
2015-11-04,1627.0,1627.0,1627.0,1627.0
2015-11-05,1634.5,1634.5,1634.5,1634.5
2015-11-06,1657.75,1657.75,1657.75,1657.75
2015-11-09,1664.25,1664.25,1664.25,1664.25
2015-11-10,1649.5,1649.5,1649.5,1649.5
2015-11-11,1658.25,1658.25,1658.25,1658.25
2015-11-12,1633.5,1633.5,1633.5,1633.5
2015-11-13,1632.0,1632.0,1632.0,1632.0
2015-11-16,1608.75,1608.75,1608.75,1608.75
2015-11-17,1616.5,1616.5,1616.5,1616.5
2015-11-18,1615.25,1615.25,1615.25,1615.25
2015-11-19,1609.0,1609.0,1609.0,1609.0
2015-11-20,1589.5,1633.25,1633.25,1619.5
2015-11-23,1579.5,1579.5,1579.5,1579.5
2015-11-24,1591.5,1595.25,1595.25,1595.0
2015-11-25,1610.0,1590.75,1612.5,1590.75
2015-11-27,1624.0,1623.5,1623.5,1616.75
2015-11-30,1601.5,1612.75,1612.75,1602.25
2015-12-01,1630.25,1599.0,1636.0,1599.0
2015-12-02,1646.75,1637.75,1651.25,1635.75
2015-12-03,1634.5,1639.5,1642.0,1639.5
2015-12-04,1669.5,1671.75,1679.25,1667.75
2015-12-07,1641.5,1641.5,1641.5,1641.5
2015-12-08,1628.25,1628.25,1628.25,1628.25
2015-12-09,1643.25,1643.25,1643.25,1643.25
2015-12-10,1641.75,1635.75,1635.75,1633.75
2015-12-11,1636.5,1636.5,1636.5,1636.5
2015-12-14,1645.0,1645.0,1645.0,1645.0
2015-12-15,1626.0,1628.5,1628.5,1628.5
2015-12-16,1640.0,1638.0,1651.0,1638.0
2015-12-17,1629.0,1629.0,1629.0,1629.0
2015-12-18,1657.0,1654.0,1654.0,1654.0
2015-12-21,1664.25,1664.25,1664.25,1664.25
2015-12-22,1654.5,1664.0,1664.0,1664.0
2015-12-23,1680.0,1677.75,1681.75,1672.25
2015-12-24,1697.75,1697.25,1698.25,1697.25
2015-12-28,1697.75,1697.75,1697.75,1697.75
2015-12-29,1670.75,1686.75,1686.75,1683.5
2015-12-30,1670.75,1670.75,1670.75,1670.75
2015-12-31,1697.5,1697.5,1697.5,1697.5
2016-01-05,1697.5,1697.5,1697.5,1697.5
2016-01-06,1697.5,1697.5,1697.5,1697.5
2016-01-07,1697.5,1697.5,1697.5,1697.5
2016-01-08,1697.5,1697.5,1697.5,1697.5
2016-01-12,1697.5,1697.5,1697.5,1697.5
2016-01-13,1697.5,1697.5,1697.5,1697.5
2016-01-14,1697.5,1697.5,1697.5,1697.5
2016-01-15,1609.5,1613.0,1613.0,1613.0
2016-01-19,1620.0,1630.5,1631.5,1630.5
2016-01-20,1605.5,1605.5,1605.5,1605.5
2016-01-21,1618.75,1607.25,1607.25,1607.25
2016-01-22,1620.0,1631.5,1631.5,1631.5
2016-01-25,1612.25,1612.25,1612.25,1612.25
2016-01-26,1627.75,1626.5,1626.5,1625.25
2016-01-27,1650.0,1642.0,1642.0,1642.0
2016-01-28,1639.75,1647.0,1647.0,1647.0
2016-01-29,1643.25,1644.75,1644.75,1644.75
2016-02-02,1697.5,1697.5,1697.5,1697.5
2016-02-03,1697.5,1697.5,1697.5,1697.5
2016-02-04,1697.5,1697.5,1697.5,1697.5
2016-02-05,1697.5,1697.5,1697.5,1697.5
2016-02-08,1617.25,1617.25,1617.25,1617.25
2016-02-09,1591.75,1620.75,1620.75,1589.5
2016-02-10,1591.75,1591.75,1591.75,1591.75
2016-02-11,1697.5,1697.5,1697.5,1697.5
2016-02-12,1697.5,1697.5,1697.5,1697.5
2016-02-16,1626.0,1640.0,1640.0,1636.0
2016-02-17,1615.25,1614.0,1614.0,1611.25
2016-02-18,1612.25,1613.5,1613.5,1613.5
2016-02-19,1630.75,1635.5,1639.25,1635.5
2016-02-22,1662.5,1648.0,1648.0,1647.25
2016-02-23,1631.25,1660.0,1660.0,1660.0
2016-02-24,1654.0,1649.0,1649.0,1649.0
2016-02-25,1644.5,1659.75,1659.75,1644.0
2016-02-26,1644.5,1644.5,1644.5,1644.5
2016-03-01,1697.5,1697.5,1697.5,1697.5
2016-03-02,1697.5,1697.5,1697.5,1697.5
2016-03-03,1697.5,1697.5,1697.5,1697.5
2016-03-04,1697.5,1697.5,1697.5,1697.5
2016-03-08,1697.5,1697.5,1697.5,1697.5
2016-03-09,1697.5,1697.5,1697.5,1697.5
2016-03-10,1697.5,1697.5,1697.5,1697.5
2016-03-11,1697.5,1697.5,1697.5,1697.5
2016-03-15,1615.5,1615.5,1615.5,1615.5
2016-03-16,1615.25,1604.5,1605.75,1604.5
2016-03-17,1615.25,1615.0,1615.0,1615.0
2016-03-18,1606.25,1612.5,1612.5,1606.5
2016-03-21,1610.0,1606.75,1609.5,1601.0
2016-03-22,1594.0,1595.0,1595.0,1591.25
2016-03-23,1595.25,1585.5,1585.5,1574.75
2016-03-24,1590.5,1590.5,1590.5,1590.5
2016-03-28,1590.0,1590.0,1590.0,1590.0
2016-03-29,1592.25,1589.25,1597.75,1589.25
2016-03-30,1602.0,1602.0,1602.0,1602.0
2016-03-31,1615.75,1595.25,1603.75,1595.25
2016-04-01,1626.25,1626.25,1626.25,1626.25
2016-04-04,1623.25,1623.25,1623.25,1623.25
2016-04-05,1606.5,1617.5,1617.5,1599.75
2016-04-06,1594.25,1598.75,1598.75,1594.25
2016-04-07,1582.75,1584.75,1584.75,1584.75
2016-04-08,1598.5,1598.5,1598.5,1598.5
2016-04-11,1583.75,1585.75,1590.25,1583.5
2016-04-12,1602.0,1599.5,1609.75,1599.5
2016-04-13,1628.5,1618.0,1634.25,1616.0
2016-04-14,1629.5,1629.5,1629.5,1629.5
2016-04-15,1624.75,1623.5,1623.5,1618.5
2016-04-18,1639.0,1636.75,1636.75,1630.0
2016-04-19,1658.25,1641.25,1641.25,1641.25
2016-04-20,1691.75,1670.75,1694.5,1670.75
2016-04-21,1702.25,1704.5,1704.5,1685.25
2016-04-22,1719.25,1705.25,1719.5,1705.25
2016-04-25,1722.25,1722.25,1722.25,1722.25
2016-04-26,1714.75,1705.0,1705.0,1704.0
2016-04-27,1708.0,1708.0,1708.0,1708.0
2016-04-28,1726.0,1726.0,1726.0,1726.0
2016-04-29,1732.75,1730.25,1734.75,1730.0
2016-05-02,1732.75,1732.75,1732.75,1732.75
2016-05-03,1692.25,1692.25,1692.25,1692.25
2016-05-04,1687.75,1677.0,1677.0,1674.5
2016-05-05,1673.5,1673.5,1673.5,1673.5
2016-05-06,1663.75,1662.25,1663.0,1662.25
2016-05-09,1630.5,1636.75,1636.75,1630.25
2016-05-10,1624.75,1628.75,1628.75,1628.75
2016-05-11,1633.25,1637.25,1637.25,1637.25
2016-05-12,1612.25,1634.25,1634.75,1619.75
2016-05-13,1600.25,1597.25,1601.5,1585.75
2016-05-16,1608.75,1602.25,1611.0,1596.25
2016-05-17,1604.75,1604.75,1604.75,1604.75
2016-05-18,1609.25,1603.0,1603.0,1603.0
2016-05-19,1605.25,1605.25,1605.25,1605.25
2016-05-20,1604.0,1622.5,1622.5,1622.5
2016-05-23,1610.25,1598.25,1603.25,1598.25
2016-05-24,1609.5,1601.0,1612.75,1601.0
2016-05-25,1595.25,1595.75,1595.75,1595.75
2016-05-26,1613.5,1611.0,1611.75,1605.0
2016-05-27,1607.75,1613.25,1613.25,1613.25
2016-05-31,1609.75,1609.75,1609.75,1609.75
2016-06-01,1618.0,1618.0,1618.0,1618.0
2016-06-02,1594.25,1594.25,1594.25,1594.25
2016-06-03,1598.5,1598.5,1598.5,1598.5
2016-06-06,1600.0,1600.0,1600.0,1600.0
2016-06-07,1603.5,1603.5,1603.5,1603.5
2016-06-08,1656.5,1646.0,1651.0,1646.0
2016-06-09,1631.0,1631.0,1631.0,1631.0
2016-06-10,1629.0,1620.0,1620.0,1620.0
2016-06-13,1656.25,1656.25,1656.25,1656.25
2016-06-14,1665.75,1657.25,1657.25,1657.25
2016-06-15,1683.25,1683.0,1683.0,1683.0
2016-06-16,1652.75,1662.5,1664.75,1654.25
2016-06-17,1666.25,1667.75,1667.75,1659.75
2016-06-20,1683.25,1671.25,1671.25,1671.25
2016-06-21,1686.5,1685.5,1685.5,1684.0
2016-06-22,1680.75,1687.25,1687.25,1683.25
2016-06-23,1690.25,1682.25,1682.25,1682.25
2016-06-24,1665.5,1665.5,1665.5,1665.5
2016-06-27,1643.25,1656.75,1657.25,1639.5
2016-06-28,1667.25,1660.25,1670.5,1660.25
2016-06-29,1678.75,1678.75,1678.75,1678.75
2016-06-30,1688.75,1688.25,1688.25,1688.25
2016-07-01,1704.75,1700.25,1701.25,1700.25
2016-07-05,1685.75,1685.75,1685.75,1685.75
2016-07-06,1691.75,1691.75,1691.75,1691.75
2016-07-07,1679.0,1679.0,1679.0,1679.0
2016-07-08,1699.0,1681.75,1691.0,1681.75
2016-07-11,1689.0,1686.0,1689.5,1686.0
2016-07-12,1714.0,1714.0,1714.0,1714.0
2016-07-13,1719.0,1714.75,1714.75,1707.0
2016-07-14,1708.25,1714.25,1714.25,1712.0
2016-07-15,1686.5,1716.75,1716.75,1697.0
2016-07-18,1679.0,1686.5,1686.5,1686.5
2016-07-19,1648.75,1648.75,1648.75,1648.75
2016-07-20,1632.75,1662.5,1662.5,1662.5
2016-07-21,1642.25,1637.0,1639.5,1631.25
2016-07-22,1642.75,1645.75,1651.75,1640.5
2016-07-25,1627.5,1640.5,1640.5,1640.5
2016-07-26,1632.0,1632.0,1632.0,1632.0
2016-07-27,1643.0,1643.0,1643.0,1643.0
2016-07-28,1674.5,1674.5,1674.5,1674.5
2016-07-29,1668.0,1668.0,1668.0,1668.0
2016-08-01,1668.0,1668.0,1668.0,1668.0
2016-08-02,1680.75,1680.75,1680.75,1680.75
2016-08-03,1667.75,1680.75,1680.75,1680.75
2016-08-04,1685.5,1668.0,1668.0,1667.5
2016-08-05,1678.0,1678.0,1678.0,1678.0
2016-08-08,1686.0,1678.0,1678.0,1678.0
2016-08-09,1692.0,1692.0,1692.0,1692.0
2016-08-10,1696.75,1696.75,1696.75,1696.75
2016-08-11,1696.5,1696.5,1696.5,1696.5
2016-08-12,1715.25,1715.25,1715.25,1715.25
2016-08-15,1728.75,1728.75,1728.75,1728.75
2016-08-16,1722.75,1722.75,1722.75,1722.75
2016-08-17,1717.0,1729.75,1729.75,1729.75
2016-08-18,1707.75,1741.25,1741.25,1719.0
2016-08-19,1707.75,1707.75,1707.75,1707.75
2016-08-22,1710.25,1710.25,1710.25,1710.25
2016-08-23,1689.0,1689.0,1689.0,1689.0
2016-08-24,1687.75,1687.75,1687.75,1687.75
2016-08-25,1687.25,1682.75,1682.75,1680.5
2016-08-26,1687.75,1684.75,1689.0,1683.5
2016-08-29,1672.75,1672.75,1672.75,1672.75
2016-08-30,1664.75,1681.25,1681.25,1673.0
2016-08-31,1663.0,1663.25,1667.25,1663.25
2016-09-01,1649.75,1655.75,1665.5,1655.75
2016-09-02,1638.75,1656.5,1656.5,1644.25
2016-09-06,1642.25,1639.25,1639.25,1639.25
2016-09-07,1642.25,1642.25,1642.25,1642.25
2016-09-08,1638.25,1638.25,1638.25,1638.25
2016-09-09,1627.0,1627.0,1627.0,1627.0
2016-09-12,1618.5,1618.5,1618.5,1618.5
2016-09-13,1612.0,1612.0,1612.0,1612.0
2016-09-14,1641.75,1640.25,1640.25,1640.25
2016-09-15,1622.0,1622.0,1622.0,1622.0
2016-09-16,1632.25,1632.25,1632.25,1632.25
2016-09-19,1637.75,1637.75,1637.75,1637.75
2016-09-20,1632.5,1632.5,1632.5,1632.5
2016-09-21,1639.75,1639.75,1639.75,1639.75
2016-09-22,1687.75,1687.75,1687.75,1687.75
2016-09-23,1688.25,1697.75,1697.75,1697.75
2016-09-26,1708.0,1687.25,1691.0,1687.25
2016-09-27,1705.25,1698.5,1698.5,1698.5
2016-09-28,1718.0,1716.75,1718.75,1716.75
2016-09-29,1729.25,1726.75,1728.75,1725.25
2016-09-30,1739.25,1734.75,1738.75,1734.75
2016-10-03,1733.0,1736.5,1741.25,1736.5
2016-10-04,1735.5,1734.75,1736.5,1733.25
2016-10-05,1746.75,1741.5,1744.5,1741.5
2016-10-06,1747.5,1744.0,1747.5,1744.0
2016-10-07,1750.25,1750.25,1750.25,1750.25
2016-10-10,1763.5,1759.0,1763.5,1759.0
2016-10-11,1758.75,1750.75,1760.0,1750.75
2016-10-12,1754.5,1763.25,1763.25,1752.0
2016-10-13,1757.5,1756.75,1769.0,1753.75
2016-10-14,1740.0,1754.75,1754.75,1754.75
2016-10-17,1725.0,1725.0,1725.0,1725.0
2016-10-18,1713.75,1721.5,1721.5,1720.25
2016-10-19,1706.5,1700.25,1705.25,1698.5
2016-10-20,1683.0,1682.25,1683.5,1682.25
2016-10-21,1699.25,1699.25,1699.25,1699.25
2016-10-24,1699.25,1698.5,1698.5,1698.5
2016-10-25,1730.5,1727.25,1727.25,1727.25
2016-10-26,1747.25,1745.75,1747.0,1741.0
2016-10-27,1773.0,1753.0,1773.0,1753.0
2016-10-28,1793.75,1769.5,1786.0,1769.0
2016-10-31,1806.0,1805.75,1805.75,1805.75
2016-11-01,1791.25,1804.0,1804.0,1794.0
2016-11-02,1777.25,1785.0,1785.0,1784.0
2016-11-03,1813.5,1813.5,1813.5,1813.5
2016-11-04,1796.25,1798.75,1801.25,1798.25
2016-11-07,1807.75,1800.0,1800.0,1800.0
2016-11-08,1812.75,1812.75,1812.75,1812.75
2016-11-09,1843.25,1830.0,1846.0,1830.0
2016-11-10,1866.5,1863.25,1872.0,1863.25
2016-11-11,1853.0,1866.25,1879.0,1850.75
2016-11-14,1850.5,1857.25,1858.25,1844.75
2016-11-15,1850.5,1836.5,1836.5,1834.0
2016-11-16,1814.0,1814.0,1814.0,1814.0
2016-11-17,1809.5,1812.75,1819.75,1812.75
2016-11-18,1828.0,1824.75,1836.75,1819.75
2016-11-21,1844.75,1845.75,1845.75,1833.25
2016-11-22,1879.25,1858.25,1880.0,1858.25
2016-11-23,1895.25,1895.25,1895.25,1895.25
2016-11-25,1866.5,1866.5,1866.5,1866.5
2016-11-28,1877.5,1885.0,1885.0,1874.5
2016-11-29,1841.0,1847.25,1847.25,1837.75
2016-11-30,1861.5,1848.25,1861.5,1848.25
2016-12-01,1845.0,1842.0,1848.25,1842.0
2016-12-02,1844.25,1834.25,1839.75,1833.25
2016-12-05,1862.25,1862.25,1862.25,1862.25
2016-12-06,1826.0,1821.5,1836.25,1821.5
2016-12-07,1818.75,1833.0,1833.0,1833.0
2016-12-08,1829.25,1823.5,1839.25,1823.5
2016-12-09,1855.75,1855.75,1855.75,1855.75
2016-12-12,1841.0,1841.0,1841.0,1841.0
2016-12-13,1846.5,1848.25,1848.25,1848.25
2016-12-14,1848.25,1839.5,1839.5,1839.5
2016-12-15,1849.0,1849.0,1849.0,1849.0
2016-12-16,1827.75,1835.5,1835.5,1835.5
2016-12-19,1816.0,1814.25,1817.75,1814.25
2016-12-20,1822.5,1822.5,1822.5,1822.5
2016-12-21,1822.5,1822.5,1822.5,1822.5
2016-12-22,1822.5,1822.5,1822.5,1822.5
2016-12-23,1822.5,1822.5,1822.5,1822.5
2016-12-27,1822.5,1822.5,1822.5,1822.5
2016-12-28,1804.75,1804.75,1804.75,1804.75
2016-12-29,1787.0,1787.0,1787.0,1787.0
2016-12-30,1787.0,1787.0,1787.0,1787.0
2017-01-03,1785.5,1785.5,1785.5,1785.5
2017-01-04,1786.75,1786.75,1786.75,1786.75
2017-01-05,1803.25,1803.25,1803.25,1803.25
2017-01-06,1803.0,1790.75,1791.0,1790.0
2017-01-09,1820.25,1820.25,1820.25,1820.25
2017-01-10,1842.75,1842.75,1842.75,1842.75
2017-01-11,1858.75,1854.75,1854.75,1854.75
2017-01-12,1886.5,1886.5,1886.5,1886.5
2017-01-13,1904.5,1904.5,1904.5,1904.5
2017-01-17,1911.5,1916.75,1916.75,1909.75
2017-01-18,1957.75,1947.25,1947.25,1928.5
2017-01-19,1946.25,1942.25,1946.25,1925.0
2017-01-20,1962.0,1947.25,1956.75,1934.75
2017-01-23,1962.5,1962.75,1962.75,1962.75
2017-01-24,1978.75,1957.0,1983.25,1957.0
2017-01-25,1946.0,1948.5,1964.25,1938.25
2017-01-26,1927.25,1937.0,1937.0,1925.0
2017-01-27,1921.25,1921.25,1921.25,1921.25
2017-01-30,1910.0,1914.25,1914.25,1910.0
2017-01-31,1923.0,1909.5,1909.5,1909.5
2017-02-01,1920.75,1912.25,1915.0,1912.25
2017-02-02,1930.25,1930.25,1930.25,1930.25
2017-02-03,1935.0,1935.0,1935.0,1935.0
2017-02-06,1946.0,1926.25,1936.5,1926.25
2017-02-07,1934.0,1930.0,1930.0,1927.75
2017-02-08,1950.0,1945.25,1945.25,1944.25
2017-02-09,1951.75,1956.75,1956.75,1950.25
2017-02-10,1970.75,1961.25,1970.75,1961.25
2017-02-13,1968.0,1981.25,1981.25,1970.25
2017-02-14,1990.25,2003.25,2003.25,2003.25
2017-02-15,2012.25,1997.25,2006.75,1996.25
2017-02-16,1996.25,1996.25,1996.25,1996.25
2017-02-17,1980.75,1980.0,1983.75,1980.0
2017-02-21,1986.75,1986.75,1986.75,1986.75
2017-02-22,1985.5,1985.5,1985.5,1985.5
2017-02-23,1961.5,1967.75,1967.75,1967.75
2017-02-24,1981.25,1981.25,1981.25,1981.25
2017-02-27,1996.25,1996.25,1996.25,1996.25
2017-02-28,2020.25,2020.25,2020.25,2020.25
2017-03-01,2046.75,2046.75,2046.75,2046.75
2017-03-02,2000.75,2000.75,2000.75,2000.75
2017-03-03,1938.0,1999.0,1999.0,1999.0
2017-03-06,1958.0,1956.75,1956.75,1956.75
2017-03-07,1950.5,1953.25,1953.25,1949.75
2017-03-08,1958.0,1948.5,1948.5,1948.5
2017-03-09,1950.0,1950.0,1950.0,1950.0
2017-03-10,1957.0,1954.25,1954.25,1954.25
2017-03-13,1967.25,1967.25,1967.25,1967.25
2017-03-14,1953.0,1953.0,1953.0,1953.0
2017-03-15,1954.25,1954.25,1954.25,1954.25
2017-03-16,1944.0,1944.0,1944.0,1944.0
2017-03-17,1994.25,1994.25,1994.25,1994.25
2017-03-20,2004.25,2004.25,2004.25,2004.25
2017-03-21,2011.5,2011.5,2011.5,2011.5
2017-03-22,2001.25,2001.25,2001.25,2001.25
2017-03-23,2001.25,2001.25,2001.25,2001.25
2017-03-24,2016.0,2016.0,2016.0,2016.0
2017-03-27,2004.25,2004.25,2004.25,2004.25
2017-03-28,2019.75,2019.75,2019.75,2019.75
2017-03-29,2028.75,2028.75,2028.75,2028.75
2017-03-30,2041.75,2028.75,2028.75,2028.75
2017-03-31,2032.75,2040.0,2040.0,2040.0
2017-04-03,2024.25,2024.25,2024.25,2024.25
2017-04-04,2014.25,2014.25,2014.25,2014.25
2017-04-05,2014.25,2014.25,2014.25,2014.25
2017-04-06,2029.0,2029.0,2029.0,2029.0
2017-04-07,2027.25,2027.25,2027.25,2027.25
2017-04-10,1977.75,1977.75,1977.75,1977.75
2017-04-11,1975.0,1975.0,1975.0,1975.0
2017-04-12,1954.0,1954.0,1954.0,1954.0
2017-04-13,1964.0,1964.0,1964.0,1964.0
2017-04-17,1964.0,1964.0,1964.0,1964.0
2017-04-18,1948.5,1948.5,1948.5,1948.5
2017-04-19,1960.75,1960.75,1960.75,1960.75
2017-04-20,1998.25,1998.25,1998.25,1998.25
2017-04-21,1992.75,1992.75,1992.75,1992.75
2017-04-24,2002.5,2003.0,2008.75,2003.0
2017-04-25,2020.5,2020.5,2020.5,2020.5
2017-04-26,2030.75,2030.75,2030.75,2030.75
2017-04-27,1994.75,1994.75,1994.75,1994.75
2017-04-28,1997.5,1997.5,1997.5,1997.5
2017-05-01,1997.5,1997.5,1997.5,1997.5
2017-05-02,2019.25,2019.25,2019.25,2019.25
2017-05-03,2015.25,2015.25,2015.25,2015.25
2017-05-04,2003.25,2003.25,2003.25,2003.25
2017-05-05,1994.75,1994.75,1994.75,1994.75
2017-05-08,1966.25,1966.25,1966.25,1966.25
2017-05-09,1959.25,1959.25,1959.25,1959.25
2017-05-10,1956.0,1956.0,1956.0,1956.0
2017-05-11,1964.25,1964.25,1964.25,1964.25
2017-05-12,1985.0,1972.25,1972.25,1972.25
2017-05-15,1994.75,1994.75,1994.75,1994.75
2017-05-16,2011.0,2011.0,2011.0,2011.0
2017-05-17,2013.0,2013.0,2013.0,2013.0
2017-05-18,2008.75,2008.75,2008.75,2008.75
2017-05-19,2022.75,2028.25,2028.25,2017.5
2017-05-22,2016.75,2016.75,2016.75,2016.75
2017-05-23,2018.5,2018.5,2018.5,2018.5
2017-05-24,2021.25,2029.5,2029.5,2027.25
2017-05-25,2028.25,2034.0,2034.0,2025.5
2017-05-26,2021.0,2021.0,2021.0,2021.0
2017-05-30,1985.0,1985.0,1985.0,1985.0
2017-05-31,1999.75,1999.75,1999.75,1999.75
2017-06-01,1999.25,1999.25,1999.25,1999.25
2017-06-02,1995.75,1995.75,1995.75,1995.75
2017-06-05,1968.25,1968.25,1968.25,1968.25
2017-06-06,1963.75,1963.75,1963.75,1963.75
2017-06-07,1970.75,1970.75,1970.75,1970.75
2017-06-08,1966.75,1966.75,1966.75,1966.75
2017-06-09,1970.75,1970.75,1970.75,1970.75
2017-06-12,1953.25,1953.25,1953.25,1953.25
2017-06-13,1954.25,1954.25,1954.25,1954.25
2017-06-14,1954.25,1954.25,1954.25,1954.25
2017-06-15,1951.75,1951.75,1951.75,1951.75
2017-06-16,1943.25,1943.25,1943.25,1943.25
2017-06-19,1955.75,1955.75,1955.75,1955.75
2017-06-20,1956.75,1956.75,1956.75,1956.75
2017-06-21,1937.0,1937.0,1937.0,1937.0
2017-06-22,1937.0,1937.0,1937.0,1937.0
2017-06-23,1934.0,1934.0,1934.0,1934.0
2017-06-26,1928.25,1928.25,1928.25,1928.25
2017-06-27,1951.75,1951.75,1951.75,1951.75
2017-06-28,1963.5,1963.5,1963.5,1963.5
2017-06-29,1982.25,1982.25,1982.25,1982.25
2017-06-30,1984.5,1984.5,1984.5,1984.5
2017-07-03,1996.5,1996.5,1996.5,1996.5
2017-07-05,1994.75,1994.75,1994.75,1994.75
2017-07-06,2009.25,2009.25,2009.25,2009.25
2017-07-07,1997.5,1997.5,1997.5,1997.5
2017-07-10,1976.75,1976.75,1976.75,1976.75
2017-07-11,1967.75,1967.75,1967.75,1967.75
2017-07-12,1954.5,1954.5,1954.5,1954.5
2017-07-13,1993.5,1993.5,1993.5,1993.5
2017-07-14,1995.0,1995.0,1995.0,1995.0
2017-07-17,1984.25,1984.25,1984.25,1984.25
2017-07-18,2004.0,1995.75,1995.75,1995.75
2017-07-19,1990.25,1990.25,1990.25,1990.25
2017-07-20,1988.0,1988.0,1988.0,1988.0
2017-07-21,1987.75,1987.75,1987.75,1987.75
2017-07-24,1984.75,1984.75,1984.75,1984.75
2017-07-25,2003.25,2003.25,2003.25,2003.25
2017-07-26,2005.5,2005.5,2005.5,2005.5
2017-07-27,2005.75,2005.75,2005.75,2005.75
2017-07-28,1977.25,1977.25,1977.25,1977.25
2017-07-31,1983.0,1983.0,1983.0,1983.0
2017-08-01,1971.25,1971.25,1971.25,1971.25
2017-08-02,1990.25,1990.25,1990.25,1990.25
2017-08-03,1983.25,1983.25,1983.25,1983.25
2017-08-04,1988.75,1988.75,1988.75,1988.75
2017-08-07,2023.0,2007.75,2007.75,2007.75
2017-08-08,2099.5,2099.5,2099.5,2099.5
2017-08-09,2088.25,2088.25,2088.25,2088.25
2017-08-10,2108.5,2108.5,2108.5,2108.5
2017-08-11,2108.5,2108.5,2108.5,2108.5
2017-08-14,2093.25,2102.25,2102.25,2091.25
2017-08-15,2104.25,2104.25,2104.25,2104.25
2017-08-16,2153.75,2153.75,2153.75,2153.75
2017-08-17,2144.25,2144.25,2144.25,2144.25
2017-08-18,2131.25,2131.25,2131.25,2131.25
2017-08-21,2147.0,2147.0,2147.0,2147.0
2017-08-22,2140.25,2140.25,2140.25,2140.25
2017-08-23,2164.0,2164.0,2164.0,2164.0
2017-08-24,2173.0,2173.0,2173.0,2173.0
2017-08-25,2130.5,2130.5,2130.5,2130.5
2017-08-28,2130.5,2130.5,2130.5,2130.5
2017-08-29,2130.5,2130.5,2130.5,2130.5
2017-08-30,2161.75,2164.75,2164.75,2164.75
2017-08-31,2177.0,2177.0,2177.0,2177.0
2017-09-01,2202.75,2202.75,2202.75,2202.75
2017-09-05,2163.0,2163.0,2163.0,2163.0
2017-09-06,2163.0,2163.0,2163.0,2163.0
2017-09-07,2163.0,2163.0,2163.0,2163.0
2017-09-08,2149.75,2149.75,2149.75,2149.75
2017-09-11,2182.25,2182.25,2182.25,2182.25
2017-09-12,2185.25,2185.25,2185.25,2185.25
2017-09-13,2162.25,2162.25,2162.25,2162.25
2017-09-14,2162.25,2160.0,2160.0,2156.0
2017-09-15,2150.25,2151.0,2151.0,2144.0
2017-09-18,2145.0,2145.0,2145.0,2145.0
2017-09-19,2184.0,2184.0,2184.0,2184.0
2017-09-20,2234.5,2234.5,2234.5,2234.5
2017-09-21,2227.0,2227.0,2227.0,2227.0
2017-09-22,2213.75,2213.75,2213.75,2213.75
2017-09-25,2213.5,2213.5,2213.5,2213.5
2017-09-26,2191.25,2191.25,2191.25,2191.25
2017-09-27,2194.75,2194.75,2194.75,2194.75
2017-09-28,2198.0,2198.0,2198.0,2198.0
2017-09-29,2192.75,2192.75,2192.75,2192.75
2017-10-02,2175.0,2175.0,2175.0,2175.0
2017-10-03,2194.75,2194.75,2194.75,2194.75
2017-10-04,2231.5,2231.5,2231.5,2231.5
2017-10-05,2246.75,2246.75,2246.75,2246.75
2017-10-06,2227.25,2227.25,2227.25,2227.25
2017-10-09,2242.75,2242.75,2242.75,2242.75
2017-10-10,2242.75,2242.75,2242.75,2242.75
2017-10-11,2242.75,2242.75,2242.75,2242.75
2017-10-12,2242.75,2242.75,2242.75,2242.75
2017-10-13,2242.75,2242.75,2242.75,2242.75
2017-10-16,2242.75,2242.75,2242.75,2242.75
2017-10-17,2216.75,2216.75,2216.75,2216.75
2017-10-18,2195.0,2195.0,2195.0,2195.0
2017-10-19,2231.5,2231.5,2231.5,2231.5
2017-10-20,2231.5,2231.5,2231.5,2231.5
2017-10-23,2231.5,2231.5,2231.5,2231.5
2017-10-24,2231.5,2231.5,2231.5,2231.5
2017-10-25,2231.5,2231.5,2231.5,2231.5
2017-10-26,2231.5,2231.5,2231.5,2231.5
2017-10-27,2231.5,2231.5,2231.5,2231.5
2017-10-30,2231.5,2231.5,2231.5,2231.5
2017-10-31,2231.5,2231.5,2231.5,2231.5
2017-11-01,2231.5,2231.5,2231.5,2231.5
2017-11-02,2244.5,2244.5,2244.5,2244.5
2017-11-03,2244.5,2244.5,2244.5,2244.5
2017-11-06,2244.5,2244.5,2244.5,2244.5
2017-11-07,2244.5,2244.5,2244.5,2244.5
2017-11-08,2244.5,2244.5,2244.5,2244.5
2017-11-09,2244.5,2244.5,2244.5,2244.5
2017-11-10,2244.5,2244.5,2244.5,2244.5
2017-11-13,2244.5,2244.5,2244.5,2244.5
2017-11-14,2244.5,2244.5,2244.5,2244.5
2017-11-15,2244.5,2244.5,2244.5,2244.5
2017-11-16,2244.5,2244.5,2244.5,2244.5
2017-11-17,2244.5,2244.5,2244.5,2244.5
2017-11-20,2244.5,2244.5,2244.5,2244.5
2017-11-21,2244.5,2244.5,2244.5,2244.5
2017-11-22,2244.5,2244.5,2244.5,2244.5
2017-11-24,2244.5,2244.5,2244.5,2244.5
2017-11-27,2244.5,2244.5,2244.5,2244.5
2017-11-28,2244.5,2244.5,2244.5,2244.5
2017-11-29,2244.5,2244.5,2244.5,2244.5
2017-11-30,2244.5,2244.5,2244.5,2244.5
2017-12-01,2244.5,2244.5,2244.5,2244.5
2017-12-04,2244.5,2244.5,2244.5,2244.5
2017-12-05,2244.5,2244.5,2244.5,2244.5
2017-12-06,2244.5,2244.5,2244.5,2244.5
2017-12-07,2244.5,2244.5,2244.5,2244.5
2017-12-08,2244.5,2244.5,2244.5,2244.5
2017-12-11,2244.5,2244.5,2244.5,2244.5
2017-12-12,2244.5,2244.5,2244.5,2244.5
2017-12-13,2244.5,2244.5,2244.5,2244.5
2017-12-14,2244.5,2244.5,2244.5,2244.5
2017-12-15,2244.5,2244.5,2244.5,2244.5
2017-12-18,2244.5,2244.5,2244.5,2244.5
2017-12-19,2244.5,2244.5,2244.5,2244.5
2017-12-20,2244.5,2244.5,2244.5,2244.5
2017-12-21,2244.5,2244.5,2244.5,2244.5
2017-12-22,2244.5,2244.5,2244.5,2244.5
2017-12-26,2244.5,2244.5,2244.5,2244.5
2017-12-27,2244.5,2244.5,2244.5,2244.5
2017-12-28,2244.5,2244.5,2244.5,2244.5
2017-12-29,2244.5,2244.5,2244.5,2244.5
2018-01-02,2244.5,2244.5,2244.5,2244.5
2018-01-03,2244.5,2244.5,2244.5,2244.5
2018-01-04,2244.5,2244.5,2244.5,2244.5
2018-01-05,2244.5,2244.5,2244.5,2244.5
2018-01-08,2244.5,2244.5,2244.5,2244.5
2018-01-09,2244.5,2244.5,2244.5,2244.5
2018-01-10,2244.5,2244.5,2244.5,2244.5
2018-01-11,2244.5,2244.5,2244.5,2244.5
2018-01-12,2244.5,2244.5,2244.5,2244.5
2018-01-16,2244.5,2244.5,2244.5,2244.5
2018-01-17,2244.5,2244.5,2244.5,2244.5
2018-01-18,2244.5,2244.5,2244.5,2244.5
2018-01-19,2244.5,2244.5,2244.5,2244.5
2018-01-22,2244.5,2244.5,2244.5,2244.5
2018-01-23,2244.5,2244.5,2244.5,2244.5
2018-01-24,2244.5,2244.5,2244.5,2244.5
2018-01-25,2244.5,2244.5,2244.5,2244.5
2018-01-26,2244.5,2244.5,2244.5,2244.5
2018-01-29,2244.5,2244.5,2244.5,2244.5
2018-01-30,2250.0,2250.0,2250.0,2250.0
2018-01-31,2250.0,2250.0,2250.0,2250.0
2018-02-01,2250.0,2250.0,2250.0,2250.0
2018-02-02,2250.0,2250.0,2250.0,2250.0
2018-02-05,2250.0,2250.0,2250.0,2250.0
2018-02-06,2250.0,2250.0,2250.0,2250.0
2018-02-07,2250.0,2250.0,2250.0,2250.0
2018-02-08,2250.0,2250.0,2250.0,2250.0
2018-02-09,2250.0,2250.0,2250.0,2250.0
2018-02-12,2250.0,2250.0,2250.0,2250.0
2018-02-13,2250.0,2250.0,2250.0,2250.0
2018-02-14,2250.0,2250.0,2250.0,2250.0
2018-02-15,2250.0,2250.0,2250.0,2250.0
2018-02-16,2250.0,2250.0,2250.0,2250.0
2018-02-20,2250.0,2250.0,2250.0,2250.0
2018-02-21,2250.0,2250.0,2250.0,2250.0
2018-02-22,2250.0,2250.0,2250.0,2250.0
2018-02-23,2250.0,2250.0,2250.0,2250.0
2018-02-26,2250.0,2250.0,2250.0,2250.0
2018-02-27,2255.0,2255.0,2255.0,2255.0
2018-02-28,2255.0,2255.0,2255.0,2255.0
2018-03-01,2255.0,2255.0,2255.0,2255.0
2018-03-02,2255.0,2255.0,2255.0,2255.0
2018-03-05,2255.0,2255.0,2255.0,2255.0
2018-03-06,2255.0,2255.0,2255.0,2255.0
2018-03-07,2255.0,2255.0,2255.0,2255.0
2018-03-08,2255.0,2255.0,2255.0,2255.0
2018-03-09,2255.0,2255.0,2255.0,2255.0
2018-03-12,2255.0,2255.0,2255.0,2255.0
2018-03-13,2255.0,2255.0,2255.0,2255.0
2018-03-14,2255.0,2255.0,2255.0,2255.0
2018-03-15,2255.0,2255.0,2255.0,2255.0
2018-03-16,2255.0,2255.0,2255.0,2255.0
2018-03-19,2255.0,2255.0,2255.0,2255.0
2018-03-20,2255.0,2255.0,2255.0,2255.0
2018-03-21,2255.0,2255.0,2255.0,2255.0
2018-03-22,2255.0,2255.0,2255.0,2255.0
2018-03-23,2255.0,2255.0,2255.0,2255.0
2018-03-26,2255.0,2255.0,2255.0,2255.0
2018-03-27,2260.0,2260.0,2260.0,2260.0
2018-03-28,2260.0,2260.0,2260.0,2260.0
2018-03-29,2260.0,2260.0,2260.0,2260.0
2018-04-02,2300.0,2300.0,2300.0,2300.0
2018-04-03,2300.0,2300.0,2300.0,2300.0
2018-04-04,2300.0,2300.0,2300.0,2300.0
2018-04-05,2300.0,2300.0,2300.0,2300.0
2018-04-06,2300.0,2300.0,2300.0,2300.0
2018-04-09,2300.0,2300.0,2300.0,2300.0
2018-04-10,2300.0,2300.0,2300.0,2300.0
2018-04-11,2300.0,2300.0,2300.0,2300.0
2018-04-12,2300.0,2300.0,2300.0,2300.0
2018-04-13,2300.0,2300.0,2300.0,2300.0
2018-04-16,2300.0,2300.0,2300.0,2300.0
2018-04-17,2300.0,2300.0,2300.0,2300.0
2018-04-18,2300.0,2300.0,2300.0,2300.0
2018-04-19,2300.0,2300.0,2300.0,2300.0
2018-04-20,2300.0,2300.0,2300.0,2300.0
2018-04-23,2300.0,2300.0,2300.0,2300.0
2018-04-24,2300.0,2300.0,2300.0,2300.0
2018-04-25,2300.0,2300.0,2300.0,2300.0
2018-04-26,2300.0,2300.0,2300.0,2300.0
2018-04-27,2300.0,2300.0,2300.0,2300.0
2018-04-30,2300.0,2300.0,2300.0,2300.0
2018-05-01,2300.0,2300.0,2300.0,2300.0
2018-05-02,2300.0,2300.0,2300.0,2300.0
2018-05-03,2300.0,2300.0,2300.0,2300.0
2018-05-04,2300.0,2300.0,2300.0,2300.0
2018-05-07,2300.0,2300.0,2300.0,2300.0
2018-05-08,2300.0,2300.0,2300.0,2300.0
2018-05-09,2300.0,2300.0,2300.0,2300.0
2018-05-10,2300.0,2300.0,2300.0,2300.0
2018-05-11,2300.0,2300.0,2300.0,2300.0
2018-05-14,2300.0,2300.0,2300.0,2300.0
2018-05-15,2300.0,2300.0,2300.0,2300.0
2018-05-16,2300.0,2300.0,2300.0,2300.0
2018-05-17,2300.0,2300.0,2300.0,2300.0
2018-05-18,2300.0,2300.0,2300.0,2300.0
2018-05-21,2300.0,2300.0,2300.0,2300.0
2018-05-22,2300.0,2300.0,2300.0,2300.0
2018-05-23,2300.0,2300.0,2300.0,2300.0
2018-05-24,2300.0,2300.0,2300.0,2300.0
2018-05-25,2300.0,2300.0,2300.0,2300.0
2018-05-29,2300.0,2300.0,2300.0,2300.0
2018-05-30,2305.0,2305.0,2305.0,2305.0
2018-05-31,2305.0,2305.0,2305.0,2305.0
2018-06-01,2305.0,2305.0,2305.0,2305.0
2018-06-04,2305.0,2305.0,2305.0,2305.0
2018-06-05,2305.0,2305.0,2305.0,2305.0
2018-06-06,2305.0,2305.0,2305.0,2305.0
2018-06-07,2305.0,2305.0,2305.0,2305.0
2018-06-08,2305.0,2305.0,2305.0,2305.0
2018-06-11,2305.0,2305.0,2305.0,2305.0
2018-06-12,2305.0,2305.0,2305.0,2305.0
2018-06-13,2305.0,2305.0,2305.0,2305.0
2018-06-14,2305.0,2305.0,2305.0,2305.0
2018-06-15,2305.0,2305.0,2305.0,2305.0
2018-06-18,2305.0,2305.0,2305.0,2305.0
2018-06-19,2305.0,2305.0,2305.0,2305.0
2018-06-20,2305.0,2305.0,2305.0,2305.0
2018-06-21,2305.0,2305.0,2305.0,2305.0
2018-06-22,2305.0,2305.0,2305.0,2305.0
2018-06-25,2305.0,2305.0,2305.0,2305.0
2018-06-26,2305.0,2305.0,2305.0,2305.0
2018-06-27,2305.0,2305.0,2305.0,2305.0
2018-06-28,2309.25,2309.25,2309.25,2309.25
2018-06-29,2309.25,2309.25,2309.25,2309.25
2018-07-02,2309.25,2309.25,2309.25,2309.25
2018-07-03,2309.25,2309.25,2309.25,2309.25
2018-07-05,2309.25,2309.25,2309.25,2309.25
2018-07-06,2309.25,2309.25,2309.25,2309.25
2018-07-09,2309.25,2309.25,2309.25,2309.25
2018-07-10,2309.25,2309.25,2309.25,2309.25
2018-07-11,2309.25,2309.25,2309.25,2309.25
2018-07-12,2309.25,2309.25,2309.25,2309.25
2018-07-13,2309.25,2309.25,2309.25,2309.25
2018-07-16,2309.25,2309.25,2309.25,2309.25
2018-07-17,2309.25,2309.25,2309.25,2309.25
2018-07-18,2309.25,2309.25,2309.25,2309.25
2018-07-19,2309.25,2309.25,2309.25,2309.25
2018-07-20,2309.25,2309.25,2309.25,2309.25
2018-07-23,2309.25,2309.25,2309.25,2309.25
2018-07-24,2309.25,2309.25,2309.25,2309.25
2018-07-25,2309.25,2309.25,2309.25,2309.25
2018-07-26,2309.25,2309.25,2309.25,2309.25
2018-07-27,2309.25,2309.25,2309.25,2309.25
2018-07-30,2313.5,2313.5,2313.5,2313.5
2018-07-31,2313.5,2313.5,2313.5,2313.5
2018-08-01,2313.5,2313.5,2313.5,2313.5
2018-08-02,2313.5,2313.5,2313.5,2313.5
2018-08-03,2313.5,2313.5,2313.5,2313.5
2018-08-06,2313.5,2313.5,2313.5,2313.5
2018-08-07,2313.5,2313.5,2313.5,2313.5
2018-08-08,2313.5,2313.5,2313.5,2313.5
2018-08-09,2313.5,2313.5,2313.5,2313.5
2018-08-10,2313.5,2313.5,2313.5,2313.5
2018-08-13,2313.5,2313.5,2313.5,2313.5
2018-08-14,2313.5,2313.5,2313.5,2313.5
2018-08-15,2313.5,2313.5,2313.5,2313.5
2018-08-16,2313.5,2313.5,2313.5,2313.5
2018-08-17,2313.5,2313.5,2313.5,2313.5
2018-08-20,2313.5,2313.5,2313.5,2313.5
2018-08-21,2313.5,2313.5,2313.5,2313.5
2018-08-22,2313.5,2313.5,2313.5,2313.5
2018-08-23,2313.5,2313.5,2313.5,2313.5
2018-08-24,2313.5,2313.5,2313.5,2313.5
2018-08-27,2313.5,2313.5,2313.5,2313.5
2018-08-28,2313.5,2313.5,2313.5,2313.5
2018-08-29,2313.5,2313.5,2313.5,2313.5
2018-08-30,2318.75,2318.75,2318.75,2318.75
2018-08-31,2318.75,2318.75,2318.75,2318.75
2018-09-04,2318.75,2318.75,2318.75,2318.75
2018-09-05,2318.75,2318.75,2318.75,2318.75
2018-09-06,2318.75,2318.75,2318.75,2318.75
2018-09-07,2318.75,2318.75,2318.75,2318.75
2018-09-10,2318.75,2318.75,2318.75,2318.75
2018-09-11,2318.75,2318.75,2318.75,2318.75
2018-09-12,2318.75,2318.75,2318.75,2318.75
2018-09-13,2318.75,2318.75,2318.75,2318.75
2018-09-14,2318.75,2318.75,2318.75,2318.75
2018-09-17,2318.75,2318.75,2318.75,2318.75
2018-09-18,2318.75,2318.75,2318.75,2318.75
2018-09-19,2318.75,2318.75,2318.75,2318.75
2018-09-20,2318.75,2318.75,2318.75,2318.75
2018-09-21,2318.75,2318.75,2318.75,2318.75
2018-09-24,2318.75,2318.75,2318.75,2318.75
2018-09-25,2318.75,2318.75,2318.75,2318.75
2018-09-26,2323.0,2323.0,2323.0,2323.0
2018-09-27,2323.0,2323.0,2323.0,2323.0
2018-09-28,2323.0,2323.0,2323.0,2323.0
2018-10-01,2323.0,2323.0,2323.0,2323.0
2018-10-02,2323.0,2323.0,2323.0,2323.0
2018-10-03,2323.0,2323.0,2323.0,2323.0
2018-10-04,2323.0,2323.0,2323.0,2323.0
2018-10-05,2323.0,2323.0,2323.0,2323.0
2018-10-08,2323.0,2323.0,2323.0,2323.0
2018-10-09,2323.0,2323.0,2323.0,2323.0
2018-10-10,2323.0,2323.0,2323.0,2323.0
2018-10-11,2323.0,2323.0,2323.0,2323.0
2018-10-12,2323.0,2323.0,2323.0,2323.0
2018-10-15,2323.0,2323.0,2323.0,2323.0
2018-10-16,2323.0,2323.0,2323.0,2323.0
2018-10-17,2323.0,2323.0,2323.0,2323.0
2018-10-18,2323.0,2323.0,2323.0,2323.0
2018-10-19,2323.0,2323.0,2323.0,2323.0
2018-10-22,2323.0,2323.0,2323.0,2323.0
2018-10-23,2323.0,2323.0,2323.0,2323.0
2018-10-24,2323.0,2323.0,2323.0,2323.0
2018-10-25,2323.0,2323.0,2323.0,2323.0
2018-10-26,2323.0,2323.0,2323.0,2323.0
2018-10-29,2323.0,2323.0,2323.0,2323.0
2018-10-30,2328.25,2328.25,2328.25,2328.25
2018-10-31,2328.25,2328.25,2328.25,2328.25
2018-11-01,2328.25,2328.25,2328.25,2328.25
2018-11-02,2328.25,2328.25,2328.25,2328.25
2018-11-05,2328.25,2328.25,2328.25,2328.25
2018-11-06,2328.25,2328.25,2328.25,2328.25
2018-11-07,2328.25,2328.25,2328.25,2328.25
2018-11-08,2328.25,2328.25,2328.25,2328.25
2018-11-09,2328.25,2328.25,2328.25,2328.25
2018-11-12,2328.25,2328.25,2328.25,2328.25
2018-11-13,2328.25,2328.25,2328.25,2328.25
2018-11-14,2328.25,2328.25,2328.25,2328.25
2018-11-15,2328.25,2328.25,2328.25,2328.25
2018-11-16,2328.25,2328.25,2328.25,2328.25
2018-11-19,2328.25,2328.25,2328.25,2328.25
2018-11-20,2328.25,2328.25,2328.25,2328.25
2018-11-21,2328.25,2328.25,2328.25,2328.25
2018-11-23,2328.25,2328.25,2328.25,2328.25
2018-11-26,2328.25,2328.25,2328.25,2328.25
2018-11-27,2328.25,2328.25,2328.25,2328.25
2018-11-28,2328.25,2328.25,2328.25,2328.25
2018-11-29,2332.5,2332.5,2332.5,2332.5
2018-11-30,2332.5,2332.5,2332.5,2332.5
2018-12-03,2332.5,2332.5,2332.5,2332.5
2018-12-04,2332.5,2332.5,2332.5,2332.5
2018-12-05,2332.5,2332.5,2332.5,2332.5
2018-12-06,2332.5,2332.5,2332.5,2332.5
2018-12-07,2332.5,2332.5,2332.5,2332.5
2018-12-10,2332.5,2332.5,2332.5,2332.5
2018-12-11,2332.5,2332.5,2332.5,2332.5
2018-12-12,2332.5,2332.5,2332.5,2332.5
2018-12-13,2332.5,2332.5,2332.5,2332.5
2018-12-14,2332.5,2332.5,2332.5,2332.5
2018-12-17,2332.5,2332.5,2332.5,2332.5
2018-12-18,2332.5,2332.5,2332.5,2332.5
2018-12-19,2332.5,2332.5,2332.5,2332.5
2018-12-20,2332.5,2332.5,2332.5,2332.5
2018-12-21,2332.5,2332.5,2332.5,2332.5
2018-12-24,2332.5,2332.5,2332.5,2332.5
2018-12-26,2332.5,2332.5,2332.5,2332.5
2018-12-27,2332.5,2332.5,2332.5,2332.5
2018-12-28,2332.5,2332.5,2332.5,2332.5
2018-12-31,2332.5,2332.5,2332.5,2332.5
2019-01-02,2332.5,2332.5,2332.5,2332.5
2019-01-03,2332.5,2332.5,2332.5,2332.5
2019-01-04,2332.5,2332.5,2332.5,2332.5
2019-01-07,2332.5,2332.5,2332.5,2332.5
2019-01-08,2332.5,2332.5,2332.5,2332.5
2019-01-09,2332.5,2332.5,2332.5,2332.5
2019-01-10,2332.5,2332.5,2332.5,2332.5
2019-01-11,2332.5,2332.5,2332.5,2332.5
2019-01-14,2332.5,2332.5,2332.5,2332.5
2019-01-15,2332.5,2332.5,2332.5,2332.5
2019-01-16,2332.5,2332.5,2332.5,2332.5
2019-01-17,2332.5,2332.5,2332.5,2332.5
2019-01-18,2332.5,2332.5,2332.5,2332.5
2019-01-22,2332.5,2332.5,2332.5,2332.5
2019-01-23,2332.5,2332.5,2332.5,2332.5
2019-01-24,2332.5,2332.5,2332.5,2332.5
2019-01-25,2332.5,2332.5,2332.5,2332.5
2019-01-28,2332.5,2332.5,2332.5,2332.5
2019-01-29,2332.5,2332.5,2332.5,2332.5
2019-01-30,2332.5,2332.5,2332.5,2332.5
2019-01-31,2332.5,2332.5,2332.5,2332.5
2019-02-01,2332.5,2332.5,2332.5,2332.5
2019-02-04,2332.5,2332.5,2332.5,2332.5
2019-02-05,2332.5,2332.5,2332.5,2332.5
2019-02-06,2332.5,2332.5,2332.5,2332.5
2019-02-07,2332.5,2332.5,2332.5,2332.5
2019-02-08,2332.5,2332.5,2332.5,2332.5
2019-02-11,2332.5,2332.5,2332.5,2332.5
2019-02-12,2332.5,2332.5,2332.5,2332.5
2019-02-13,2332.5,2332.5,2332.5,2332.5
2019-02-14,2332.5,2332.5,2332.5,2332.5
2019-02-15,2332.5,2332.5,2332.5,2332.5
2019-02-19,2225.0,2225.0,2225.0,2225.0
2019-02-20,2225.0,2225.0,2225.0,2225.0
2019-02-21,2225.0,2225.0,2225.0,2225.0
2019-02-22,2225.0,2225.0,2225.0,2225.0
2019-02-25,2225.0,2225.0,2225.0,2225.0
2019-02-26,2225.0,2225.0,2225.0,2225.0
2019-02-27,2225.0,2225.0,2225.0,2225.0
2019-02-28,2225.0,2225.0,2225.0,2225.0
2019-03-01,2225.0,2225.0,2225.0,2225.0
2019-03-04,2225.0,2225.0,2225.0,2225.0
2019-03-05,2225.0,2225.0,2225.0,2225.0
2019-03-06,2225.0,2225.0,2225.0,2225.0
2019-03-07,2225.0,2225.0,2225.0,2225.0
2019-03-08,2225.0,2225.0,2225.0,2225.0
2019-03-11,2225.0,2225.0,2225.0,2225.0
2019-03-12,2225.0,2225.0,2225.0,2225.0
2019-03-13,2225.0,2225.0,2225.0,2225.0
2019-03-14,2225.0,2225.0,2225.0,2225.0
2019-03-15,2225.0,2225.0,2225.0,2225.0
2019-03-18,2225.0,2225.0,2225.0,2225.0
2019-03-19,2225.0,2225.0,2225.0,2225.0
2019-03-20,2225.0,2225.0,2225.0,2225.0
2019-03-21,2225.0,2225.0,2225.0,2225.0
2019-03-22,2225.0,2225.0,2225.0,2225.0
2019-03-25,2225.0,2225.0,2225.0,2225.0
2019-03-26,2225.0,2225.0,2225.0,2225.0
2019-03-27,2225.0,2225.0,2225.0,2225.0
2019-03-28,2225.0,2225.0,2225.0,2225.0
2019-03-29,2225.0,2225.0,2225.0,2225.0
2019-04-01,2225.0,2225.0,2225.0,2225.0
2019-04-02,2225.0,2225.0,2225.0,2225.0
2019-04-03,2225.0,2225.0,2225.0,2225.0
2019-04-04,2225.0,2225.0,2225.0,2225.0
2019-04-05,2225.0,2225.0,2225.0,2225.0
2019-04-08,2225.0,2225.0,2225.0,2225.0
2019-04-09,2225.0,2225.0,2225.0,2225.0
2019-04-10,2225.0,2225.0,2225.0,2225.0
2019-04-11,2225.0,2225.0,2225.0,2225.0
2019-04-12,2225.0,2225.0,2225.0,2225.0
2019-04-15,2225.0,2225.0,2225.0,2225.0
2019-04-16,2225.0,2225.0,2225.0,2225.0
2019-04-17,2225.0,2225.0,2225.0,2225.0
2019-04-18,2225.0,2225.0,2225.0,2225.0
2019-04-22,2225.0,2225.0,2225.0,2225.0
2019-04-23,2225.0,2225.0,2225.0,2225.0
2019-04-24,2225.0,2225.0,2225.0,2225.0
2019-04-25,2225.0,2225.0,2225.0,2225.0
2019-04-26,2225.0,2225.0,2225.0,2225.0
2019-04-29,2225.0,2225.0,2225.0,2225.0
2019-04-30,2225.0,2225.0,2225.0,2225.0
2019-05-01,2225.0,2225.0,2225.0,2225.0
2019-05-02,2225.0,2225.0,2225.0,2225.0
2019-05-03,2225.0,2225.0,2225.0,2225.0
2019-05-06,2225.0,2225.0,2225.0,2225.0
2019-05-07,2225.0,2225.0,2225.0,2225.0
2019-05-08,2225.0,2225.0,2225.0,2225.0
2019-05-09,2225.0,2225.0,2225.0,2225.0
2019-05-10,2225.0,2225.0,2225.0,2225.0
2019-05-13,2225.0,2225.0,2225.0,2225.0
2019-05-14,2225.0,2225.0,2225.0,2225.0
2019-05-15,2225.0,2225.0,2225.0,2225.0
2019-05-16,2225.0,2225.0,2225.0,2225.0
2019-05-17,2225.0,2225.0,2225.0,2225.0
2019-05-20,2225.0,2225.0,2225.0,2225.0
2019-05-21,2225.0,2225.0,2225.0,2225.0
2019-05-22,2225.0,2225.0,2225.0,2225.0
2019-05-23,2225.0,2225.0,2225.0,2225.0
2019-05-24,2225.0,2225.0,2225.0,2225.0
2019-05-28,2225.0,2225.0,2225.0,2225.0
2019-05-29,2225.0,2225.0,2225.0,2225.0
2019-05-30,2225.0,2225.0,2225.0,2225.0
2019-05-31,2225.0,2225.0,2225.0,2225.0
2019-06-03,2225.0,2225.0,2225.0,2225.0
2019-06-04,2225.0,2225.0,2225.0,2225.0
2019-06-05,2225.0,2225.0,2225.0,2225.0
2019-06-06,2225.0,2225.0,2225.0,2225.0
2019-06-07,2225.0,2225.0,2225.0,2225.0
2019-06-10,2225.0,2225.0,2225.0,2225.0
2019-06-11,2225.0,2225.0,2225.0,2225.0
2019-06-12,2225.0,2225.0,2225.0,2225.0
2019-06-13,2225.0,2225.0,2225.0,2225.0
2019-06-14,2225.0,2225.0,2225.0,2225.0
2019-06-17,2225.0,2225.0,2225.0,2225.0
2019-06-18,2225.0,2225.0,2225.0,2225.0
2019-06-19,2225.0,2225.0,2225.0,2225.0
2019-06-20,2225.0,2225.0,2225.0,2225.0
2019-06-21,2225.0,2225.0,2225.0,2225.0
2019-06-24,2225.0,2225.0,2225.0,2225.0
2019-06-25,2225.0,2225.0,2225.0,2225.0
2019-06-26,2225.0,2225.0,2225.0,2225.0
2019-06-27,1820.0,1820.0,1820.0,1820.0
2019-06-28,1820.0,1820.0,1820.0,1820.0
2019-07-01,1793.5,1793.5,1793.5,1793.5
2019-07-02,1778.5,1778.5,1778.5,1778.5
2019-07-03,1789.75,1780.5,1783.5,1780.5
2019-07-05,1806.75,1806.75,1806.75,1806.75
2019-07-08,1813.25,1813.25,1813.25,1813.25
2019-07-09,1853.5,1855.0,1875.0,1855.0
2019-07-10,1861.5,1861.5,1861.5,1861.5
2019-07-11,1865.0,1865.0,1865.0,1865.0
2019-07-12,1860.0,1860.0,1860.0,1860.0
2019-07-15,1860.0,1864.5,1865.0,1860.0
2019-07-16,1860.0,1875.0,1875.0,1875.0
2019-07-17,1860.0,1860.0,1860.0,1860.0
2019-07-18,1863.0,1863.0,1863.0,1863.0
2019-07-19,1886.0,1880.0,1880.0,1880.0
2019-07-22,1861.75,1861.75,1861.75,1861.75
2019-07-23,1861.75,1861.75,1861.75,1861.75
2019-07-24,1861.75,1861.75,1861.75,1861.75
2019-07-25,1861.75,1861.75,1861.75,1861.75
2019-07-26,1845.25,1845.25,1845.25,1845.25
2019-07-29,1840.75,1830.0,1837.5,1830.0
2019-07-30,1826.0,1840.0,1844.5,1827.0
2019-07-31,1811.5,1826.75,1826.75,1811.5
2019-08-01,1792.75,1791.75,1792.25,1791.75
2019-08-02,1783.25,1796.0,1796.0,1782.25
2019-08-05,1823.5,1823.5,1823.5,1823.5
2019-08-06,1771.5,1781.5,1781.75,1772.75
2019-08-07,1811.75,1811.75,1811.75,1811.75
2019-08-08,1799.0,1781.0,1800.5,1780.5
2019-08-09,1792.75,1798.5,1801.5,1788.75
2019-08-12,1783.5,1801.0,1804.75,1781.25
2019-08-13,1798.0,1787.75,1807.0,1776.0
2019-08-14,1790.0,1799.0,1799.0,1786.75
2019-08-15,1796.25,1792.0,1796.5,1791.0
2019-08-16,1808.0,1800.75,1819.75,1799.5
2019-08-19,1805.75,1819.0,1822.75,1805.25
2019-08-20,1793.0,1793.0,1794.5,1793.0
2019-08-21,1786.75,1788.0,1788.0,1788.0
2019-08-22,1821.0,1821.0,1821.0,1821.0
2019-08-23,1774.5,1774.5,1774.5,1774.5
2019-08-26,1774.5,1774.5,1774.5,1774.5
2019-08-27,1768.25,1768.25,1768.25,1768.25
2019-08-28,1757.75,1757.75,1757.75,1757.75
2019-08-29,1759.0,1759.0,1759.0,1759.0
2019-08-30,1758.0,1758.0,1758.0,1758.0
2019-09-03,1751.75,1751.75,1751.75,1751.75
2019-09-04,1770.0,1770.0,1770.0,1770.0
2019-09-05,1782.75,1782.75,1782.75,1782.75
2019-09-06,1784.75,1784.75,1784.75,1784.75
2019-09-09,1795.25,1795.25,1795.25,1795.25
2019-09-10,1814.25,1800.0,1800.0,1800.0
2019-09-11,1820.5,1820.5,1820.5,1820.5
2019-09-12,1798.0,1814.0,1814.0,1814.0
2019-09-13,1807.0,1807.0,1807.0,1807.0
2019-09-16,1791.0,1791.0,1791.0,1791.0
2019-09-17,1778.5,1782.5,1790.5,1782.5
2019-09-18,1783.0,1791.0,1791.0,1785.0
2019-09-19,1798.75,1798.75,1798.75,1798.75
2019-09-20,1800.5,1800.0,1800.0,1800.0
2019-09-23,1800.0,1785.0,1785.0,1785.0
2019-09-24,1767.75,1767.75,1767.75,1767.75
2019-09-25,1766.0,1766.0,1766.0,1766.0
2019-09-26,1755.0,1755.0,1755.0,1755.0
2019-09-27,1748.25,1748.25,1748.25,1748.25
2019-09-30,1732.25,1732.25,1732.25,1732.25
2019-10-01,1737.25,1737.25,1737.25,1737.25
2019-10-02,1707.25,1707.25,1707.25,1707.25
2019-10-03,1715.5,1708.0,1708.0,1708.0
2019-10-04,1719.5,1719.5,1719.5,1719.5
2019-10-07,1739.75,1754.0,1754.0,1754.0
2019-10-08,1749.75,1747.25,1747.25,1742.0
2019-10-09,1744.5,1744.5,1744.5,1744.5
2019-10-10,1756.25,1752.5,1752.75,1752.5
2019-10-11,1724.25,1730.75,1730.75,1730.75
2019-10-14,1722.5,1719.5,1719.5,1719.5
2019-10-15,1736.5,1724.25,1736.0,1724.25
2019-10-16,1739.5,1729.0,1729.0,1729.0
2019-10-17,1741.75,1741.75,1741.75,1741.75
2019-10-18,1756.5,1745.0,1745.0,1745.0
2019-10-21,1754.0,1754.0,1754.0,1754.0
2019-10-22,1735.5,1735.5,1735.5,1735.5
2019-10-23,1741.0,1732.5,1732.5,1732.5
2019-10-24,1734.0,1734.0,1734.0,1734.0
2019-10-25,1740.5,1740.5,1740.5,1740.5
2019-10-28,1748.5,1742.0,1750.0,1742.0
2019-10-29,1742.5,1742.5,1742.5,1742.5
2019-10-30,1760.25,1760.25,1760.25,1760.25
2019-10-31,1763.0,1763.0,1763.0,1763.0
2019-11-01,1794.0,1794.0,1794.0,1794.0
2019-11-04,1809.5,1790.0,1790.0,1790.0
2019-11-05,1814.0,1810.0,1810.0,1810.0
2019-11-06,1811.5,1800.0,1807.25,1795.0
2019-11-07,1816.5,1816.5,1816.5,1816.5
2019-11-08,1818.25,1818.25,1818.25,1818.25
2019-11-11,1794.0,1794.0,1794.0,1794.0
2019-11-12,1780.75,1790.0,1790.0,1790.0
2019-11-13,1770.5,1770.5,1770.5,1770.5
2019-11-14,1750.5,1750.5,1750.5,1750.5
2019-11-15,1775.75,1756.5,1767.5,1756.5
2019-11-18,1752.0,1752.0,1752.0,1752.0
2019-11-19,1745.75,1745.75,1745.75,1745.75
2019-11-20,1758.5,1758.5,1758.5,1758.5
2019-11-21,1754.0,1754.0,1754.0,1754.0
2019-11-22,1757.5,1757.5,1757.5,1757.5
2019-11-25,1755.5,1755.5,1755.5,1755.5
2019-11-26,1773.5,1773.5,1773.5,1773.5
2019-11-27,1783.25,1800.75,1800.75,1783.25
2019-11-29,1785.0,1785.0,1785.0,1785.0
2019-12-02,1804.75,1786.5,1805.5,1779.5
2019-12-03,1782.5,1782.5,1782.5,1782.5
2019-12-04,1764.5,1764.5,1764.5,1764.5
2019-12-05,1757.5,1757.5,1757.5,1757.5
2019-12-06,1770.5,1770.5,1770.5,1770.5
2019-12-09,1764.5,1764.5,1764.5,1764.5
2019-12-10,1772.5,1772.5,1772.5,1772.5
2019-12-11,1767.25,1763.5,1763.5,1763.5
2019-12-12,1785.75,1791.25,1791.25,1784.75
2019-12-13,1776.0,1793.75,1793.75,1774.5
2019-12-16,1784.5,1779.0,1787.5,1778.75
2019-12-17,1772.75,1772.25,1772.25,1772.25
2019-12-18,1786.25,1786.25,1786.25,1786.25
2019-12-19,1807.25,1807.25,1807.25,1807.25
2019-12-20,1808.25,1808.25,1808.25,1808.25
2019-12-23,1818.75,1818.75,1818.75,1818.75
2019-12-24,1823.0,1823.0,1823.0,1823.0
2019-12-27,1842.0,1842.0,1842.0,1842.0
2019-12-30,1846.5,1846.0,1846.0,1846.0
2019-12-31,1824.5,1824.5,1824.5,1824.5
2020-01-02,1825.0,1825.0,1825.0,1825.0
2020-01-03,1830.0,1830.0,1830.0,1830.0
2020-01-06,1854.25,1855.25,1857.75,1853.25
2020-01-07,1832.25,1832.25,1832.25,1832.25
2020-01-08,1816.75,1816.5,1816.5,1816.5
2020-01-09,1817.5,1810.0,1826.0,1810.0
2020-01-10,1811.5,1811.5,1811.5,1811.5
2020-01-13,1812.0,1812.0,1815.25,1807.75
2020-01-14,1823.0,1814.0,1821.5,1813.75
2020-01-15,1815.25,1819.25,1819.25,1815.75
2020-01-16,1824.75,1822.75,1824.75,1822.75
2020-01-17,1809.25,1809.25,1809.25,1809.25
2020-01-21,1827.0,1827.0,1827.0,1827.0
2020-01-22,1827.75,1827.75,1827.75,1827.75
2020-01-23,1809.5,1809.5,1809.5,1809.5
2020-01-24,1786.0,1786.0,1786.0,1786.0
2020-01-27,1784.25,1784.25,1784.25,1784.25
2020-01-28,1779.0,1775.0,1775.0,1775.0
2020-01-29,1757.5,1757.5,1757.5,1757.5
2020-01-30,1753.75,1753.75,1753.75,1753.75
2020-01-31,1741.75,1741.75,1741.75,1741.75
2020-02-03,1708.5,1708.5,1708.5,1708.5
2020-02-04,1717.5,1720.75,1720.75,1720.0
2020-02-05,1728.0,1728.0,1728.0,1728.0
2020-02-06,1757.0,1745.5,1767.5,1745.5
2020-02-07,1737.0,1737.0,1737.0,1737.0
2020-02-10,1726.0,1725.0,1725.0,1725.0
2020-02-11,1749.75,1749.75,1749.75,1749.75
2020-02-12,1751.5,1756.5,1761.5,1752.0
2020-02-13,1757.25,1740.0,1740.0,1740.0
2020-02-14,1739.5,1739.5,1739.5,1739.5
2020-02-18,1718.75,1718.75,1718.75,1718.75
2020-02-19,1730.0,1730.0,1730.0,1730.0
2020-02-20,1716.75,1716.75,1716.75,1716.75
2020-02-21,1704.0,1704.0,1704.0,1704.0
2020-02-24,1711.25,1715.75,1715.75,1713.0
2020-02-25,1715.5,1711.5,1720.0,1711.25
2020-02-26,1702.5,1701.75,1708.75,1700.0
2020-02-27,1687.0,1688.5,1690.25,1687.0
2020-02-28,1684.0,1682.0,1685.0,1682.0
2020-03-02,1708.0,1708.0,1708.0,1708.0
2020-03-03,1717.25,1717.25,1717.25,1717.25
2020-03-04,1723.75,1723.75,1723.75,1723.75
2020-03-05,1709.25,1709.25,1709.25,1709.25
2020-03-06,1678.75,1679.25,1679.25,1679.25
2020-03-09,1663.75,1663.75,1663.75,1663.75
2020-03-10,1686.0,1686.0,1686.0,1686.0
2020-03-11,1685.25,1682.25,1682.25,1682.25
2020-03-12,1659.75,1659.75,1659.75,1659.75
2020-03-13,1662.25,1662.25,1662.25,1662.25
2020-03-16,1686.75,1686.75,1686.75,1686.75
2020-03-17,1653.0,1653.0,1653.0,1653.0
2020-03-18,1637.5,1637.5,1637.5,1637.5
2020-03-19,1625.5,1625.5,1625.5,1625.5
2020-03-20,1588.25,1588.25,1588.25,1588.25
2020-03-23,1563.0,1563.0,1563.0,1563.0
2020-03-24,1559.25,1559.25,1559.25,1559.25
2020-03-25,1551.5,1551.5,1551.5,1551.5
2020-03-26,1534.75,1534.75,1534.75,1534.75
2020-03-27,1539.0,1539.0,1539.0,1539.0
2020-03-30,1530.0,1520.0,1520.0,1520.0
2020-03-31,1512.0,1512.0,1512.0,1512.0
2020-04-01,1488.75,1485.0,1485.0,1485.0
2020-04-02,1492.5,1490.0,1490.0,1490.0
2020-04-03,1478.0,1475.0,1478.0,1475.0
2020-04-06,1457.5,1457.5,1457.5,1457.5
2020-04-07,1482.0,1492.25,1492.25,1484.75
2020-04-08,1471.75,1475.5,1476.5,1470.0
2020-04-09,1460.25,1460.25,1460.25,1460.25
2020-04-13,1460.25,1460.25,1460.25,1460.25
2020-04-14,1494.0,1494.0,1494.0,1494.0
2020-04-15,1497.0,1504.0,1504.0,1504.0
2020-04-16,1526.75,1526.0,1526.0,1526.0
2020-04-17,1502.5,1502.5,1502.5,1502.5
2020-04-20,1527.75,1527.5,1527.75,1527.5
2020-04-21,1520.75,1525.0,1534.0,1515.75
2020-04-22,1543.75,1532.0,1539.75,1532.0
2020-04-23,1535.0,1538.75,1544.0,1532.5
2020-04-24,1499.5,1499.5,1499.5,1499.5
2020-04-27,1531.0,1541.0,1541.0,1527.5
2020-04-28,1525.75,1530.0,1532.5,1525.75
2020-04-29,1502.5,1502.5,1502.5,1502.5
2020-04-30,1515.0,1515.0,1515.0,1515.0
2020-05-01,1489.5,1489.5,1489.5,1489.5
2020-05-04,1502.75,1501.25,1505.25,1499.75
2020-05-05,1506.0,1499.75,1502.75,1498.75
2020-05-06,1501.5,1505.25,1506.25,1500.5
2020-05-07,1503.0,1503.75,1503.75,1502.75
2020-05-11,1482.75,1482.75,1482.75,1482.75
2020-05-12,1493.5,1497.0,1497.0,1493.25
2020-05-13,1491.25,1485.25,1492.5,1479.25
2020-05-14,1491.25,1491.25,1491.25,1491.25
2020-05-18,1504.75,1504.75,1504.75,1504.75
2020-05-19,1502.0,1502.0,1502.0,1502.0
2020-05-20,1498.75,1498.75,1498.75,1498.75
2020-05-21,1524.5,1524.5,1524.5,1524.5
2020-05-22,1489.75,1489.75,1489.75,1489.75
2020-05-26,1526.25,1526.25,1526.25,1526.25
2020-05-27,1536.5,1536.5,1536.5,1536.5
2020-05-28,1536.5,1536.5,1536.5,1536.5
2020-05-29,1532.25,1532.25,1532.25,1532.25
2020-06-01,1539.75,1549.25,1549.25,1549.0
2020-06-02,1564.0,1528.25,1530.0,1528.25
2020-06-03,1580.25,1580.25,1580.25,1580.25
2020-06-04,1577.25,1585.25,1585.25,1581.25
2020-06-05,1599.75,1599.75,1599.75,1599.75
2020-06-08,1618.0,1625.25,1625.25,1625.25
2020-06-09,1613.75,1613.75,1613.75,1613.75
2020-06-10,1633.75,1633.75,1633.75,1633.75
2020-06-11,1605.25,1605.25,1605.25,1605.25
2020-06-12,1605.0,1605.0,1605.0,1605.0
2020-06-15,1573.0,1573.0,1573.0,1573.0
2020-06-16,1594.5,1594.5,1594.5,1594.5
2020-06-17,1603.25,1615.0,1615.0,1615.0
2020-06-18,1608.75,1608.75,1608.75,1608.75
2020-06-19,1586.5,1586.5,1586.5,1586.5
2020-06-22,1596.25,1596.25,1596.25,1596.25
2020-06-23,1587.0,1587.0,1587.0,1587.0
2020-06-24,1568.25,1568.25,1568.25,1568.25
2020-06-25,1564.25,1564.25,1564.25,1564.25
2020-06-26,1589.5,1589.5,1589.5,1589.5
2020-06-29,1597.75,1597.75,1597.75,1597.75
2020-06-30,1617.5,1617.5,1617.5,1617.5
2020-07-01,1631.5,1639.5,1645.25,1626.25
2020-07-02,1631.0,1632.0,1637.5,1626.5
2020-07-06,1641.25,1632.5,1644.25,1632.0
2020-07-07,1617.25,1621.5,1621.5,1621.5
2020-07-08,1654.0,1621.5,1621.5,1621.5
2020-07-09,1647.5,1647.5,1647.5,1647.5
2020-07-10,1630.25,1641.25,1656.75,1641.25
2020-07-13,1656.75,1656.75,1656.75,1656.75
2020-07-16,1668.5,1668.5,1668.5,1668.5
2020-07-17,1670.25,1670.25,1670.25,1670.25
2020-07-20,1688.0,1673.75,1673.75,1671.25
2020-07-21,1691.75,1691.75,1691.75,1691.75
2020-07-23,1697.0,1697.0,1697.0,1697.0
2020-07-24,1696.0,1696.0,1696.0,1696.0
2020-07-27,1701.0,1701.0,1701.0,1701.0
2020-07-28,1720.25,1720.25,1720.25,1720.25
2020-07-29,1717.75,1717.75,1717.75,1717.75
2020-07-30,1710.25,1710.25,1710.25,1710.25
2020-07-31,1713.25,1712.5,1728.5,1712.5
2020-08-03,1754.5,1754.5,1754.5,1754.5
2020-08-04,1759.5,1759.5,1759.5,1759.5
2020-08-05,1752.0,1752.0,1752.0,1752.0
2020-08-06,1759.0,1759.0,1759.0,1759.0
2020-08-07,1753.25,1753.25,1753.25,1753.25
2020-08-10,1764.75,1764.75,1764.75,1764.75
2020-08-11,1765.75,1765.75,1765.75,1765.75
2020-08-12,1761.5,1761.5,1761.5,1761.5
2020-08-13,1732.75,1732.75,1732.75,1732.75
2020-08-14,1704.75,1704.75,1704.75,1704.75
2020-08-17,1721.75,1721.75,1721.75,1721.75
2020-08-18,1749.0,1749.0,1749.0,1749.0
2020-08-19,1772.75,1772.75,1772.75,1772.75
2020-08-20,1768.75,1768.75,1768.75,1768.75
2020-08-21,1746.0,1746.0,1746.0,1746.0
2020-08-24,1741.0,1741.0,1741.0,1741.0
2020-08-25,1783.0,1767.75,1784.0,1765.0
2020-08-26,1782.25,1783.25,1795.75,1782.0
2020-08-27,1783.75,1788.0,1791.0,1775.0
2020-08-28,1801.75,1787.75,1808.0,1784.5
2020-08-31,1801.5,1801.5,1801.5,1801.5
2020-09-01,1817.5,1803.0,1827.5,1803.0
2020-09-02,1794.75,1819.25,1821.5,1792.0
2020-09-03,1787.0,1793.0,1796.5,1777.75
2020-09-04,1793.75,1795.5,1796.0,1781.25
2020-09-08,1806.0,1801.25,1811.0,1780.0
2020-09-09,1790.5,1796.5,1799.0,1779.5
2020-09-10,1800.0,1789.5,1799.75,1795.75
2020-09-11,1789.0,1793.0,1793.0,1788.75
2020-09-14,1811.0,1797.5,1811.0,1794.5
2020-09-15,1786.0,1807.5,1815.25,1805.0
2020-09-16,1807.25,1820.0,1820.5,1802.5
2020-09-17,1791.75,1800.5,1800.5,1791.0
2020-09-18,1804.75,1798.0,1814.0,1796.0
2020-09-21,1814.75,1814.75,1814.75,1814.75
2020-09-22,1814.75,1814.75,1814.75,1814.75
2020-09-23,1777.75,1786.75,1792.0,1772.0
2020-09-24,1755.75,1755.75,1755.75,1755.75
2020-09-25,1767.0,1764.5,1769.0,1762.75
2020-09-28,1792.0,1793.0,1793.5,1793.0
2020-09-29,1797.25,1805.0,1805.0,1805.0
2020-09-30,1799.0,1799.0,1799.0,1799.0
2020-10-01,1763.5,1790.0,1790.0,1760.75
2020-10-02,1795.0,1757.5,1798.5,1757.5
2020-10-05,1797.5,1794.75,1799.25,1794.25
2020-10-06,1787.5,1806.25,1806.5,1786.0
2020-10-07,1809.0,1791.25,1815.75,1791.25
2020-10-08,1835.0,1828.75,1833.5,1828.75
2020-10-09,1876.25,1843.5,1879.5,1843.5
2020-10-12,1881.5,1877.75,1882.0,1877.5
2020-10-13,1872.5,1874.5,1875.0,1865.0
2020-10-14,1865.5,1878.25,1878.25,1864.75
2020-10-15,1868.25,1865.0,1865.0,1865.0
2020-10-16,1878.5,1886.5,1886.5,1878.0
2020-10-19,1863.75,1866.5,1868.0,1864.75
2020-10-20,1854.5,1867.25,1867.25,1854.25
2020-10-21,1865.0,1867.75,1868.0,1867.75
2020-10-22,1852.0,1852.0,1852.0,1852.0
2020-10-26,1838.0,1838.0,1838.0,1838.0
2020-10-27,1832.0,1832.0,1832.0,1832.0
2020-10-28,1817.0,1817.25,1817.25,1817.25
2020-10-29,1815.5,1811.5,1815.5,1811.0
2020-10-30,1844.5,1844.5,1844.5,1844.5
2020-11-02,1885.0,1885.0,1885.0,1885.0
2020-11-03,1919.5,1886.75,1918.0,1918.0
2020-11-04,1926.5,1887.25,1916.0,1907.25
2020-11-05,1913.25,1913.25,1913.25,1913.25
2020-11-06,1923.0,1929.5,1929.5,1915.0
2020-11-09,1900.25,1900.25,1900.25,1900.25
2020-11-10,1923.25,1919.0,1926.75,1919.0
2020-11-11,1930.75,1930.75,1930.75,1930.75
2020-11-12,1937.5,1937.5,1937.5,1937.5
2020-11-13,1944.5,1959.0,1959.25,1959.0
2020-11-16,1998.5,1950.0,1969.0,1950.0
2020-11-17,1983.25,1983.25,1983.25,1983.25
2020-11-19,1993.0,1996.0,2002.25,1991.0
2020-11-20,1993.75,2002.5,2007.5,1993.75
2020-11-23,1969.5,1991.75,1970.0,1968.5
2020-11-24,1982.0,1973.0,1982.5,1981.5
2020-11-25,1987.5,1990.0,1990.0,1979.0
2020-11-26,1984.25,1984.25,1984.25,1984.25
2020-11-30,2039.5,2032.75,2032.75,2032.75
2020-12-01,2062.5,2061.5,2064.75,2061.5
2020-12-02,2068.25,2074.5,2074.75,2038.0
2020-12-03,2034.75,2034.75,2034.75,2034.75
2020-12-04,2051.5,2057.5,2057.5,2056.25
2020-12-07,2025.75,2023.0,2023.0,2022.75
2020-12-08,2001.25,2005.0,2012.0,2000.0
2020-12-09,2045.0,2034.5,2034.5,2034.0
2020-12-10,2065.0,2065.0,2065.0,2065.0
2020-12-11,2060.25,2040.25,2040.25,2034.75
2020-12-14,2034.75,2034.75,2034.75,2034.75
2020-12-15,2034.25,2034.25,2034.25,2034.25
2020-12-16,2048.5,2048.5,2048.5,2048.5
2020-12-17,2065.25,2065.25,2065.25,2065.25
2020-12-18,2075.0,2071.5,2071.5,2071.5
2020-12-21,2045.0,2065.5,2065.5,2038.25
2020-12-22,2017.25,2017.25,2017.25,2017.25
2020-12-23,2037.0,2037.0,2037.0,2037.0
2020-12-29,2014.25,2010.5,2014.25,2009.5
2020-12-30,2024.0,2024.0,2024.0,2024.0
