Date, Close/Last, Volume, Open, High, Low
12/31/2020, $25.2513, N/A, $25.2513, $25.2513, $25.2513
12/30/2020, $25.2513, N/A, $25.2513, $25.2513, $25.2513
12/29/2020, $25.2513, N/A, $25.2513, $25.2513, $25.2513
12/28/2020, $25.2513, N/A, $25.2513, $25.2513, $25.2513
12/24/2020, $25.2513, N/A, $25.2513, $25.2513, $25.2513
12/23/2020, $25.2513, N/A, $25.2513, $25.2513, $25.2513
12/22/2020, $25.2513, N/A, $25.2513, $25.2513, $25.2513
12/21/2020, $25.2513, N/A, $25.2513, $25.2513, $25.2513
12/18/2020, $25.2513, N/A, $25.2513, $25.2513, $25.2513
12/17/2020, $25.2513, N/A, $25.2513, $25.2513, $25.2513
12/16/2020, $25.2513, N/A, $25.2513, $25.2513, $25.2513
12/15/2020, $25.2513, N/A, $25.2513, $25.2513, $25.2513
12/14/2020, $25.2513, N/A, $25.2513, $25.2513, $25.2513
12/11/2020, $25.2513, N/A, $25.2513, $25.2513, $25.2513
12/10/2020, $25.2513, N/A, $25.2513, $25.2513, $25.2513
12/09/2020, $25.2513, N/A, $25.2513, $25.2513, $25.2513
12/08/2020, $25.2513, N/A, $25.2513, $25.2513, $25.2513
12/07/2020, $25.2513, N/A, $25.2513, $25.2513, $25.2513
12/04/2020, $25.2513, N/A, $25.2513, $25.2513, $25.2513
12/03/2020, $25.2513, N/A, $25.2513, $25.2513, $25.2513
12/02/2020, $25.2513, N/A, $25.2513, $25.2513, $25.2513
12/01/2020, $25.2513, N/A, $25.2513, $25.2513, $25.2513
11/30/2020, $25.2513, N/A, $25.2513, $25.2513, $25.2513
11/27/2020, $25.2513, N/A, $25.2513, $25.2513, $25.2513
11/25/2020, $25.2513, N/A, $25.2513, $25.2513, $25.2513
11/24/2020, $25.2513, N/A, $25.2513, $25.2513, $25.2513
11/23/2020, $25.2513, N/A, $25.2513, $25.2513, $25.2513
11/20/2020, $25.2513, N/A, $25.2513, $25.2513, $25.2513
11/19/2020, $25.2513, N/A, $25.2513, $25.2513, $25.2513
11/18/2020, $25.2513, N/A, $25.2513, $25.2513, $25.2513
11/17/2020, $25.2513, N/A, $25.2513, $25.2513, $25.2513
11/16/2020, $25.2513, N/A, $25.2513, $25.2513, $25.2513
11/13/2020, $25.2513, N/A, $25.2513, $25.2513, $25.2513
11/12/2020, $25.2513, N/A, $25.2513, $25.2513, $25.2513
11/11/2020, $25.2513, N/A, $25.2513, $25.2513, $25.2513
11/10/2020, $25.2513, N/A, $25.2513, $25.2513, $25.2513
11/09/2020, $25.2513, N/A, $25.2513, $25.2513, $25.2513
11/06/2020, $25.2513, N/A, $25.2513, $25.2513, $25.2513
11/05/2020, $25.2513, N/A, $25.2513, $25.2513, $25.2513
11/04/2020, $25.2513, N/A, $25.2513, $25.2513, $25.2513
11/03/2020, $25.2513, N/A, $25.2513, $25.2513, $25.2513
11/02/2020, $25.2513, N/A, $25.2513, $25.2513, $25.2513
10/30/2020, $25.2513, N/A, $25.2513, $25.2513, $25.2513
10/29/2020, $25.2513, N/A, $25.2513, $25.2513, $25.2513
10/28/2020, $25.2513, N/A, $25.2513, $25.2513, $25.2513
10/27/2020, $25.2513, N/A, $25.2513, $25.2513, $25.2513
10/26/2020, $25.2513, N/A, $25.2513, $25.2513, $25.2513
10/23/2020, $25.2513, N/A, $25.2513, $25.2513, $25.2513
10/22/2020, $25.2513, N/A, $25.2513, $25.2513, $25.2513
10/21/2020, $25.2513, N/A, $25.2513, $25.2513, $25.2513
10/20/2020, $25.2513, N/A, $25.2513, $25.2513, $25.2513
10/19/2020, $25.2513, N/A, $25.2513, $25.2513, $25.2513
10/16/2020, $25.2513, N/A, $25.2513, $25.2513, $25.2513
10/15/2020, $25.2513, N/A, $25.2513, $25.2513, $25.2513
10/14/2020, $25.2513, 100, $25.2513, $25.2513, $25.2513
10/13/2020, $26.8, N/A, $26.8, $26.8, $26.8
10/12/2020, $26.8, N/A, $26.8, $26.8, $26.8
10/09/2020, $26.8, N/A, $26.8, $26.8, $26.8
10/08/2020, $26.8, N/A, $26.8, $26.8, $26.8
10/07/2020, $26.8, N/A, $26.8, $26.8, $26.8
10/06/2020, $26.8, N/A, $26.8, $26.8, $26.8
10/05/2020, $26.8, N/A, $26.8, $26.8, $26.8
10/02/2020, $26.8, N/A, $26.8, $26.8, $26.8
10/01/2020, $26.8, N/A, $26.8, $26.8, $26.8
09/30/2020, $26.8, N/A, $26.8, $26.8, $26.8
09/29/2020, $26.8, N/A, $26.8, $26.8, $26.8
09/28/2020, $26.8, N/A, $26.8, $26.8, $26.8
09/25/2020, $26.8, N/A, $26.8, $26.8, $26.8
09/24/2020, $26.8, N/A, $26.8, $26.8, $26.8
09/23/2020, $26.8, N/A, $26.8, $26.8, $26.8
09/22/2020, $26.8, N/A, $26.8, $26.8, $26.8
09/21/2020, $26.8, N/A, $26.8, $26.8, $26.8
09/18/2020, $26.8, N/A, $26.8, $26.8, $26.8
09/17/2020, $26.8, N/A, $26.8, $26.8, $26.8
09/16/2020, $26.8, N/A, $26.8, $26.8, $26.8
09/15/2020, $26.8, N/A, $26.8, $26.8, $26.8
09/14/2020, $26.8, N/A, $26.8, $26.8, $26.8
09/11/2020, $26.8, N/A, $26.8, $26.8, $26.8
09/10/2020, $26.8, N/A, $26.8, $26.8, $26.8
09/09/2020, $26.8, N/A, $26.8, $26.8, $26.8
09/08/2020, $26.8, N/A, $26.8, $26.8, $26.8
09/04/2020, $26.8, N/A, $26.8, $26.8, $26.8
09/03/2020, $26.8, N/A, $26.8, $26.8, $26.8
09/02/2020, $26.8, N/A, $26.8, $26.8, $26.8
09/01/2020, $26.8, N/A, $26.8, $26.8, $26.8
08/31/2020, $26.8, N/A, $26.8, $26.8, $26.8
08/28/2020, $26.8, N/A, $26.8, $26.8, $26.8
08/27/2020, $26.8, N/A, $26.8, $26.8, $26.8
08/26/2020, $26.8, N/A, $26.8, $26.8, $26.8
08/25/2020, $26.8, N/A, $26.8, $26.8, $26.8
08/24/2020, $26.8, N/A, $26.8, $26.8, $26.8
08/21/2020, $26.8, N/A, $26.8, $26.8, $26.8
08/20/2020, $26.8, N/A, $26.8, $26.8, $26.8
08/19/2020, $26.8, N/A, $26.8, $26.8, $26.8
08/18/2020, $26.8, N/A, $26.8, $26.8, $26.8
08/17/2020, $26.8, N/A, $26.8, $26.8, $26.8
08/14/2020, $26.8, 125, $26.8, $26.8, $26.8
08/13/2020, $25.6, N/A, $25.6, $25.6, $25.6
08/12/2020, $25.6, N/A, $25.6, $25.6, $25.6
08/11/2020, $25.6, N/A, $25.6, $25.6, $25.6
08/10/2020, $25.6, N/A, $25.6, $25.6, $25.6
08/07/2020, $25.6, N/A, $25.6, $25.6, $25.6
08/06/2020, $25.6, N/A, $25.6, $25.6, $25.6
08/05/2020, $25.6, N/A, $25.6, $25.6, $25.6
08/04/2020, $25.6, N/A, $25.6, $25.6, $25.6
08/03/2020, $25.6, N/A, $25.6, $25.6, $25.6
07/31/2020, $25.6, N/A, $25.6, $25.6, $25.6
07/30/2020, $25.6, N/A, $25.6, $25.6, $25.6
07/29/2020, $25.6, N/A, $25.6, $25.6, $25.6
07/28/2020, $25.6, 475, $25.6, $25.6, $25.6
07/27/2020, $24.75, N/A, $24.75, $24.75, $24.75
07/24/2020, $24.75, N/A, $24.75, $24.75, $24.75
07/23/2020, $24.75, N/A, $24.75, $24.75, $24.75
07/22/2020, $24.75, N/A, $24.75, $24.75, $24.75
07/21/2020, $24.75, N/A, $24.75, $24.75, $24.75
07/20/2020, $24.75, N/A, $24.75, $24.75, $24.75
07/17/2020, $24.75, N/A, $24.75, $24.75, $24.75
07/16/2020, $24.75, N/A, $24.75, $24.75, $24.75
07/15/2020, $24.75, N/A, $24.75, $24.75, $24.75
07/14/2020, $24.75, N/A, $24.75, $24.75, $24.75
07/13/2020, $24.75, N/A, $24.75, $24.75, $24.75
07/10/2020, $24.75, N/A, $24.75, $24.75, $24.75
07/09/2020, $24.75, N/A, $24.75, $24.75, $24.75
07/08/2020, $24.75, 2300, $24.75, $24.75, $24.75
07/07/2020, $23, N/A, $23, $23, $23
07/06/2020, $23, N/A, $23, $23, $23
07/02/2020, $23, N/A, $23, $23, $23
07/01/2020, $23, N/A, $23, $23, $23
06/30/2020, $23, N/A, $23, $23, $23
06/29/2020, $23, N/A, $23, $23, $23
06/26/2020, $23, N/A, $23, $23, $23
06/25/2020, $23, 120, $23, $23, $23
06/24/2020, $26, N/A, $26, $26, $26
06/23/2020, $26, N/A, $26, $26, $26
06/22/2020, $26, N/A, $26, $26, $26
06/19/2020, $26, N/A, $26, $26, $26
06/18/2020, $26, N/A, $26, $26, $26
06/17/2020, $26, N/A, $26, $26, $26
06/16/2020, $26, N/A, $26, $26, $26
06/15/2020, $26, N/A, $26, $26, $26
06/12/2020, $26, N/A, $26, $26, $26
06/11/2020, $26, N/A, $26, $26, $26
06/10/2020, $26, N/A, $26, $26, $26
06/09/2020, $26, N/A, $26, $26, $26
06/08/2020, $26, N/A, $26, $26, $26
06/05/2020, $26, 100, $26, $26, $26
06/04/2020, $22, N/A, $22, $22, $22
06/03/2020, $22, N/A, $22, $22, $22
06/02/2020, $22, N/A, $22, $22, $22
06/01/2020, $22, N/A, $22, $22, $22
05/29/2020, $22, N/A, $22, $22, $22
05/28/2020, $22, N/A, $22, $22, $22
05/27/2020, $22, N/A, $22, $22, $22
05/26/2020, $22, N/A, $22, $22, $22
05/22/2020, $22, N/A, $22, $22, $22
05/21/2020, $22, N/A, $22, $22, $22
05/20/2020, $22, N/A, $22, $22, $22
05/19/2020, $22, N/A, $22, $22, $22
05/18/2020, $22, N/A, $22, $22, $22
05/15/2020, $22, N/A, $22, $22, $22
05/14/2020, $22, N/A, $22, $22, $22
05/13/2020, $22, N/A, $22, $22, $22
05/12/2020, $22, 1583, $22, $22, $22
05/11/2020, $21.6, 380, $21.6, $21.6, $21.6
05/08/2020, $20.25, N/A, $20.25, $20.25, $20.25
05/07/2020, $20.25, N/A, $20.25, $20.25, $20.25
05/06/2020, $20.25, N/A, $20.25, $20.25, $20.25
05/05/2020, $20.25, N/A, $20.25, $20.25, $20.25
05/04/2020, $20.25, N/A, $20.25, $20.25, $20.25
05/01/2020, $20.25, N/A, $20.25, $20.25, $20.25
04/30/2020, $20.25, N/A, $20.25, $20.25, $20.25
04/29/2020, $20.25, N/A, $20.25, $20.25, $20.25
04/28/2020, $20.25, N/A, $20.25, $20.25, $20.25
04/27/2020, $20.25, N/A, $20.25, $20.25, $20.25
04/24/2020, $20.25, N/A, $20.25, $20.25, $20.25
04/23/2020, $20.25, N/A, $20.25, $20.25, $20.25
04/22/2020, $20.25, N/A, $20.25, $20.25, $20.25
04/21/2020, $20.25, N/A, $20.25, $20.25, $20.25
04/20/2020, $20.25, N/A, $20.25, $20.25, $20.25
04/17/2020, $20.25, N/A, $20.25, $20.25, $20.25
04/16/2020, $20.25, N/A, $20.25, $20.25, $20.25
04/15/2020, $20.25, N/A, $20.25, $20.25, $20.25
04/14/2020, $20.25, N/A, $20.25, $20.25, $20.25
04/13/2020, $20.25, N/A, $20.25, $20.25, $20.25
04/09/2020, $20.25, 100, $20.25, $20.25, $20.25
04/08/2020, $20.25, N/A, $20.25, $20.25, $20.25
04/07/2020, $20.25, N/A, $20.25, $20.25, $20.25
04/06/2020, $20.25, N/A, $20.25, $20.25, $20.25
04/03/2020, $20.25, N/A, $20.25, $20.25, $20.25
04/02/2020, $20.25, N/A, $20.25, $20.25, $20.25
04/01/2020, $20.25, N/A, $20.25, $20.25, $20.25
03/31/2020, $20.25, 100, $20.25, $20.25, $20.25
03/30/2020, $22.6, N/A, $22.6, $22.6, $22.6
03/27/2020, $22.6, N/A, $22.6, $22.6, $22.6
03/26/2020, $22.6, N/A, $22.6, $22.6, $22.6
03/25/2020, $22.6, N/A, $22.6, $22.6, $22.6
03/24/2020, $22.6, N/A, $22.6, $22.6, $22.6
03/23/2020, $22.6, N/A, $22.6, $22.6, $22.6
03/20/2020, $22.6, N/A, $22.6, $22.6, $22.6
03/19/2020, $22.6, N/A, $22.6, $22.6, $22.6
03/18/2020, $22.6, N/A, $22.6, $22.6, $22.6
03/17/2020, $22.6, N/A, $22.6, $22.6, $22.6
03/16/2020, $22.6, N/A, $22.6, $22.6, $22.6
03/13/2020, $22.6, N/A, $22.6, $22.6, $22.6
03/12/2020, $22.6, N/A, $22.6, $22.6, $22.6
03/11/2020, $22.6, N/A, $22.6, $22.6, $22.6
03/10/2020, $22.6, N/A, $22.6, $22.6, $22.6
03/09/2020, $22.6, N/A, $22.6, $22.6, $22.6
03/06/2020, $22.6, N/A, $22.6, $22.6, $22.6
03/05/2020, $22.6, N/A, $22.6, $22.6, $22.6
03/04/2020, $22.6, N/A, $22.6, $22.6, $22.6
03/03/2020, $22.6, N/A, $22.6, $22.6, $22.6
03/02/2020, $22.6, N/A, $22.6, $22.6, $22.6
02/28/2020, $22.6, N/A, $22.6, $22.6, $22.6
02/27/2020, $22.6, N/A, $22.6, $22.6, $22.6
02/26/2020, $22.6, N/A, $22.6, $22.6, $22.6
02/25/2020, $22.6, N/A, $22.6, $22.6, $22.6
02/24/2020, $22.6, N/A, $22.6, $22.6, $22.6
02/21/2020, $22.6, N/A, $22.6, $22.6, $22.6
02/20/2020, $22.6, N/A, $22.6, $22.6, $22.6
02/19/2020, $22.6, N/A, $22.6, $22.6, $22.6
02/18/2020, $22.6, N/A, $22.6, $22.6, $22.6
02/14/2020, $22.6, N/A, $22.6, $22.6, $22.6
02/13/2020, $22.6, N/A, $22.6, $22.6, $22.6
02/12/2020, $22.6, N/A, $22.6, $22.6, $22.6
02/11/2020, $22.6, N/A, $22.6, $22.6, $22.6
02/10/2020, $22.6, N/A, $22.6, $22.6, $22.6
02/07/2020, $22.6, N/A, $22.6, $22.6, $22.6
02/06/2020, $22.6, N/A, $22.6, $22.6, $22.6
02/05/2020, $22.6, N/A, $22.6, $22.6, $22.6
02/04/2020, $22.6, N/A, $22.6, $22.6, $22.6
02/03/2020, $22.6, N/A, $22.6, $22.6, $22.6
01/31/2020, $22.6, N/A, $22.6, $22.6, $22.6
01/30/2020, $22.6, N/A, $22.6, $22.6, $22.6
01/29/2020, $22.6, N/A, $22.6, $22.6, $22.6
01/28/2020, $22.6, N/A, $22.6, $22.6, $22.6
01/27/2020, $22.6, N/A, $22.6, $22.6, $22.6
01/24/2020, $22.6, N/A, $22.6, $22.6, $22.6
01/23/2020, $22.6, N/A, $22.6, $22.6, $22.6
01/22/2020, $22.6, N/A, $22.6, $22.6, $22.6
01/21/2020, $22.6, N/A, $22.6, $22.6, $22.6
01/17/2020, $22.6, N/A, $22.6, $22.6, $22.6
01/16/2020, $22.6, N/A, $22.6, $22.6, $22.6
01/15/2020, $22.6, N/A, $22.6, $22.6, $22.6
01/14/2020, $22.6, N/A, $22.6, $22.6, $22.6
01/13/2020, $22.6, N/A, $22.6, $22.6, $22.6
01/10/2020, $22.6, N/A, $22.6, $22.6, $22.6
01/09/2020, $22.6, N/A, $22.6, $22.6, $22.6
01/08/2020, $22.6, N/A, $22.6, $22.6, $22.6
01/07/2020, $22.6, N/A, $22.6, $22.6, $22.6
01/06/2020, $22.6, N/A, $22.6, $22.6, $22.6
01/03/2020, $22.6, N/A, $22.6, $22.6, $22.6
01/02/2020, $22.6, N/A, $22.6, $22.6, $22.6
12/31/2019, $22.6, N/A, $22.6, $22.6, $22.6
12/30/2019, $22.6, N/A, $22.6, $22.6, $22.6
12/27/2019, $22.6, N/A, $22.6, $22.6, $22.6
12/26/2019, $22.6, N/A, $22.6, $22.6, $22.6
12/24/2019, $22.6, N/A, $22.6, $22.6, $22.6
12/23/2019, $22.6, N/A, $22.6, $22.6, $22.6
12/20/2019, $22.6, N/A, $22.6, $22.6, $22.6
12/19/2019, $22.6, N/A, $22.6, $22.6, $22.6
12/18/2019, $22.6, N/A, $22.6, $22.6, $22.6
12/17/2019, $22.6, N/A, $22.6, $22.6, $22.6
12/16/2019, $22.6, N/A, $22.6, $22.6, $22.6
12/13/2019, $22.6, N/A, $22.6, $22.6, $22.6
12/12/2019, $22.6, N/A, $22.6, $22.6, $22.6
12/11/2019, $22.6, N/A, $22.6, $22.6, $22.6
12/10/2019, $22.6, N/A, $22.6, $22.6, $22.6
12/09/2019, $22.6, N/A, $22.6, $22.6, $22.6
12/06/2019, $22.6, N/A, $22.6, $22.6, $22.6
12/05/2019, $22.6, N/A, $22.6, $22.6, $22.6
12/04/2019, $22.6, N/A, $22.6, $22.6, $22.6
12/03/2019, $22.6, N/A, $22.6, $22.6, $22.6
12/02/2019, $22.6, N/A, $22.6, $22.6, $22.6
11/29/2019, $22.6, N/A, $22.6, $22.6, $22.6
11/27/2019, $22.6, N/A, $22.6, $22.6, $22.6
11/26/2019, $22.6, N/A, $22.6, $22.6, $22.6
11/25/2019, $22.6, N/A, $22.6, $22.6, $22.6
11/22/2019, $22.6, N/A, $22.6, $22.6, $22.6
11/21/2019, $22.6, N/A, $22.6, $22.6, $22.6
11/20/2019, $22.6, N/A, $22.6, $22.6, $22.6
11/19/2019, $22.6, N/A, $22.6, $22.6, $22.6
11/18/2019, $22.6, N/A, $22.6, $22.6, $22.6
11/15/2019, $22.6, N/A, $22.6, $22.6, $22.6
11/14/2019, $22.6, N/A, $22.6, $22.6, $22.6
11/13/2019, $22.6, N/A, $22.6, $22.6, $22.6
11/12/2019, $22.6, N/A, $22.6, $22.6, $22.6
11/11/2019, $22.6, N/A, $22.6, $22.6, $22.6
11/08/2019, $22.6, N/A, $22.6, $22.6, $22.6
11/07/2019, $22.6, N/A, $22.6, $22.6, $22.6
11/06/2019, $22.6, N/A, $22.6, $22.6, $22.6
11/05/2019, $22.6, N/A, $22.6, $22.6, $22.6
11/04/2019, $22.6, N/A, $22.6, $22.6, $22.6
11/01/2019, $22.6, N/A, $22.6, $22.6, $22.6
10/31/2019, $22.6, N/A, $22.6, $22.6, $22.6
10/30/2019, $22.6, N/A, $22.6, $22.6, $22.6
10/29/2019, $22.6, N/A, $22.6, $22.6, $22.6
10/28/2019, $22.6, N/A, $22.6, $22.6, $22.6
10/25/2019, $22.6, N/A, $22.6, $22.6, $22.6
10/24/2019, $22.6, N/A, $22.6, $22.6, $22.6
10/23/2019, $22.6, N/A, $22.6, $22.6, $22.6
10/22/2019, $22.6, N/A, $22.6, $22.6, $22.6
10/21/2019, $22.6, N/A, $22.6, $22.6, $22.6
10/18/2019, $22.6, N/A, $22.6, $22.6, $22.6
10/17/2019, $22.6, N/A, $22.6, $22.6, $22.6
10/16/2019, $22.6, N/A, $22.6, $22.6, $22.6
10/15/2019, $22.6, N/A, $22.6, $22.6, $22.6
10/14/2019, $22.6, N/A, $22.6, $22.6, $22.6
10/11/2019, $22.6, N/A, $22.6, $22.6, $22.6
10/10/2019, $22.6, N/A, $22.6, $22.6, $22.6
10/09/2019, $22.6, N/A, $22.6, $22.6, $22.6
10/08/2019, $22.6, N/A, $22.6, $22.6, $22.6
10/07/2019, $22.6, N/A, $22.6, $22.6, $22.6
10/04/2019, $22.6, N/A, $22.6, $22.6, $22.6
10/03/2019, $22.6, N/A, $22.6, $22.6, $22.6
10/02/2019, $22.6, N/A, $22.6, $22.6, $22.6
10/01/2019, $22.6, N/A, $22.6, $22.6, $22.6
09/30/2019, $22.6, N/A, $22.6, $22.6, $22.6
09/27/2019, $22.6, N/A, $22.6, $22.6, $22.6
09/26/2019, $22.6, N/A, $22.6, $22.6, $22.6
09/25/2019, $22.6, N/A, $22.6, $22.6, $22.6
09/24/2019, $22.6, N/A, $22.6, $22.6, $22.6
09/23/2019, $22.6, N/A, $22.6, $22.6, $22.6
09/20/2019, $22.6, N/A, $22.6, $22.6, $22.6
09/19/2019, $22.6, N/A, $22.6, $22.6, $22.6
09/18/2019, $22.6, N/A, $22.6, $22.6, $22.6
09/17/2019, $22.6, N/A, $22.6, $22.6, $22.6
09/16/2019, $22.6, N/A, $22.6, $22.6, $22.6
09/13/2019, $22.6, N/A, $22.6, $22.6, $22.6
09/12/2019, $22.6, N/A, $22.6, $22.6, $22.6
09/11/2019, $22.6, N/A, $22.6, $22.6, $22.6
09/10/2019, $22.6, N/A, $22.6, $22.6, $22.6
09/09/2019, $22.6, N/A, $22.6, $22.6, $22.6
09/06/2019, $22.6, N/A, $22.6, $22.6, $22.6
09/05/2019, $22.6, N/A, $22.6, $22.6, $22.6
09/04/2019, $22.6, N/A, $22.6, $22.6, $22.6
09/03/2019, $22.6, N/A, $22.6, $22.6, $22.6
08/30/2019, $22.6, N/A, $22.6, $22.6, $22.6
08/29/2019, $22.6, N/A, $22.6, $22.6, $22.6
08/28/2019, $22.6, N/A, $22.6, $22.6, $22.6
08/27/2019, $22.6, N/A, $22.6, $22.6, $22.6
08/26/2019, $22.6, N/A, $22.6, $22.6, $22.6
08/23/2019, $22.6, N/A, $22.6, $22.6, $22.6
08/22/2019, $22.6, N/A, $22.6, $22.6, $22.6
08/21/2019, $22.6, N/A, $22.6, $22.6, $22.6
08/20/2019, $22.6, N/A, $22.6, $22.6, $22.6
08/19/2019, $22.6, N/A, $22.6, $22.6, $22.6
08/16/2019, $22.6, N/A, $22.6, $22.6, $22.6
08/15/2019, $22.6, N/A, $22.6, $22.6, $22.6
08/14/2019, $22.6, N/A, $22.6, $22.6, $22.6
08/13/2019, $22.6, N/A, $22.6, $22.6, $22.6
08/12/2019, $22.6, N/A, $22.6, $22.6, $22.6
08/09/2019, $22.6, N/A, $22.6, $22.6, $22.6
08/08/2019, $22.6, N/A, $22.6, $22.6, $22.6
08/07/2019, $22.6, N/A, $22.6, $22.6, $22.6
08/06/2019, $22.6, N/A, $22.6, $22.6, $22.6
08/05/2019, $22.6, N/A, $22.6, $22.6, $22.6
08/02/2019, $22.6, N/A, $22.6, $22.6, $22.6
08/01/2019, $22.6, N/A, $22.6, $22.6, $22.6
07/31/2019, $22.6, N/A, $22.6, $22.6, $22.6
07/30/2019, $22.6, N/A, $22.6, $22.6, $22.6
07/29/2019, $22.6, N/A, $22.6, $22.6, $22.6
07/26/2019, $22.6, N/A, $22.6, $22.6, $22.6
07/25/2019, $22.6, N/A, $22.6, $22.6, $22.6
07/24/2019, $22.6, N/A, $22.6, $22.6, $22.6
07/23/2019, $22.6, N/A, $22.6, $22.6, $22.6
07/22/2019, $22.6, N/A, $22.6, $22.6, $22.6
07/19/2019, $22.6, N/A, $22.6, $22.6, $22.6
07/18/2019, $22.6, N/A, $22.6, $22.6, $22.6
07/17/2019, $22.6, N/A, $22.6, $22.6, $22.6
07/16/2019, $22.6, N/A, $22.6, $22.6, $22.6
07/15/2019, $22.6, N/A, $22.6, $22.6, $22.6
07/12/2019, $22.6, N/A, $22.6, $22.6, $22.6
07/11/2019, $22.6, N/A, $22.6, $22.6, $22.6
07/10/2019, $22.6, N/A, $22.6, $22.6, $22.6
07/09/2019, $22.6, N/A, $22.6, $22.6, $22.6
07/08/2019, $22.6, N/A, $22.6, $22.6, $22.6
07/05/2019, $22.6, N/A, $22.6, $22.6, $22.6
07/03/2019, $22.6, 204, $22.6, $22.6, $22.6
07/02/2019, $22.71, N/A, $22.71, $22.71, $22.71
07/01/2019, $22.71, N/A, $22.71, $22.71, $22.71
06/28/2019, $22.71, N/A, $22.71, $22.71, $22.71
06/27/2019, $22.71, N/A, $22.71, $22.71, $22.71
06/26/2019, $22.71, N/A, $22.71, $22.71, $22.71
06/25/2019, $22.71, N/A, $22.71, $22.71, $22.71
06/24/2019, $22.71, N/A, $22.71, $22.71, $22.71
06/21/2019, $22.71, N/A, $22.71, $22.71, $22.71
06/20/2019, $22.71, N/A, $22.71, $22.71, $22.71
06/19/2019, $22.71, N/A, $22.71, $22.71, $22.71
06/18/2019, $22.71, N/A, $22.71, $22.71, $22.71
06/17/2019, $22.71, N/A, $22.71, $22.71, $22.71
06/14/2019, $22.71, N/A, $22.71, $22.71, $22.71
06/13/2019, $22.71, N/A, $22.71, $22.71, $22.71
06/12/2019, $22.71, N/A, $22.71, $22.71, $22.71
06/11/2019, $22.71, N/A, $22.71, $22.71, $22.71
06/10/2019, $22.71, N/A, $22.71, $22.71, $22.71
06/07/2019, $22.71, N/A, $22.71, $22.71, $22.71
06/06/2019, $22.71, N/A, $22.71, $22.71, $22.71
06/05/2019, $22.71, N/A, $22.71, $22.71, $22.71
06/04/2019, $22.71, N/A, $22.71, $22.71, $22.71
06/03/2019, $22.71, N/A, $22.71, $22.71, $22.71
05/31/2019, $22.71, N/A, $22.71, $22.71, $22.71
05/30/2019, $22.71, N/A, $22.71, $22.71, $22.71
05/29/2019, $22.71, N/A, $22.71, $22.71, $22.71
05/28/2019, $22.71, N/A, $22.71, $22.71, $22.71
05/24/2019, $22.71, N/A, $22.71, $22.71, $22.71
05/23/2019, $22.71, N/A, $22.71, $22.71, $22.71
05/22/2019, $22.71, N/A, $22.71, $22.71, $22.71
05/21/2019, $22.71, N/A, $22.71, $22.71, $22.71
05/20/2019, $22.71, N/A, $22.71, $22.71, $22.71
05/17/2019, $22.71, N/A, $22.71, $22.71, $22.71
05/16/2019, $22.71, N/A, $22.71, $22.71, $22.71
05/15/2019, $22.71, N/A, $22.71, $22.71, $22.71
05/14/2019, $22.71, N/A, $22.71, $22.71, $22.71
05/13/2019, $22.71, N/A, $22.71, $22.71, $22.71
05/10/2019, $22.71, N/A, $22.71, $22.71, $22.71
05/09/2019, $22.71, N/A, $22.71, $22.71, $22.71
05/08/2019, $22.71, N/A, $22.71, $22.71, $22.71
05/07/2019, $22.71, N/A, $22.71, $22.71, $22.71
05/06/2019, $22.71, N/A, $22.71, $22.71, $22.71
05/03/2019, $22.71, N/A, $22.71, $22.71, $22.71
05/02/2019, $22.71, N/A, $22.71, $22.71, $22.71
05/01/2019, $22.71, N/A, $22.71, $22.71, $22.71
04/30/2019, $22.71, N/A, $22.71, $22.71, $22.71
04/29/2019, $22.71, N/A, $22.71, $22.71, $22.71
04/26/2019, $22.71, N/A, $22.71, $22.71, $22.71
04/25/2019, $22.71, N/A, $22.71, $22.71, $22.71
04/24/2019, $22.71, N/A, $22.71, $22.71, $22.71
04/23/2019, $22.71, N/A, $22.71, $22.71, $22.71
04/22/2019, $22.71, N/A, $22.71, $22.71, $22.71
04/18/2019, $22.71, N/A, $22.71, $22.71, $22.71
04/17/2019, $22.71, N/A, $22.71, $22.71, $22.71
04/16/2019, $22.71, N/A, $22.71, $22.71, $22.71
04/15/2019, $22.71, 500, $22.71, $22.71, $22.71
04/12/2019, $23.35, N/A, $23.35, $23.35, $23.35
04/11/2019, $23.35, N/A, $23.35, $23.35, $23.35
04/10/2019, $23.35, N/A, $23.35, $23.35, $23.35
04/09/2019, $23.35, N/A, $23.35, $23.35, $23.35
04/08/2019, $23.35, N/A, $23.35, $23.35, $23.35
04/05/2019, $23.35, 177, $23.35, $23.35, $23.35
04/04/2019, $23.9, N/A, $23.9, $23.9, $23.9
04/03/2019, $23.9, N/A, $23.9, $23.9, $23.9
04/02/2019, $23.9, N/A, $23.9, $23.9, $23.9
04/01/2019, $23.9, N/A, $23.9, $23.9, $23.9
03/29/2019, $23.9, N/A, $23.9, $23.9, $23.9
03/28/2019, $23.9, N/A, $23.9, $23.9, $23.9
03/27/2019, $23.9, N/A, $23.9, $23.9, $23.9
03/26/2019, $23.9, N/A, $23.9, $23.9, $23.9
03/25/2019, $23.9, N/A, $23.9, $23.9, $23.9
03/22/2019, $23.9, N/A, $23.9, $23.9, $23.9
03/21/2019, $23.9, N/A, $23.9, $23.9, $23.9
03/20/2019, $23.9, N/A, $23.9, $23.9, $23.9
03/19/2019, $23.9, N/A, $23.9, $23.9, $23.9
03/18/2019, $23.9, N/A, $23.9, $23.9, $23.9
03/15/2019, $23.9, N/A, $23.9, $23.9, $23.9
03/14/2019, $23.9, N/A, $23.9, $23.9, $23.9
03/13/2019, $23.9, N/A, $23.9, $23.9, $23.9
03/12/2019, $23.9, N/A, $23.9, $23.9, $23.9
03/11/2019, $23.9, 553, $23.9, $23.9, $23.9
03/08/2019, $25, N/A, $25, $25, $25
03/07/2019, $25, N/A, $25, $25, $25
03/06/2019, $25, N/A, $25, $25, $25
03/05/2019, $25, N/A, $25, $25, $25
03/04/2019, $25, N/A, $25, $25, $25
03/01/2019, $25, N/A, $25, $25, $25
02/28/2019, $25, N/A, $25, $25, $25
02/27/2019, $25, N/A, $25, $25, $25
02/26/2019, $25, N/A, $25, $25, $25
02/25/2019, $25, N/A, $25, $25, $25
02/22/2019, $25, N/A, $25, $25, $25
02/21/2019, $25, N/A, $25, $25, $25
02/20/2019, $25, N/A, $25, $25, $25
02/19/2019, $25, N/A, $25, $25, $25
02/15/2019, $25, N/A, $25, $25, $25
02/14/2019, $25, N/A, $25, $25, $25
02/13/2019, $25, N/A, $25, $25, $25
02/12/2019, $25, N/A, $25, $25, $25
02/11/2019, $25, N/A, $25, $25, $25
02/08/2019, $25, N/A, $25, $25, $25
02/07/2019, $25, 100, $25, $25, $25
02/06/2019, $25, N/A, $25, $25, $25
02/05/2019, $25, N/A, $25, $25, $25
02/04/2019, $25, N/A, $25, $25, $25
02/01/2019, $25, N/A, $25, $25, $25
01/31/2019, $25, N/A, $25, $25, $25
01/30/2019, $25, N/A, $25, $25, $25
01/29/2019, $25, N/A, $25, $25, $25
01/28/2019, $25, N/A, $25, $25, $25
01/25/2019, $25, N/A, $25, $25, $25
01/24/2019, $25, N/A, $25, $25, $25
01/23/2019, $25, N/A, $25, $25, $25
01/22/2019, $25, N/A, $25, $25, $25
01/18/2019, $25, N/A, $25, $25, $25
01/17/2019, $25, N/A, $25, $25, $25
01/16/2019, $25, N/A, $25, $25, $25
01/15/2019, $25, N/A, $25, $25, $25
01/14/2019, $25, N/A, $25, $25, $25
01/11/2019, $25, N/A, $25, $25, $25
01/10/2019, $25, N/A, $25, $25, $25
01/09/2019, $25, N/A, $25, $25, $25
01/08/2019, $25, N/A, $25, $25, $25
01/07/2019, $25, N/A, $25, $25, $25
01/04/2019, $25, N/A, $25, $25, $25
01/03/2019, $25, N/A, $25, $25, $25
01/02/2019, $25, N/A, $25, $25, $25
12/31/2018, $25, N/A, $25, $25, $25
12/28/2018, $25, N/A, $25, $25, $25
12/27/2018, $25, N/A, $25, $25, $25
12/26/2018, $25, N/A, $25, $25, $25
12/24/2018, $25, N/A, $25, $25, $25
12/21/2018, $25, N/A, $25, $25, $25
12/20/2018, $25, N/A, $25, $25, $25
12/19/2018, $25, N/A, $25, $25, $25
12/18/2018, $25, N/A, $25, $25, $25
12/17/2018, $25, N/A, $25, $25, $25
12/14/2018, $25, N/A, $25, $25, $25
12/13/2018, $25, N/A, $25, $25, $25
12/12/2018, $25, N/A, $25, $25, $25
12/11/2018, $25, N/A, $25, $25, $25
12/10/2018, $25, N/A, $25, $25, $25
12/07/2018, $25, N/A, $25, $25, $25
12/06/2018, $25, N/A, $25, $25, $25
12/04/2018, $25, N/A, $25, $25, $25
12/03/2018, $25, N/A, $25, $25, $25
11/30/2018, $25, N/A, $25, $25, $25
11/29/2018, $25, N/A, $25, $25, $25
11/28/2018, $25, N/A, $25, $25, $25
11/27/2018, $25, N/A, $25, $25, $25
11/26/2018, $25, N/A, $25, $25, $25
11/23/2018, $25, N/A, $25, $25, $25
11/21/2018, $25, N/A, $25, $25, $25
11/20/2018, $25, N/A, $25, $25, $25
11/19/2018, $25, N/A, $25, $25, $25
11/16/2018, $25, N/A, $25, $25, $25
11/15/2018, $25, N/A, $25, $25, $25
11/14/2018, $25, N/A, $25, $25, $25
11/13/2018, $25, N/A, $25, $25, $25
11/12/2018, $25, N/A, $25, $25, $25
11/09/2018, $25, N/A, $25, $25, $25
11/08/2018, $25, N/A, $25, $25, $25
11/07/2018, $25, N/A, $25, $25, $25
11/06/2018, $25, N/A, $25, $25, $25
11/05/2018, $25, N/A, $25, $25, $25
11/02/2018, $25, N/A, $25, $25, $25
11/01/2018, $25, N/A, $25, $25, $25
10/31/2018, $25, N/A, $25, $25, $25
10/30/2018, $25, N/A, $25, $25, $25
10/29/2018, $25, N/A, $25, $25, $25
10/26/2018, $25, N/A, $25, $25, $25
10/25/2018, $25, N/A, $25, $25, $25
10/24/2018, $25, N/A, $25, $25, $25
10/23/2018, $25, N/A, $25, $25, $25
10/22/2018, $25, N/A, $25, $25, $25
10/19/2018, $25, N/A, $25, $25, $25
10/18/2018, $25, N/A, $25, $25, $25
10/17/2018, $25, N/A, $25, $25, $25
10/16/2018, $25, N/A, $25, $25, $25
10/15/2018, $25, N/A, $25, $25, $25
10/12/2018, $25, N/A, $25, $25, $25
10/11/2018, $25, N/A, $25, $25, $25
10/10/2018, $25, N/A, $25, $25, $25
10/09/2018, $25, N/A, $25, $25, $25
10/08/2018, $25, N/A, $25, $25, $25
10/05/2018, $25, N/A, $25, $25, $25
10/04/2018, $25, N/A, $25, $25, $25
10/03/2018, $25, N/A, $25, $25, $25
10/02/2018, $25, N/A, $25, $25, $25
10/01/2018, $25, 929, $25, $25, $25
09/28/2018, $21.7, N/A, $21.7, $21.7, $21.7
09/27/2018, $21.7, N/A, $21.7, $21.7, $21.7
09/26/2018, $21.7, N/A, $21.7, $21.7, $21.7
09/25/2018, $21.7, N/A, $21.7, $21.7, $21.7
09/24/2018, $21.7, N/A, $21.7, $21.7, $21.7
09/21/2018, $21.7, N/A, $21.7, $21.7, $21.7
09/20/2018, $21.7, N/A, $21.7, $21.7, $21.7
09/19/2018, $21.7, N/A, $21.7, $21.7, $21.7
09/18/2018, $21.7, N/A, $21.7, $21.7, $21.7
09/17/2018, $21.7, N/A, $21.7, $21.7, $21.7
09/14/2018, $21.7, N/A, $21.7, $21.7, $21.7
09/13/2018, $21.7, N/A, $21.7, $21.7, $21.7
09/12/2018, $21.7, N/A, $21.7, $21.7, $21.7
09/11/2018, $21.7, N/A, $21.7, $21.7, $21.7
09/10/2018, $21.7, N/A, $21.7, $21.7, $21.7
09/07/2018, $21.7, N/A, $21.7, $21.7, $21.7
09/06/2018, $21.7, N/A, $21.7, $21.7, $21.7
09/05/2018, $21.7, N/A, $21.7, $21.7, $21.7
09/04/2018, $21.7, N/A, $21.7, $21.7, $21.7
08/31/2018, $21.7, N/A, $21.7, $21.7, $21.7
08/30/2018, $21.7, N/A, $21.7, $21.7, $21.7
08/29/2018, $21.7, N/A, $21.7, $21.7, $21.7
08/28/2018, $21.7, N/A, $21.7, $21.7, $21.7
08/27/2018, $21.7, N/A, $21.7, $21.7, $21.7
08/24/2018, $21.7, N/A, $21.7, $21.7, $21.7
08/23/2018, $21.7, N/A, $21.7, $21.7, $21.7
08/22/2018, $21.7, N/A, $21.7, $21.7, $21.7
08/21/2018, $21.7, N/A, $21.7, $21.7, $21.7
08/20/2018, $21.7, N/A, $21.7, $21.7, $21.7
08/17/2018, $21.7, N/A, $21.7, $21.7, $21.7
08/16/2018, $21.7, N/A, $21.7, $21.7, $21.7
08/15/2018, $21.7, N/A, $21.7, $21.7, $21.7
08/14/2018, $21.7, N/A, $21.7, $21.7, $21.7
08/13/2018, $21.7, N/A, $21.7, $21.7, $21.7
08/10/2018, $21.7, N/A, $21.7, $21.7, $21.7
08/09/2018, $21.7, N/A, $21.7, $21.7, $21.7
08/08/2018, $21.7, N/A, $21.7, $21.7, $21.7
08/07/2018, $21.7, N/A, $21.7, $21.7, $21.7
08/06/2018, $21.7, N/A, $21.7, $21.7, $21.7
08/03/2018, $21.7, N/A, $21.7, $21.7, $21.7
08/02/2018, $21.7, N/A, $21.7, $21.7, $21.7
08/01/2018, $21.7, N/A, $21.7, $21.7, $21.7
07/31/2018, $21.7, N/A, $21.7, $21.7, $21.7
07/30/2018, $21.7, N/A, $21.7, $21.7, $21.7
07/27/2018, $21.7, N/A, $21.7, $21.7, $21.7
07/26/2018, $21.7, N/A, $21.7, $21.7, $21.7
07/25/2018, $21.7, N/A, $21.7, $21.7, $21.7
07/24/2018, $21.7, N/A, $21.7, $21.7, $21.7
07/23/2018, $21.7, N/A, $21.7, $21.7, $21.7
07/20/2018, $21.7, N/A, $21.7, $21.7, $21.7
07/19/2018, $21.7, N/A, $21.7, $21.7, $21.7
07/18/2018, $21.7, N/A, $21.7, $21.7, $21.7
07/17/2018, $21.7, N/A, $21.7, $21.7, $21.7
07/16/2018, $21.7, N/A, $21.7, $21.7, $21.7
07/13/2018, $21.7, N/A, $21.7, $21.7, $21.7
07/12/2018, $21.7, N/A, $21.7, $21.7, $21.7
07/11/2018, $21.7, N/A, $21.7, $21.7, $21.7
07/10/2018, $21.7, N/A, $21.7, $21.7, $21.7
07/09/2018, $21.7, N/A, $21.7, $21.7, $21.7
07/06/2018, $21.7, N/A, $21.7, $21.7, $21.7
07/05/2018, $21.7, N/A, $21.7, $21.7, $21.7
07/03/2018, $21.7, N/A, $21.7, $21.7, $21.7
07/02/2018, $21.7, N/A, $21.7, $21.7, $21.7
06/29/2018, $21.7, N/A, $21.7, $21.7, $21.7
06/28/2018, $21.7, N/A, $21.7, $21.7, $21.7
06/27/2018, $21.7, N/A, $21.7, $21.7, $21.7
06/26/2018, $21.7, N/A, $21.7, $21.7, $21.7
06/25/2018, $21.7, N/A, $21.7, $21.7, $21.7
06/22/2018, $21.7, N/A, $21.7, $21.7, $21.7
06/21/2018, $21.7, N/A, $21.7, $21.7, $21.7
06/20/2018, $21.7, 157, $21.7, $21.7, $21.7
06/19/2018, $23.9, N/A, $23.9, $23.9, $23.9
06/18/2018, $23.9, N/A, $23.9, $23.9, $23.9
06/15/2018, $23.9, N/A, $23.9, $23.9, $23.9
06/14/2018, $23.9, N/A, $23.9, $23.9, $23.9
06/13/2018, $23.9, N/A, $23.9, $23.9, $23.9
06/12/2018, $23.9, N/A, $23.9, $23.9, $23.9
06/11/2018, $23.9, N/A, $23.9, $23.9, $23.9
06/08/2018, $23.9, N/A, $23.9, $23.9, $23.9
06/07/2018, $23.9, N/A, $23.9, $23.9, $23.9
06/06/2018, $23.9, N/A, $23.9, $23.9, $23.9
06/05/2018, $23.9, N/A, $23.9, $23.9, $23.9
06/04/2018, $23.9, N/A, $23.9, $23.9, $23.9
06/01/2018, $23.9, N/A, $23.9, $23.9, $23.9
05/31/2018, $23.9, N/A, $23.9, $23.9, $23.9
05/30/2018, $23.9, N/A, $23.9, $23.9, $23.9
05/29/2018, $23.9, N/A, $23.9, $23.9, $23.9
05/25/2018, $23.9, N/A, $23.9, $23.9, $23.9
05/24/2018, $23.9, N/A, $23.9, $23.9, $23.9
05/23/2018, $23.9, N/A, $23.9, $23.9, $23.9
05/22/2018, $23.9, N/A, $23.9, $23.9, $23.9
05/21/2018, $23.9, N/A, $23.9, $23.9, $23.9
05/18/2018, $23.9, N/A, $23.9, $23.9, $23.9
05/17/2018, $23.9, N/A, $23.9, $23.9, $23.9
05/16/2018, $23.9, N/A, $23.9, $23.9, $23.9
05/15/2018, $23.9, N/A, $23.9, $23.9, $23.9
05/14/2018, $23.9, N/A, $23.9, $23.9, $23.9
05/11/2018, $23.9, N/A, $23.9, $23.9, $23.9
05/10/2018, $23.9, N/A, $23.9, $23.9, $23.9
05/09/2018, $23.9, N/A, $23.9, $23.9, $23.9
05/08/2018, $23.9, N/A, $23.9, $23.9, $23.9
05/07/2018, $23.9, N/A, $23.9, $23.9, $23.9
05/04/2018, $23.9, N/A, $23.9, $23.9, $23.9
05/03/2018, $23.9, N/A, $23.9, $23.9, $23.9
05/02/2018, $23.9, N/A, $23.9, $23.9, $23.9
05/01/2018, $23.9, N/A, $23.9, $23.9, $23.9
04/30/2018, $23.9, 100, $23.9, $23.9, $23.9
04/27/2018, $21.5, N/A, $21.5, $21.5, $21.5
04/26/2018, $21.5, N/A, $21.5, $21.5, $21.5
04/25/2018, $21.5, N/A, $21.5, $21.5, $21.5
04/24/2018, $21.5, N/A, $21.5, $21.5, $21.5
04/23/2018, $21.5, N/A, $21.5, $21.5, $21.5
04/20/2018, $21.5, N/A, $21.5, $21.5, $21.5
04/19/2018, $21.5, N/A, $21.5, $21.5, $21.5
04/18/2018, $21.5, N/A, $21.5, $21.5, $21.5
04/17/2018, $21.5, N/A, $21.5, $21.5, $21.5
04/16/2018, $21.5, N/A, $21.5, $21.5, $21.5
04/13/2018, $21.5, N/A, $21.5, $21.5, $21.5
04/12/2018, $21.5, N/A, $21.5, $21.5, $21.5
04/11/2018, $21.5, N/A, $21.5, $21.5, $21.5
04/10/2018, $21.5, N/A, $21.5, $21.5, $21.5
04/09/2018, $21.5, N/A, $21.5, $21.5, $21.5
04/06/2018, $21.5, N/A, $21.5, $21.5, $21.5
04/05/2018, $21.5, N/A, $21.5, $21.5, $21.5
04/04/2018, $21.5, N/A, $21.5, $21.5, $21.5
04/03/2018, $21.5, 1293, $21.5, $21.5, $21.5
04/02/2018, $19.75, N/A, $19.75, $19.75, $19.75
03/29/2018, $19.75, N/A, $19.75, $19.75, $19.75
03/28/2018, $19.75, N/A, $19.75, $19.75, $19.75
03/27/2018, $19.75, N/A, $19.75, $19.75, $19.75
03/26/2018, $19.75, N/A, $19.75, $19.75, $19.75
03/23/2018, $19.75, N/A, $19.75, $19.75, $19.75
03/22/2018, $19.75, N/A, $19.75, $19.75, $19.75
03/21/2018, $19.75, N/A, $19.75, $19.75, $19.75
03/20/2018, $19.75, N/A, $19.75, $19.75, $19.75
03/19/2018, $19.75, N/A, $19.75, $19.75, $19.75
03/16/2018, $19.75, 995, $19.75, $19.75, $19.75
03/15/2018, $20.75, N/A, $20.75, $20.75, $20.75
03/14/2018, $20.75, N/A, $20.75, $20.75, $20.75
03/13/2018, $20.75, N/A, $20.75, $20.75, $20.75
03/12/2018, $20.75, N/A, $20.75, $20.75, $20.75
03/09/2018, $20.75, 2635, $20.75, $20.75, $20.75
03/08/2018, $18.45, N/A, $18.45, $18.45, $18.45
03/07/2018, $18.45, N/A, $18.45, $18.45, $18.45
03/06/2018, $18.45, N/A, $18.45, $18.45, $18.45
03/05/2018, $18.45, N/A, $18.45, $18.45, $18.45
03/02/2018, $18.45, N/A, $18.45, $18.45, $18.45
03/01/2018, $18.45, N/A, $18.45, $18.45, $18.45
02/28/2018, $18.45, N/A, $18.45, $18.45, $18.45
02/27/2018, $18.45, N/A, $18.45, $18.45, $18.45
02/26/2018, $18.45, N/A, $18.45, $18.45, $18.45
02/23/2018, $18.45, N/A, $18.45, $18.45, $18.45
02/22/2018, $18.45, N/A, $18.45, $18.45, $18.45
02/21/2018, $18.45, N/A, $18.45, $18.45, $18.45
02/20/2018, $18.45, N/A, $18.45, $18.45, $18.45
02/16/2018, $18.45, 385, $18.45, $18.45, $18.45
02/15/2018, $16.8, N/A, $16.8, $16.8, $16.8
02/14/2018, $16.8, N/A, $16.8, $16.8, $16.8
02/13/2018, $16.8, N/A, $16.8, $16.8, $16.8
02/12/2018, $16.8, N/A, $16.8, $16.8, $16.8
02/09/2018, $16.8, 309, $16.8, $16.8, $16.8
02/08/2018, $16, N/A, $16, $16, $16
02/07/2018, $16, N/A, $16, $16, $16
02/06/2018, $16, N/A, $16, $16, $16
02/05/2018, $16, N/A, $16, $16, $16
02/02/2018, $16, N/A, $16, $16, $16
02/01/2018, $16, N/A, $16, $16, $16
01/31/2018, $16, N/A, $16, $16, $16
01/30/2018, $16, N/A, $16, $16, $16
01/29/2018, $16, N/A, $16, $16, $16
01/26/2018, $16, N/A, $16, $16, $16
01/25/2018, $16, N/A, $16, $16, $16
01/24/2018, $16, N/A, $16, $16, $16
01/23/2018, $16, N/A, $16, $16, $16
01/22/2018, $16, N/A, $16, $16, $16
01/19/2018, $16, N/A, $16, $16, $16
01/18/2018, $16, N/A, $16, $16, $16
01/17/2018, $16, N/A, $16, $16, $16
01/16/2018, $16, N/A, $16, $16, $16
01/12/2018, $16, N/A, $16, $16, $16
01/11/2018, $16, N/A, $16, $16, $16
01/10/2018, $16, N/A, $16, $16, $16
01/09/2018, $16, N/A, $16, $16, $16
01/08/2018, $16, N/A, $16, $16, $16
01/05/2018, $16, N/A, $16, $16, $16
01/04/2018, $16, N/A, $16, $16, $16
01/03/2018, $16, N/A, $16, $16, $16
01/02/2018, $16, N/A, $16, $16, $16
12/29/2017, $16, N/A, $16, $16, $16
12/28/2017, $16, N/A, $16, $16, $16
12/27/2017, $16, N/A, $16, $16, $16
12/26/2017, $16, N/A, $16, $16, $16
12/22/2017, $16, N/A, $16, $16, $16
12/21/2017, $16, N/A, $16, $16, $16
12/20/2017, $16, N/A, $16, $16, $16
12/19/2017, $16, N/A, $16, $16, $16
12/18/2017, $16, N/A, $16, $16, $16
12/15/2017, $16, N/A, $16, $16, $16
12/14/2017, $16, N/A, $16, $16, $16
12/13/2017, $16, N/A, $16, $16, $16
12/12/2017, $16, N/A, $16, $16, $16
12/11/2017, $16, N/A, $16, $16, $16
12/08/2017, $16, N/A, $16, $16, $16
12/07/2017, $16, N/A, $16, $16, $16
12/06/2017, $16, N/A, $16, $16, $16
12/05/2017, $16, N/A, $16, $16, $16
12/04/2017, $16, N/A, $16, $16, $16
12/01/2017, $16, N/A, $16, $16, $16
11/30/2017, $16, N/A, $16, $16, $16
11/29/2017, $16, N/A, $16, $16, $16
11/28/2017, $16, N/A, $16, $16, $16
11/27/2017, $16, N/A, $16, $16, $16
11/24/2017, $16, N/A, $16, $16, $16
11/22/2017, $16, N/A, $16, $16, $16
11/21/2017, $16, N/A, $16, $16, $16
11/20/2017, $16, N/A, $16, $16, $16
11/17/2017, $16, N/A, $16, $16, $16
11/16/2017, $16, N/A, $16, $16, $16
11/15/2017, $16, N/A, $16, $16, $16
11/14/2017, $16, N/A, $16, $16, $16
11/13/2017, $16, N/A, $16, $16, $16
11/10/2017, $16, N/A, $16, $16, $16
11/09/2017, $16, N/A, $16, $16, $16
11/08/2017, $16, N/A, $16, $16, $16
11/07/2017, $16, N/A, $16, $16, $16
11/06/2017, $16, N/A, $16, $16, $16
11/03/2017, $16, N/A, $16, $16, $16
11/02/2017, $16, N/A, $16, $16, $16
11/01/2017, $16, N/A, $16, $16, $16
10/31/2017, $16, N/A, $16, $16, $16
10/30/2017, $16, N/A, $16, $16, $16
10/27/2017, $16, N/A, $16, $16, $16
10/26/2017, $16, N/A, $16, $16, $16
10/25/2017, $16, N/A, $16, $16, $16
10/24/2017, $16, N/A, $16, $16, $16
10/23/2017, $16, N/A, $16, $16, $16
10/20/2017, $16, N/A, $16, $16, $16
10/19/2017, $16, N/A, $16, $16, $16
10/18/2017, $16, N/A, $16, $16, $16
10/17/2017, $16, N/A, $16, $16, $16
10/16/2017, $16, N/A, $16, $16, $16
10/13/2017, $16, N/A, $16, $16, $16
10/12/2017, $16, N/A, $16, $16, $16
10/11/2017, $16, N/A, $16, $16, $16
10/10/2017, $16, N/A, $16, $16, $16
10/09/2017, $16, N/A, $16, $16, $16
10/06/2017, $16, N/A, $16, $16, $16
10/05/2017, $16, N/A, $16, $16, $16
10/04/2017, $16, N/A, $16, $16, $16
10/03/2017, $16, N/A, $16, $16, $16
10/02/2017, $16, N/A, $16, $16, $16
09/29/2017, $16, N/A, $16, $16, $16
09/28/2017, $16, N/A, $16, $16, $16
09/27/2017, $16, N/A, $16, $16, $16
09/26/2017, $16, N/A, $16, $16, $16
09/25/2017, $16, N/A, $16, $16, $16
09/22/2017, $16, N/A, $16, $16, $16
09/21/2017, $16, N/A, $16, $16, $16
09/20/2017, $16, N/A, $16, $16, $16
09/19/2017, $16, N/A, $16, $16, $16
09/18/2017, $16, N/A, $16, $16, $16
09/15/2017, $16, N/A, $16, $16, $16
09/14/2017, $16, N/A, $16, $16, $16
09/13/2017, $16, N/A, $16, $16, $16
09/12/2017, $16, N/A, $16, $16, $16
09/11/2017, $16, N/A, $16, $16, $16
09/08/2017, $16, N/A, $16, $16, $16
09/07/2017, $16, N/A, $16, $16, $16
09/06/2017, $16, N/A, $16, $16, $16
09/05/2017, $16, N/A, $16, $16, $16
09/01/2017, $16, N/A, $16, $16, $16
08/31/2017, $16, N/A, $16, $16, $16
08/30/2017, $16, N/A, $16, $16, $16
08/29/2017, $16, N/A, $16, $16, $16
08/28/2017, $16, N/A, $16, $16, $16
08/25/2017, $16, N/A, $16, $16, $16
08/24/2017, $16, N/A, $16, $16, $16
08/23/2017, $16, N/A, $16, $16, $16
08/22/2017, $16, N/A, $16, $16, $16
08/21/2017, $16, N/A, $16, $16, $16
08/18/2017, $16, N/A, $16, $16, $16
08/17/2017, $16, N/A, $16, $16, $16
08/16/2017, $16, N/A, $16, $16, $16
08/15/2017, $16, N/A, $16, $16, $16
08/14/2017, $16, N/A, $16, $16, $16
08/11/2017, $16, N/A, $16, $16, $16
08/10/2017, $16, N/A, $16, $16, $16
08/09/2017, $16, N/A, $16, $16, $16
08/08/2017, $16, N/A, $16, $16, $16
08/07/2017, $16, N/A, $16, $16, $16
08/04/2017, $16, N/A, $16, $16, $16
08/03/2017, $16, N/A, $16, $16, $16
08/02/2017, $16, N/A, $16, $16, $16
08/01/2017, $16, N/A, $16, $16, $16
07/31/2017, $16, N/A, $16, $16, $16
07/28/2017, $16, N/A, $16, $16, $16
07/27/2017, $16, N/A, $16, $16, $16
07/26/2017, $16, N/A, $16, $16, $16
07/25/2017, $16, N/A, $16, $16, $16
07/24/2017, $16, N/A, $16, $16, $16
07/21/2017, $16, N/A, $16, $16, $16
07/20/2017, $16, N/A, $16, $16, $16
07/19/2017, $16, N/A, $16, $16, $16
07/18/2017, $16, N/A, $16, $16, $16
07/17/2017, $16, N/A, $16, $16, $16
07/14/2017, $16, N/A, $16, $16, $16
07/13/2017, $16, N/A, $16, $16, $16
07/12/2017, $16, N/A, $16, $16, $16
07/11/2017, $16, N/A, $16, $16, $16
07/10/2017, $16, 550, $16, $16, $16
07/07/2017, $17.93, N/A, $17.93, $17.93, $17.93
07/06/2017, $17.93, N/A, $17.93, $17.93, $17.93
07/05/2017, $17.93, N/A, $17.93, $17.93, $17.93
07/03/2017, $17.93, N/A, $17.93, $17.93, $17.93
06/30/2017, $17.93, N/A, $17.93, $17.93, $17.93
06/29/2017, $17.93, N/A, $17.93, $17.93, $17.93
06/28/2017, $17.93, N/A, $17.93, $17.93, $17.93
06/27/2017, $17.93, N/A, $17.93, $17.93, $17.93
06/26/2017, $17.93, N/A, $17.93, $17.93, $17.93
06/23/2017, $17.93, N/A, $17.93, $17.93, $17.93
06/22/2017, $17.93, N/A, $17.93, $17.93, $17.93
06/21/2017, $17.93, N/A, $17.93, $17.93, $17.93
06/20/2017, $17.93, N/A, $17.93, $17.93, $17.93
06/19/2017, $17.93, N/A, $17.93, $17.93, $17.93
06/16/2017, $17.93, N/A, $17.93, $17.93, $17.93
06/15/2017, $17.93, N/A, $17.93, $17.93, $17.93
06/14/2017, $17.93, N/A, $17.93, $17.93, $17.93
06/13/2017, $17.93, N/A, $17.93, $17.93, $17.93
06/12/2017, $17.93, N/A, $17.93, $17.93, $17.93
06/09/2017, $17.93, N/A, $17.93, $17.93, $17.93
06/08/2017, $17.93, N/A, $17.93, $17.93, $17.93
06/07/2017, $17.93, N/A, $17.93, $17.93, $17.93
06/06/2017, $17.93, N/A, $17.93, $17.93, $17.93
06/05/2017, $17.93, N/A, $17.93, $17.93, $17.93
06/02/2017, $17.93, N/A, $17.93, $17.93, $17.93
06/01/2017, $17.93, 6750, $17.93, $17.93, $17.93
05/31/2017, $17.48, 1400, $17.48, $17.48, $17.48
05/30/2017, $23.15, N/A, $23.15, $23.15, $23.15
05/26/2017, $23.15, N/A, $23.15, $23.15, $23.15
05/25/2017, $23.15, N/A, $23.15, $23.15, $23.15
05/24/2017, $23.15, N/A, $23.15, $23.15, $23.15
05/23/2017, $23.15, N/A, $23.15, $23.15, $23.15
05/22/2017, $23.15, N/A, $23.15, $23.15, $23.15
05/19/2017, $23.15, N/A, $23.15, $23.15, $23.15
05/18/2017, $23.15, N/A, $23.15, $23.15, $23.15
05/17/2017, $23.15, N/A, $23.15, $23.15, $23.15
05/16/2017, $23.15, N/A, $23.15, $23.15, $23.15
05/15/2017, $23.15, N/A, $23.15, $23.15, $23.15
05/12/2017, $23.15, N/A, $23.15, $23.15, $23.15
05/11/2017, $23.15, N/A, $23.15, $23.15, $23.15
05/10/2017, $23.15, N/A, $23.15, $23.15, $23.15
05/09/2017, $23.15, N/A, $23.15, $23.15, $23.15
05/08/2017, $23.15, N/A, $23.15, $23.15, $23.15
05/05/2017, $23.15, N/A, $23.15, $23.15, $23.15
05/04/2017, $23.15, N/A, $23.15, $23.15, $23.15
05/03/2017, $23.15, N/A, $23.15, $23.15, $23.15
05/02/2017, $23.15, N/A, $23.15, $23.15, $23.15
05/01/2017, $23.15, N/A, $23.15, $23.15, $23.15
04/28/2017, $23.15, N/A, $23.15, $23.15, $23.15
04/27/2017, $23.15, N/A, $23.15, $23.15, $23.15
04/26/2017, $23.15, N/A, $23.15, $23.15, $23.15
04/25/2017, $23.15, N/A, $23.15, $23.15, $23.15
04/24/2017, $23.15, N/A, $23.15, $23.15, $23.15
04/21/2017, $23.15, N/A, $23.15, $23.15, $23.15
04/20/2017, $23.15, N/A, $23.15, $23.15, $23.15
04/19/2017, $23.15, N/A, $23.15, $23.15, $23.15
04/18/2017, $23.15, N/A, $23.15, $23.15, $23.15
04/17/2017, $23.15, N/A, $23.15, $23.15, $23.15
04/13/2017, $23.15, N/A, $23.15, $23.15, $23.15
04/12/2017, $23.15, N/A, $23.15, $23.15, $23.15
04/11/2017, $23.15, N/A, $23.15, $23.15, $23.15
04/10/2017, $23.15, N/A, $23.15, $23.15, $23.15
04/07/2017, $23.15, N/A, $23.15, $23.15, $23.15
04/06/2017, $23.15, N/A, $23.15, $23.15, $23.15
04/05/2017, $23.15, N/A, $23.15, $23.15, $23.15
04/04/2017, $23.15, N/A, $23.15, $23.15, $23.15
04/03/2017, $23.15, N/A, $23.15, $23.15, $23.15
03/31/2017, $23.15, N/A, $23.15, $23.15, $23.15
03/30/2017, $23.15, N/A, $23.15, $23.15, $23.15
03/29/2017, $23.15, N/A, $23.15, $23.15, $23.15
03/28/2017, $23.15, N/A, $23.15, $23.15, $23.15
03/27/2017, $23.15, N/A, $23.15, $23.15, $23.15
03/24/2017, $23.15, N/A, $23.15, $23.15, $23.15
03/23/2017, $23.15, N/A, $23.15, $23.15, $23.15
03/22/2017, $23.15, N/A, $23.15, $23.15, $23.15
03/21/2017, $23.15, N/A, $23.15, $23.15, $23.15
03/20/2017, $23.15, N/A, $23.15, $23.15, $23.15
03/17/2017, $23.15, N/A, $23.15, $23.15, $23.15
03/16/2017, $23.15, N/A, $23.15, $23.15, $23.15
03/15/2017, $23.15, N/A, $23.15, $23.15, $23.15
03/14/2017, $23.15, N/A, $23.15, $23.15, $23.15
03/13/2017, $23.15, N/A, $23.15, $23.15, $23.15
03/10/2017, $23.15, N/A, $23.15, $23.15, $23.15
03/09/2017, $23.15, N/A, $23.15, $23.15, $23.15
03/08/2017, $23.15, N/A, $23.15, $23.15, $23.15
03/07/2017, $23.15, N/A, $23.15, $23.15, $23.15
03/06/2017, $23.15, N/A, $23.15, $23.15, $23.15
03/03/2017, $23.15, N/A, $23.15, $23.15, $23.15
03/02/2017, $23.15, N/A, $23.15, $23.15, $23.15
03/01/2017, $23.15, N/A, $23.15, $23.15, $23.15
02/28/2017, $23.15, N/A, $23.15, $23.15, $23.15
02/27/2017, $23.15, N/A, $23.15, $23.15, $23.15
02/24/2017, $23.15, N/A, $23.15, $23.15, $23.15
02/23/2017, $23.15, N/A, $23.15, $23.15, $23.15
02/22/2017, $23.15, N/A, $23.15, $23.15, $23.15
02/21/2017, $23.15, N/A, $23.15, $23.15, $23.15
02/17/2017, $23.15, N/A, $23.15, $23.15, $23.15
02/16/2017, $23.15, N/A, $23.15, $23.15, $23.15
02/15/2017, $23.15, N/A, $23.15, $23.15, $23.15
02/14/2017, $23.15, N/A, $23.15, $23.15, $23.15
02/13/2017, $23.15, N/A, $23.15, $23.15, $23.15
02/10/2017, $23.15, N/A, $23.15, $23.15, $23.15
02/09/2017, $23.15, N/A, $23.15, $23.15, $23.15
02/08/2017, $23.15, N/A, $23.15, $23.15, $23.15
02/07/2017, $23.15, N/A, $23.15, $23.15, $23.15
02/06/2017, $23.15, N/A, $23.15, $23.15, $23.15
02/03/2017, $23.15, N/A, $23.15, $23.15, $23.15
02/02/2017, $23.15, N/A, $23.15, $23.15, $23.15
02/01/2017, $23.15, N/A, $23.15, $23.15, $23.15
01/31/2017, $23.15, N/A, $23.15, $23.15, $23.15
01/30/2017, $23.15, N/A, $23.15, $23.15, $23.15
01/27/2017, $23.15, N/A, $23.15, $23.15, $23.15
01/26/2017, $23.15, N/A, $23.15, $23.15, $23.15
01/25/2017, $23.15, N/A, $23.15, $23.15, $23.15
01/24/2017, $23.15, N/A, $23.15, $23.15, $23.15
01/23/2017, $23.15, N/A, $23.15, $23.15, $23.15
01/20/2017, $23.15, N/A, $23.15, $23.15, $23.15
01/19/2017, $23.15, N/A, $23.15, $23.15, $23.15
01/18/2017, $23.15, N/A, $23.15, $23.15, $23.15
01/17/2017, $23.15, N/A, $23.15, $23.15, $23.15
01/13/2017, $23.15, N/A, $23.15, $23.15, $23.15
01/12/2017, $23.15, N/A, $23.15, $23.15, $23.15
01/11/2017, $23.15, N/A, $23.15, $23.15, $23.15
01/10/2017, $23.15, N/A, $23.15, $23.15, $23.15
01/09/2017, $23.15, N/A, $23.15, $23.15, $23.15
01/06/2017, $23.15, N/A, $23.15, $23.15, $23.15
01/05/2017, $23.15, N/A, $23.15, $23.15, $23.15
01/04/2017, $23.15, N/A, $23.15, $23.15, $23.15
01/03/2017, $23.15, N/A, $23.15, $23.15, $23.15
12/30/2016, $23.15, N/A, $23.15, $23.15, $23.15
12/29/2016, $23.15, N/A, $23.15, $23.15, $23.15
12/28/2016, $23.15, N/A, $23.15, $23.15, $23.15
12/27/2016, $23.15, N/A, $23.15, $23.15, $23.15
12/23/2016, $23.15, N/A, $23.15, $23.15, $23.15
12/22/2016, $23.15, N/A, $23.15, $23.15, $23.15
12/21/2016, $23.15, N/A, $23.15, $23.15, $23.15
12/20/2016, $23.15, N/A, $23.15, $23.15, $23.15
12/19/2016, $23.15, N/A, $23.15, $23.15, $23.15
12/16/2016, $23.15, N/A, $23.15, $23.15, $23.15
12/15/2016, $23.15, N/A, $23.15, $23.15, $23.15
12/14/2016, $23.15, N/A, $23.15, $23.15, $23.15
12/13/2016, $23.15, N/A, $23.15, $23.15, $23.15
12/12/2016, $23.15, N/A, $23.15, $23.15, $23.15
12/09/2016, $23.15, N/A, $23.15, $23.15, $23.15
12/08/2016, $23.15, N/A, $23.15, $23.15, $23.15
12/07/2016, $23.15, N/A, $23.15, $23.15, $23.15
12/06/2016, $23.15, N/A, $23.15, $23.15, $23.15
12/05/2016, $23.15, N/A, $23.15, $23.15, $23.15
12/02/2016, $23.15, N/A, $23.15, $23.15, $23.15
12/01/2016, $23.15, N/A, $23.15, $23.15, $23.15
11/30/2016, $23.15, N/A, $23.15, $23.15, $23.15
11/29/2016, $23.15, N/A, $23.15, $23.15, $23.15
11/28/2016, $23.15, N/A, $23.15, $23.15, $23.15
11/25/2016, $23.15, N/A, $23.15, $23.15, $23.15
11/23/2016, $23.15, N/A, $23.15, $23.15, $23.15
11/22/2016, $23.15, N/A, $23.15, $23.15, $23.15
11/21/2016, $23.15, N/A, $23.15, $23.15, $23.15
11/18/2016, $23.15, 200, $23.15, $23.15, $23.15
11/17/2016, $24, N/A, $24, $24, $24
11/16/2016, $24, N/A, $24, $24, $24
11/15/2016, $24, 5062, $24, $24, $24
11/14/2016, $12.95, N/A, $12.95, $12.95, $12.95
11/11/2016, $12.95, N/A, $12.95, $12.95, $12.95
11/10/2016, $12.95, N/A, $12.95, $12.95, $12.95
11/09/2016, $12.95, N/A, $12.95, $12.95, $12.95
11/08/2016, $12.95, N/A, $12.95, $12.95, $12.95
11/07/2016, $12.95, N/A, $12.95, $12.95, $12.95
11/04/2016, $12.95, N/A, $12.95, $12.95, $12.95
11/03/2016, $12.95, N/A, $12.95, $12.95, $12.95
11/02/2016, $12.95, N/A, $12.95, $12.95, $12.95
11/01/2016, $12.95, N/A, $12.95, $12.95, $12.95
10/31/2016, $12.95, N/A, $12.95, $12.95, $12.95
10/28/2016, $12.95, N/A, $12.95, $12.95, $12.95
10/27/2016, $12.95, N/A, $12.95, $12.95, $12.95
10/26/2016, $12.95, N/A, $12.95, $12.95, $12.95
10/25/2016, $12.95, N/A, $12.95, $12.95, $12.95
10/24/2016, $12.95, N/A, $12.95, $12.95, $12.95
10/21/2016, $12.95, N/A, $12.95, $12.95, $12.95
10/20/2016, $12.95, N/A, $12.95, $12.95, $12.95
10/19/2016, $12.95, N/A, $12.95, $12.95, $12.95
10/18/2016, $12.95, N/A, $12.95, $12.95, $12.95
10/17/2016, $12.95, N/A, $12.95, $12.95, $12.95
10/14/2016, $12.95, N/A, $12.95, $12.95, $12.95
10/13/2016, $12.95, N/A, $12.95, $12.95, $12.95
10/12/2016, $12.95, N/A, $12.95, $12.95, $12.95
10/11/2016, $12.95, N/A, $12.95, $12.95, $12.95
10/10/2016, $12.95, N/A, $12.95, $12.95, $12.95
10/07/2016, $12.95, N/A, $12.95, $12.95, $12.95
10/06/2016, $12.95, N/A, $12.95, $12.95, $12.95
10/05/2016, $12.95, N/A, $12.95, $12.95, $12.95
10/04/2016, $12.95, N/A, $12.95, $12.95, $12.95
10/03/2016, $12.95, N/A, $12.95, $12.95, $12.95
09/30/2016, $12.95, N/A, $12.95, $12.95, $12.95
09/29/2016, $12.95, N/A, $12.95, $12.95, $12.95
09/28/2016, $12.95, N/A, $12.95, $12.95, $12.95
09/27/2016, $12.95, N/A, $12.95, $12.95, $12.95
09/26/2016, $12.95, N/A, $12.95, $12.95, $12.95
09/23/2016, $12.95, N/A, $12.95, $12.95, $12.95
09/22/2016, $12.95, N/A, $12.95, $12.95, $12.95
09/21/2016, $12.95, N/A, $12.95, $12.95, $12.95
09/20/2016, $12.95, N/A, $12.95, $12.95, $12.95
09/19/2016, $12.95, N/A, $12.95, $12.95, $12.95
09/16/2016, $12.95, N/A, $12.95, $12.95, $12.95
09/15/2016, $12.95, N/A, $12.95, $12.95, $12.95
09/14/2016, $12.95, N/A, $12.95, $12.95, $12.95
09/13/2016, $12.95, N/A, $12.95, $12.95, $12.95
09/12/2016, $12.95, N/A, $12.95, $12.95, $12.95
09/09/2016, $12.95, N/A, $12.95, $12.95, $12.95
09/08/2016, $12.95, N/A, $12.95, $12.95, $12.95
09/07/2016, $12.95, N/A, $12.95, $12.95, $12.95
09/06/2016, $12.95, N/A, $12.95, $12.95, $12.95
09/02/2016, $12.95, N/A, $12.95, $12.95, $12.95
09/01/2016, $12.95, N/A, $12.95, $12.95, $12.95
08/31/2016, $12.95, N/A, $12.95, $12.95, $12.95
08/30/2016, $12.95, N/A, $12.95, $12.95, $12.95
08/29/2016, $12.95, N/A, $12.95, $12.95, $12.95
08/26/2016, $12.95, N/A, $12.95, $12.95, $12.95
08/25/2016, $12.95, N/A, $12.95, $12.95, $12.95
08/24/2016, $12.95, N/A, $12.95, $12.95, $12.95
08/23/2016, $12.95, N/A, $12.95, $12.95, $12.95
08/22/2016, $12.95, N/A, $12.95, $12.95, $12.95
08/19/2016, $12.95, N/A, $12.95, $12.95, $12.95
08/18/2016, $12.95, N/A, $12.95, $12.95, $12.95
08/17/2016, $12.95, N/A, $12.95, $12.95, $12.95
08/16/2016, $12.95, N/A, $12.95, $12.95, $12.95
08/15/2016, $12.95, N/A, $12.95, $12.95, $12.95
08/12/2016, $12.95, N/A, $12.95, $12.95, $12.95
08/11/2016, $12.95, N/A, $12.95, $12.95, $12.95
08/10/2016, $12.95, N/A, $12.95, $12.95, $12.95
08/09/2016, $12.95, N/A, $12.95, $12.95, $12.95
08/08/2016, $12.95, N/A, $12.95, $12.95, $12.95
08/05/2016, $12.95, N/A, $12.95, $12.95, $12.95
08/04/2016, $12.95, N/A, $12.95, $12.95, $12.95
08/03/2016, $12.95, N/A, $12.95, $12.95, $12.95
08/02/2016, $12.95, N/A, $12.95, $12.95, $12.95
08/01/2016, $12.95, N/A, $12.95, $12.95, $12.95
07/29/2016, $12.95, N/A, $12.95, $12.95, $12.95
07/28/2016, $12.95, N/A, $12.95, $12.95, $12.95
07/27/2016, $12.95, N/A, $12.95, $12.95, $12.95
07/26/2016, $12.95, N/A, $12.95, $12.95, $12.95
07/25/2016, $12.95, N/A, $12.95, $12.95, $12.95
07/22/2016, $12.95, N/A, $12.95, $12.95, $12.95
07/21/2016, $12.95, N/A, $12.95, $12.95, $12.95
07/20/2016, $12.95, N/A, $12.95, $12.95, $12.95
07/19/2016, $12.95, N/A, $12.95, $12.95, $12.95
07/18/2016, $12.95, N/A, $12.95, $12.95, $12.95
07/15/2016, $12.95, N/A, $12.95, $12.95, $12.95
07/14/2016, $12.95, N/A, $12.95, $12.95, $12.95
07/13/2016, $12.95, N/A, $12.95, $12.95, $12.95
07/12/2016, $12.95, N/A, $12.95, $12.95, $12.95
07/11/2016, $12.95, N/A, $12.95, $12.95, $12.95
07/08/2016, $12.95, N/A, $12.95, $12.95, $12.95
07/07/2016, $12.95, N/A, $12.95, $12.95, $12.95
07/06/2016, $12.95, N/A, $12.95, $12.95, $12.95
07/05/2016, $12.95, N/A, $12.95, $12.95, $12.95
07/01/2016, $12.95, N/A, $12.95, $12.95, $12.95
06/30/2016, $12.95, N/A, $12.95, $12.95, $12.95
06/29/2016, $12.95, N/A, $12.95, $12.95, $12.95
06/28/2016, $12.95, N/A, $12.95, $12.95, $12.95
06/27/2016, $12.95, N/A, $12.95, $12.95, $12.95
06/24/2016, $12.95, N/A, $12.95, $12.95, $12.95
06/23/2016, $12.95, N/A, $12.95, $12.95, $12.95
06/22/2016, $12.95, N/A, $12.95, $12.95, $12.95
06/21/2016, $12.95, N/A, $12.95, $12.95, $12.95
06/20/2016, $12.95, N/A, $12.95, $12.95, $12.95
06/17/2016, $12.95, N/A, $12.95, $12.95, $12.95
06/16/2016, $12.95, N/A, $12.95, $12.95, $12.95
06/15/2016, $12.95, N/A, $12.95, $12.95, $12.95
06/14/2016, $12.95, N/A, $12.95, $12.95, $12.95
06/13/2016, $12.95, N/A, $12.95, $12.95, $12.95
06/10/2016, $12.95, N/A, $12.95, $12.95, $12.95
06/09/2016, $12.95, N/A, $12.95, $12.95, $12.95
06/08/2016, $12.95, N/A, $12.95, $12.95, $12.95
06/07/2016, $12.95, N/A, $12.95, $12.95, $12.95
06/06/2016, $12.95, N/A, $12.95, $12.95, $12.95
06/03/2016, $12.95, N/A, $12.95, $12.95, $12.95
06/02/2016, $12.95, N/A, $12.95, $12.95, $12.95
06/01/2016, $12.95, N/A, $12.95, $12.95, $12.95
05/31/2016, $12.95, N/A, $12.95, $12.95, $12.95
05/27/2016, $12.95, N/A, $12.95, $12.95, $12.95
05/26/2016, $12.95, N/A, $12.95, $12.95, $12.95
05/25/2016, $12.95, 10000, $12.95, $12.95, $12.95
05/24/2016, $13.8, N/A, $13.8, $13.8, $13.8
05/23/2016, $13.8, N/A, $13.8, $13.8, $13.8
05/20/2016, $13.8, N/A, $13.8, $13.8, $13.8
05/19/2016, $13.8, N/A, $13.8, $13.8, $13.8
05/18/2016, $13.8, N/A, $13.8, $13.8, $13.8
05/17/2016, $13.8, N/A, $13.8, $13.8, $13.8
05/16/2016, $13.8, N/A, $13.8, $13.8, $13.8
05/13/2016, $13.8, N/A, $13.8, $13.8, $13.8
05/12/2016, $13.8, 5000, $13.8, $13.8, $13.8
05/11/2016, $13.6, N/A, $13.6, $13.6, $13.6
05/10/2016, $13.6, N/A, $13.6, $13.6, $13.6
05/09/2016, $13.6, N/A, $13.6, $13.6, $13.6
05/06/2016, $13.6, N/A, $13.6, $13.6, $13.6
05/05/2016, $13.6, N/A, $13.6, $13.6, $13.6
05/04/2016, $13.6, N/A, $13.6, $13.6, $13.6
05/03/2016, $13.6, N/A, $13.6, $13.6, $13.6
05/02/2016, $13.6, N/A, $13.6, $13.6, $13.6
04/29/2016, $13.6, N/A, $13.6, $13.6, $13.6
04/28/2016, $13.6, N/A, $13.6, $13.6, $13.6
04/27/2016, $13.6, N/A, $13.6, $13.6, $13.6
04/26/2016, $13.6, N/A, $13.6, $13.6, $13.6
04/25/2016, $13.6, N/A, $13.6, $13.6, $13.6
04/22/2016, $13.6, N/A, $13.6, $13.6, $13.6
04/21/2016, $13.6, N/A, $13.6, $13.6, $13.6
04/20/2016, $13.6, N/A, $13.6, $13.6, $13.6
04/19/2016, $13.6, N/A, $13.6, $13.6, $13.6
04/18/2016, $13.6, N/A, $13.6, $13.6, $13.6
04/15/2016, $13.6, N/A, $13.6, $13.6, $13.6
04/14/2016, $13.6, N/A, $13.6, $13.6, $13.6
04/13/2016, $13.6, N/A, $13.6, $13.6, $13.6
04/12/2016, $13.6, N/A, $13.6, $13.6, $13.6
04/11/2016, $13.6, N/A, $13.6, $13.6, $13.6
04/08/2016, $13.6, N/A, $13.6, $13.6, $13.6
04/07/2016, $13.6, N/A, $13.6, $13.6, $13.6
04/06/2016, $13.6, 10000, $13.6, $13.6, $13.6
04/05/2016, $13.05, N/A, $13.05, $13.05, $13.05
04/04/2016, $13.05, N/A, $13.05, $13.05, $13.05
04/01/2016, $13.05, N/A, $13.05, $13.05, $13.05
03/31/2016, $13.05, N/A, $13.05, $13.05, $13.05
03/30/2016, $13.05, N/A, $13.05, $13.05, $13.05
03/29/2016, $13.05, N/A, $13.05, $13.05, $13.05
03/28/2016, $13.05, N/A, $13.05, $13.05, $13.05
03/24/2016, $13.05, N/A, $13.05, $13.05, $13.05
03/23/2016, $13.05, N/A, $13.05, $13.05, $13.05
03/22/2016, $13.05, N/A, $13.05, $13.05, $13.05
03/21/2016, $13.05, N/A, $13.05, $13.05, $13.05
03/18/2016, $13.05, 10000, $13.05, $13.05, $13.05
