"time","OBSFX SEAFOOD GR","volume"
"2013-12-02 01:00","100.12","0"
"2013-12-03 01:00","99.66","0"
"2013-12-04 01:00","99.73","0"
"2013-12-05 01:00","101.46","0"
"2013-12-06 01:00","102.44","0"
"2013-12-09 01:00","102.44","0"
"2013-12-10 01:00","101.53","0"
"2013-12-11 01:00","101.11","0"
"2013-12-12 01:00","100.22","0"
"2013-12-13 01:00","100.46","0"
"2013-12-16 01:00","100.66","0"
"2013-12-17 01:00","100.01","0"
"2013-12-18 01:00","99.78","0"
"2013-12-19 01:00","99.38","0"
"2013-12-20 01:00","100.98","0"
"2013-12-23 01:00","100.53","0"
"2013-12-27 01:00","101.1","0"
"2013-12-30 01:00","102.72","0"
"2014-01-02 01:00","102.78","0"
"2014-01-03 01:00","103.21","0"
"2014-01-06 01:00","102.44","0"
"2014-01-07 01:00","102.02","0"
"2014-01-08 01:00","101.7","0"
"2014-01-09 01:00","100.76","0"
"2014-01-10 01:00","100.81","0"
"2014-01-13 01:00","102.27","0"
"2014-01-14 01:00","105.02","0"
"2014-01-15 01:00","105.74","0"
"2014-01-16 01:00","107.25","0"
"2014-01-17 01:00","107.95","0"
"2014-01-20 01:00","108.72","0"
"2014-01-21 01:00","109.87","0"
"2014-01-22 01:00","110.06","0"
"2014-01-23 01:00","109.45","0"
"2014-01-24 01:00","107.1","0"
"2014-01-27 01:00","105.92","0"
"2014-01-28 01:00","106.09","0"
"2014-01-29 01:00","105.58","0"
"2014-01-30 01:00","105.61","0"
"2014-01-31 01:00","104.54","0"
"2014-02-03 01:00","105.35","0"
"2014-02-04 01:00","105.15","0"
"2014-02-05 01:00","103.55","0"
"2014-02-06 01:00","102.35","0"
"2014-02-07 01:00","103.03","0"
"2014-02-10 01:00","101.05","0"
"2014-02-11 01:00","99.5","0"
"2014-02-12 01:00","99.82","0"
"2014-02-13 01:00","98.82","0"
"2014-02-14 01:00","100.49","0"
"2014-02-17 01:00","100.85","0"
"2014-02-18 01:00","100.74","0"
"2014-02-19 01:00","100.62","0"
"2014-02-20 01:00","100.46","0"
"2014-02-21 01:00","101.87","0"
"2014-02-24 01:00","100.95","0"
"2014-02-25 01:00","99.23","0"
"2014-02-26 01:00","100.76","0"
"2014-02-27 01:00","101.43","0"
"2014-02-28 01:00","101.71","0"
"2014-03-03 01:00","98.55","0"
"2014-03-04 01:00","100.55","0"
"2014-03-05 01:00","100.03","0"
"2014-03-06 01:00","99.5","0"
"2014-03-07 01:00","100.71","0"
"2014-03-10 01:00","100.49","0"
"2014-03-11 01:00","101.28","0"
"2014-03-12 01:00","100.1","0"
"2014-03-13 01:00","99.13","0"
"2014-03-14 01:00","98.59","0"
"2014-03-17 01:00","99.66","0"
"2014-03-18 01:00","99.71","0"
"2014-03-19 01:00","99.3","0"
"2014-03-20 01:00","99.2","0"
"2014-03-21 01:00","99.9","0"
"2014-03-24 01:00","99.62","0"
"2014-03-25 01:00","100.88","0"
"2014-03-26 01:00","104.51","0"
"2014-03-27 01:00","105.76","0"
"2014-03-28 01:00","106.34","0"
"2014-03-31 02:00","106.09","0"
"2014-04-01 02:00","106.66","0"
"2014-04-02 02:00","106.1","0"
"2014-04-03 02:00","105.24","0"
"2014-04-04 02:00","105.07","0"
"2014-04-07 02:00","105.18","0"
"2014-04-08 02:00","104.03","0"
"2014-04-09 02:00","104","0"
"2014-04-10 02:00","105.89","0"
"2014-04-11 02:00","104","0"
"2014-04-14 02:00","106.47","0"
"2014-04-15 02:00","105.8","0"
"2014-04-16 02:00","105.26","0"
"2014-04-22 02:00","109.43","0"
"2014-04-23 02:00","109.22","0"
"2014-04-24 02:00","109.21","0"
"2014-04-25 02:00","109.07","0"
"2014-04-28 02:00","109.74","0"
"2014-04-29 02:00","110.21","0"
"2014-04-30 02:00","111.68","0"
"2014-05-02 02:00","111.84","0"
"2014-05-05 02:00","110.55","0"
"2014-05-06 02:00","111.06","0"
"2014-05-07 02:00","111.84","0"
"2014-05-08 02:00","112.56","0"
"2014-05-09 02:00","112.42","0"
"2014-05-12 02:00","114.2","0"
"2014-05-13 02:00","114.01","0"
"2014-05-14 02:00","115.5","0"
"2014-05-15 02:00","116.28","0"
"2014-05-16 02:00","115.58","0"
"2014-05-19 02:00","115.77","0"
"2014-05-20 02:00","115.58","0"
"2014-05-21 02:00","117.46","0"
"2014-05-22 02:00","117.32","0"
"2014-05-23 02:00","117.99","0"
"2014-05-26 02:00","115.83","0"
"2014-05-27 02:00","116.25","0"
"2014-05-28 02:00","116.63","0"
"2014-05-30 02:00","119.69","0"
"2014-06-02 02:00","120.7","0"
"2014-06-03 02:00","120.31","0"
"2014-06-04 02:00","120.98","0"
"2014-06-05 02:00","122.77","0"
"2014-06-06 02:00","122.99","0"
"2014-06-10 02:00","123.26","0"
"2014-06-11 02:00","124.3","0"
"2014-06-12 02:00","124.94","0"
"2014-06-13 02:00","124.86","0"
"2014-06-16 02:00","125.71","0"
"2014-06-17 02:00","127.82","0"
"2014-06-18 02:00","132.06","0"
"2014-06-19 02:00","133.88","0"
"2014-06-20 02:00","132.25","0"
"2014-06-23 02:00","135.06","0"
"2014-06-24 02:00","135.05","0"
"2014-06-25 02:00","134.8","0"
"2014-06-26 02:00","135.72","0"
"2014-06-27 02:00","135.59","0"
"2014-06-30 02:00","136.39","0"
"2014-07-01 02:00","137.3","0"
"2014-07-02 02:00","138.56","0"
"2014-07-03 02:00","139.88","0"
"2014-07-04 02:00","140.08","0"
"2014-07-07 02:00","140.35","0"
"2014-07-08 02:00","140.77","0"
"2014-07-09 02:00","140.41","0"
"2014-07-10 02:00","137.66","0"
"2014-07-11 02:00","137.88","0"
"2014-07-14 02:00","140.19","0"
"2014-07-15 02:00","141.05","0"
"2014-07-16 02:00","142.92","0"
"2014-07-17 02:00","143.13","0"
"2014-07-18 02:00","142.19","0"
"2014-07-21 02:00","143.16","0"
"2014-07-22 02:00","144","0"
"2014-07-23 02:00","145.09","0"
"2014-07-24 02:00","144.82","0"
"2014-07-25 02:00","144.66","0"
"2014-07-28 02:00","142.88","0"
"2014-07-29 02:00","143.44","0"
"2014-07-30 02:00","140.81","0"
"2014-07-31 02:00","141.69","0"
"2014-08-01 02:00","139.57","0"
"2014-08-04 02:00","140.78","0"
"2014-08-05 02:00","143.05","0"
"2014-08-06 02:00","142.11","0"
"2014-08-07 02:00","131.04","0"
"2014-08-08 02:00","127.26","0"
"2014-08-11 02:00","131.92","0"
"2014-08-12 02:00","131.17","0"
"2014-08-13 02:00","130.59","0"
"2014-08-14 02:00","131.18","0"
"2014-08-15 02:00","131.88","0"
"2014-08-18 02:00","132.38","0"
"2014-08-19 02:00","134.11","0"
"2014-08-20 02:00","134.84","0"
"2014-08-21 02:00","137.55","0"
"2014-08-22 02:00","137.22","0"
"2014-08-25 02:00","140.25","0"
"2014-08-26 02:00","142.98","0"
"2014-08-27 02:00","139.71","0"
"2014-08-28 02:00","140.41","0"
"2014-08-29 02:00","139.87","0"
"2014-09-01 02:00","139.12","0"
"2014-09-02 02:00","139.66","0"
"2014-09-03 02:00","140.83","0"
"2014-09-04 02:00","143.34","0"
"2014-09-05 02:00","140.81","0"
"2014-09-08 02:00","141.1","0"
"2014-09-09 02:00","139.14","0"
"2014-09-10 02:00","140.31","0"
"2014-09-11 02:00","138.49","0"
"2014-09-12 02:00","139.72","0"
"2014-09-15 02:00","141.42","0"
"2014-09-16 02:00","142.57","0"
"2014-09-17 02:00","143.53","0"
"2014-09-18 02:00","144.81","0"
"2014-09-19 02:00","146.13","0"
"2014-09-22 02:00","147.59","0"
"2014-09-23 02:00","145.79","0"
"2014-09-24 02:00","147.46","0"
"2014-09-25 02:00","148.3","0"
"2014-09-26 02:00","148.36","0"
"2014-09-29 02:00","147.98","0"
"2014-09-30 02:00","149.37","0"
"2014-10-01 02:00","148.77","0"
"2014-10-02 02:00","143.16","0"
"2014-10-03 02:00","144.34","0"
"2014-10-06 02:00","145.44","0"
"2014-10-07 02:00","143.65","0"
"2014-10-08 02:00","144.52","0"
"2014-10-09 02:00","141.83","0"
"2014-10-10 02:00","140.16","0"
"2014-10-13 02:00","139.4","0"
"2014-10-14 02:00","143.7","0"
"2014-10-15 02:00","142.3","0"
"2014-10-16 02:00","139.53","0"
"2014-10-17 02:00","144.5","0"
"2014-10-20 02:00","147.43","0"
"2014-10-21 02:00","150.39","0"
"2014-10-22 02:00","155.73","0"
"2014-10-23 02:00","155.33","0"
"2014-10-24 02:00","155.25","0"
"2014-10-27 01:00","155.42","0"
"2014-10-28 01:00","155.88","0"
"2014-10-29 01:00","156.77","0"
"2014-10-30 01:00","157.02","0"
"2014-10-31 01:00","161.23","0"
"2014-11-03 01:00","161.78","0"
"2014-11-04 01:00","163.23","0"
"2014-11-05 01:00","165.75","0"
"2014-11-06 01:00","165.66","0"
"2014-11-07 01:00","164.19","0"
"2014-11-10 01:00","166.4","0"
"2014-11-11 01:00","169.78","0"
"2014-11-12 01:00","167.72","0"
"2014-11-13 01:00","167.65","0"
"2014-11-14 01:00","168.6","0"
"2014-11-17 01:00","169.82","0"
"2014-11-18 01:00","167.82","0"
"2014-11-19 01:00","169.67","0"
"2014-11-20 01:00","167.54","0"
"2014-11-21 01:00","170.33","0"
"2014-11-24 01:00","170.58","0"
"2014-11-25 01:00","169.26","0"
"2014-11-26 01:00","165.77","0"
"2014-11-27 01:00","163.68","0"
"2014-11-28 01:00","163.61","0"
"2014-12-01 01:00","165.78","0"
"2014-12-02 01:00","168.59","0"
"2014-12-03 01:00","170.03","0"
"2014-12-04 01:00","168.54","0"
"2014-12-05 01:00","169.87","0"
"2014-12-08 01:00","168.06","0"
"2014-12-09 01:00","164.94","0"
"2014-12-10 01:00","167.36","0"
"2014-12-11 01:00","165.62","0"
"2014-12-12 01:00","162.72","0"
"2014-12-15 01:00","164.54","0"
"2014-12-16 01:00","158.19","0"
"2014-12-17 01:00","159.55","0"
"2014-12-18 01:00","161.52","0"
"2014-12-19 01:00","166.33","0"
"2014-12-22 01:00","169.78","0"
"2014-12-23 01:00","172.43","0"
"2014-12-29 01:00","172.83","0"
"2014-12-30 01:00","171.22","0"
"2015-01-02 01:00","175.92","0"
"2015-01-05 01:00","173.39","0"
"2015-01-06 01:00","175.08","0"
"2015-01-07 01:00","173.91","0"
"2015-01-08 01:00","175.28","0"
"2015-01-09 01:00","174.46","0"
"2015-01-12 01:00","176.08","0"
"2015-01-13 01:00","177.7","0"
"2015-01-14 01:00","176.69","0"
"2015-01-15 01:00","172.88","0"
"2015-01-16 01:00","171.72","0"
"2015-01-19 01:00","177.69","0"
"2015-01-20 01:00","176.59","0"
"2015-01-21 01:00","174.49","0"
"2015-01-22 01:00","163.89","0"
"2015-01-23 01:00","162.45","0"
"2015-01-26 01:00","162.49","0"
"2015-01-27 01:00","160.49","0"
"2015-01-28 01:00","163.98","0"
"2015-01-29 01:00","165.61","0"
"2015-01-30 01:00","166.19","0"
"2015-02-02 01:00","164.95","0"
"2015-02-03 01:00","162.16","0"
"2015-02-04 01:00","159.41","0"
"2015-02-05 01:00","162.21","0"
"2015-02-06 01:00","162.23","0"
"2015-02-09 01:00","159.19","0"
"2015-02-10 01:00","161.31","0"
"2015-02-11 01:00","158.41","0"
"2015-02-12 01:00","164.88","0"
"2015-02-13 01:00","163","0"
"2015-02-16 01:00","162.41","0"
"2015-02-17 01:00","161.59","0"
"2015-02-18 01:00","161.23","0"
"2015-02-19 01:00","157.48","0"
"2015-02-20 01:00","160.28","0"
"2015-02-23 01:00","161.45","0"
"2015-02-24 01:00","160.81","0"
"2015-02-25 01:00","163.74","0"
"2015-02-26 01:00","167.32","0"
"2015-02-27 01:00","169.65","0"
"2015-03-02 01:00","170.41","0"
"2015-03-03 01:00","167.99","0"
"2015-03-04 01:00","166.99","0"
"2015-03-05 01:00","168.31","0"
"2015-03-06 01:00","169.31","0"
"2015-03-09 01:00","167.62","0"
"2015-03-10 01:00","165.71","0"
"2015-03-11 01:00","168.97","0"
"2015-03-12 01:00","169.25","0"
"2015-03-13 01:00","170.72","0"
"2015-03-16 01:00","165.33","0"
"2015-03-17 01:00","164.59","0"
"2015-03-18 01:00","167.17","0"
"2015-03-19 01:00","163.06","0"
"2015-03-20 01:00","168.23","0"
"2015-03-23 01:00","167.06","0"
"2015-03-24 01:00","169.21","0"
"2015-03-25 01:00","159.68","0"
"2015-03-26 01:00","157.74","0"
"2015-03-27 01:00","157.42","0"
"2015-03-30 02:00","159.67","0"
"2015-03-31 02:00","160.09","0"
"2015-04-01 02:00","160.31","0"
"2015-04-07 02:00","164.39","0"
"2015-04-08 02:00","163.98","0"
"2015-04-09 02:00","164.26","0"
"2015-04-10 02:00","165.2","0"
"2015-04-13 02:00","168.41","0"
"2015-04-14 02:00","165.13","0"
"2015-04-15 02:00","164.72","0"
"2015-04-16 02:00","165.26","0"
"2015-04-17 02:00","164.17","0"
"2015-04-20 02:00","162.94","0"
"2015-04-21 02:00","165.38","0"
"2015-04-22 02:00","164.41","0"
"2015-04-23 02:00","164.43","0"
"2015-04-24 02:00","171.63","0"
"2015-04-27 02:00","173.66","0"
"2015-04-28 02:00","167.66","0"
"2015-04-29 02:00","165.02","0"
"2015-04-30 02:00","165.78","0"
"2015-05-04 02:00","165.93","0"
"2015-05-05 02:00","165.53","0"
"2015-05-06 02:00","164.4","0"
"2015-05-07 02:00","161.02","0"
"2015-05-08 02:00","162.02","0"
"2015-05-11 02:00","163.76","0"
"2015-05-12 02:00","163.48","0"
"2015-05-13 02:00","168.9","0"
"2015-05-15 02:00","170.67","0"
"2015-05-18 02:00","170.78","0"
"2015-05-19 02:00","170.71","0"
"2015-05-20 02:00","171.22","0"
"2015-05-21 02:00","171.36","0"
"2015-05-22 02:00","171.37","0"
"2015-05-26 02:00","170.91","0"
"2015-05-27 02:00","171.23","0"
"2015-05-28 02:00","174.06","0"
"2015-05-29 02:00","174.79","0"
"2015-06-01 02:00","173.84","0"
"2015-06-02 02:00","175.21","0"
"2015-06-03 02:00","178.01","0"
"2015-06-04 02:00","177.82","0"
"2015-06-05 02:00","179.01","0"
"2015-06-08 02:00","180.09","0"
"2015-06-09 02:00","178.84","0"
"2015-06-10 02:00","178.47","0"
"2015-06-11 02:00","181.14","0"
"2015-06-12 02:00","180.58","0"
"2015-06-15 02:00","177.24","0"
"2015-06-16 02:00","174.86","0"
"2015-06-17 02:00","172.76","0"
"2015-06-18 02:00","173.33","0"
"2015-06-19 02:00","174.8","0"
"2015-06-22 02:00","178.2","0"
"2015-06-23 02:00","180.44","0"
"2015-06-24 02:00","179.21","0"
"2015-06-25 02:00","178.05","0"
"2015-06-26 02:00","177.39","0"
"2015-06-29 02:00","175.02","0"
"2015-06-30 02:00","174.02","0"
"2015-07-01 02:00","176.12","0"
"2015-07-02 02:00","177.53","0"
"2015-07-03 02:00","177.53","0"
"2015-07-06 02:00","177.74","0"
"2015-07-07 02:00","177.59","0"
"2015-07-08 02:00","179.57","0"
"2015-07-09 02:00","183.56","0"
"2015-07-10 02:00","184.69","0"
"2015-07-13 02:00","186.2","0"
"2015-07-14 02:00","186.26","0"
"2015-07-15 02:00","186.86","0"
"2015-07-16 02:00","191.19","0"
"2015-07-17 02:00","191.89","0"
"2015-07-20 02:00","192.88","0"
"2015-07-21 02:00","192.51","0"
"2015-07-22 02:00","192.03","0"
"2015-07-23 02:00","192.17","0"
"2015-07-24 02:00","193.37","0"
"2015-07-27 02:00","189.02","0"
"2015-07-28 02:00","191.64","0"
"2015-07-29 02:00","194.2","0"
"2015-07-30 02:00","193.82","0"
"2015-07-31 02:00","195.29","0"
"2015-08-03 02:00","199.35","0"
"2015-08-04 02:00","199.66","0"
"2015-08-05 02:00","202.17","0"
"2015-08-06 02:00","201.64","0"
"2015-08-07 02:00","201.26","0"
"2015-08-10 02:00","202.87","0"
"2015-08-11 02:00","201.41","0"
"2015-08-12 02:00","198.73","0"
"2015-08-13 02:00","200.59","0"
"2015-08-14 02:00","200.61","0"
"2015-08-17 02:00","199.67","0"
"2015-08-18 02:00","200.61","0"
"2015-08-19 02:00","199.44","0"
"2015-08-20 02:00","194.62","0"
"2015-08-21 02:00","188.8","0"
"2015-08-24 02:00","179.24","0"
"2015-08-25 02:00","190.46","0"
"2015-08-26 02:00","192.69","0"
"2015-08-27 02:00","195.05","0"
"2015-08-28 02:00","195.42","0"
"2015-08-31 02:00","197.53","0"
"2015-09-01 02:00","191.64","0"
"2015-09-02 02:00","191.85","0"
"2015-09-03 02:00","195.42","0"
"2015-09-04 02:00","193.03","0"
"2015-09-07 02:00","192.7","0"
"2015-09-08 02:00","194.77","0"
"2015-09-09 02:00","196.51","0"
"2015-09-10 02:00","195.05","0"
"2015-09-11 02:00","197.89","0"
"2015-09-14 02:00","198.74","0"
"2015-09-15 02:00","198.5","0"
"2015-09-16 02:00","203.43","0"
"2015-09-17 02:00","203.8","0"
"2015-09-18 02:00","202.62","0"
"2015-09-21 02:00","202.4","0"
"2015-09-22 02:00","201.64","0"
"2015-09-23 02:00","201.79","0"
"2015-09-24 02:00","204.31","0"
"2015-09-25 02:00","210.34","0"
"2015-09-28 02:00","208.88","0"
"2015-09-29 02:00","208.11","0"
"2015-09-30 02:00","212.95","0"
"2015-10-01 02:00","212.44","0"
"2015-10-02 02:00","210.77","0"
"2015-10-05 02:00","218.73","0"
"2015-10-06 02:00","219.93","0"
"2015-10-07 02:00","213.84","0"
"2015-10-08 02:00","210.24","0"
"2015-10-09 02:00","211.1","0"
"2015-10-12 02:00","212.93","0"
"2015-10-13 02:00","215.24","0"
"2015-10-14 02:00","213.51","0"
"2015-10-15 02:00","208.53","0"
"2015-10-16 02:00","203.35","0"
"2015-10-19 02:00","203.57","0"
"2015-10-20 02:00","207.7","0"
"2015-10-21 02:00","210.43","0"
"2015-10-22 02:00","210.42","0"
"2015-10-23 02:00","212.63","0"
"2015-10-26 01:00","213.02","0"
"2015-10-27 01:00","211.64","0"
"2015-10-28 01:00","217.77","0"
"2015-10-29 01:00","216.63","0"
"2015-10-30 01:00","217.24","0"
"2015-11-02 01:00","218.78","0"
"2015-11-03 01:00","213.71","0"
"2015-11-04 01:00","212.63","0"
"2015-11-05 01:00","215.13","0"
"2015-11-06 01:00","211.06","0"
"2015-11-09 01:00","211.2","0"
"2015-11-10 01:00","211.69","0"
"2015-11-11 01:00","211.24","0"
"2015-11-12 01:00","212.31","0"
"2015-11-13 01:00","212.57","0"
"2015-11-16 01:00","211.57","0"
"2015-11-17 01:00","212.21","0"
"2015-11-18 01:00","211.43","0"
"2015-11-19 01:00","212.89","0"
"2015-11-20 01:00","214.75","0"
"2015-11-23 01:00","213.98","0"
"2015-11-24 01:00","210.85","0"
"2015-11-25 01:00","209.89","0"
"2015-11-26 01:00","211.18","0"
"2015-11-27 01:00","213.53","0"
"2015-11-30 01:00","217.93","0"
"2015-12-01 01:00","219.92","0"
"2015-12-02 01:00","222.82","0"
"2015-12-03 01:00","221.56","0"
"2015-12-04 01:00","221.83","0"
"2015-12-07 01:00","222.97","0"
"2015-12-08 01:00","220.64","0"
"2015-12-09 01:00","219.22","0"
"2015-12-10 01:00","215.15","0"
"2015-12-11 01:00","212.59","0"
"2015-12-14 01:00","207.36","0"
"2015-12-15 01:00","214.49","0"
"2015-12-16 01:00","214.52","0"
"2015-12-17 01:00","217.65","0"
"2015-12-18 01:00","216.82","0"
"2015-12-21 01:00","218.16","0"
"2015-12-22 01:00","216.32","0"
"2015-12-23 01:00","218.8","0"
"2015-12-28 01:00","220.74","0"
"2015-12-29 01:00","223.56","0"
"2015-12-30 01:00","227.77","0"
"2016-01-04 01:00","225.12","0"
"2016-01-05 01:00","220.95","0"
"2016-01-06 01:00","225.43","0"
"2016-01-07 01:00","220.74","0"
"2016-01-08 01:00","221.39","0"
"2016-01-11 01:00","224.77","0"
"2016-01-12 01:00","227.84","0"
"2016-01-13 01:00","233.09","0"
"2016-01-14 01:00","225.01","0"
"2016-01-15 01:00","224.5","0"
"2016-01-18 01:00","219.04","0"
"2016-01-19 01:00","228.21","0"
"2016-01-20 01:00","220.7","0"
"2016-01-21 01:00","223.81","0"
"2016-01-22 01:00","228.61","0"
"2016-01-25 01:00","232.8","0"
"2016-01-26 01:00","231.09","0"
"2016-01-27 01:00","231.49","0"
"2016-01-28 01:00","231.95","0"
"2016-01-29 01:00","236.53","0"
"2016-02-01 01:00","236.62","0"
"2016-02-02 01:00","235.35","0"
"2016-02-03 01:00","236.37","0"
"2016-02-04 01:00","232.69","0"
"2016-02-05 01:00","234.05","0"
"2016-02-08 01:00","223.6","0"
"2016-02-09 01:00","223.96","0"
"2016-02-10 01:00","230.76","0"
"2016-02-11 01:00","225.68","0"
"2016-02-12 01:00","228.42","0"
"2016-02-15 01:00","233.85","0"
"2016-02-16 01:00","231.44","0"
"2016-02-17 01:00","238.95","0"
"2016-02-18 01:00","244.12","0"
"2016-02-19 01:00","246.86","0"
"2016-02-22 01:00","250.58","0"
"2016-02-23 01:00","249.14","0"
"2016-02-24 01:00","254.17","0"
"2016-02-25 01:00","260.31","0"
"2016-02-26 01:00","258.53","0"
"2016-02-29 01:00","255.96","0"
"2016-03-01 01:00","260.12","0"
"2016-03-02 01:00","250.45","0"
"2016-03-03 01:00","248.31","0"
"2016-03-04 01:00","254.74","0"
"2016-03-07 01:00","251.79","0"
"2016-03-08 01:00","250.46","0"
"2016-03-09 01:00","255.91","0"
"2016-03-10 01:00","257.97","0"
"2016-03-11 01:00","262.93","0"
"2016-03-14 01:00","267.28","0"
"2016-03-15 01:00","268.7","0"
"2016-03-16 01:00","269.52","0"
"2016-03-17 01:00","270.07","0"
"2016-03-18 01:00","271.7","0"
"2016-03-21 01:00","272.25","0"
"2016-03-22 01:00","274.7","0"
"2016-03-23 01:00","278.79","0"
"2016-03-29 02:00","277.88","0"
"2016-03-30 02:00","279.16","0"
"2016-03-31 02:00","273.07","0"
"2016-04-01 02:00","272.06","0"
"2016-04-04 02:00","273.7","0"
"2016-04-05 02:00","275.49","0"
"2016-04-06 02:00","280.97","0"
"2016-04-07 02:00","277.19","0"
"2016-04-08 02:00","278.41","0"
"2016-04-11 02:00","277.22","0"
"2016-04-12 02:00","277.39","0"
"2016-04-13 02:00","277.05","0"
"2016-04-14 02:00","276.09","0"
"2016-04-15 02:00","273.01","0"
"2016-04-18 02:00","274.84","0"
"2016-04-19 02:00","273.73","0"
"2016-04-20 02:00","270.5","0"
"2016-04-21 02:00","258.19","0"
"2016-04-22 02:00","259.59","0"
"2016-04-25 02:00","258.92","0"
"2016-04-26 02:00","261.36","0"
"2016-04-27 02:00","264.72","0"
"2016-04-28 02:00","263.61","0"
"2016-04-29 02:00","264.8","0"
"2016-05-02 02:00","265.46","0"
"2016-05-03 02:00","264.37","0"
"2016-05-04 02:00","268.75","0"
"2016-05-06 02:00","272.77","0"
"2016-05-09 02:00","278.34","0"
"2016-05-10 02:00","277.08","0"
"2016-05-11 02:00","281.86","0"
"2016-05-12 02:00","283.38","0"
"2016-05-13 02:00","286.27","0"
"2016-05-18 02:00","282.27","0"
"2016-05-19 02:00","280.03","0"
"2016-05-20 02:00","286.56","0"
"2016-05-23 02:00","287.76","0"
"2016-05-24 02:00","293.84","0"
"2016-05-25 02:00","294.9","0"
"2016-05-26 02:00","302.53","0"
"2016-05-27 02:00","300.54","0"
"2016-05-30 02:00","305.34","0"
"2016-05-31 02:00","305.38","0"
"2016-06-01 02:00","307.52","0"
"2016-06-02 02:00","309.58","0"
"2016-06-03 02:00","305.06","0"
"2016-06-06 02:00","305.89","0"
"2016-06-07 02:00","308.2","0"
"2016-06-08 02:00","312.79","0"
"2016-06-09 02:00","311.35","0"
"2016-06-10 02:00","308.69","0"
"2016-06-13 02:00","303.83","0"
"2016-06-14 02:00","299.22","0"
"2016-06-15 02:00","304.33","0"
"2016-06-16 02:00","296.16","0"
"2016-06-17 02:00","298.25","0"
"2016-06-20 02:00","305.34","0"
"2016-06-21 02:00","312.77","0"
"2016-06-22 02:00","310.4","0"
"2016-06-23 02:00","310.05","0"
"2016-06-24 02:00","304.07","0"
"2016-06-27 02:00","295.7","0"
"2016-06-28 02:00","308.11","0"
"2016-06-29 02:00","313.51","0"
"2016-06-30 02:00","303.49","0"
"2016-07-01 02:00","312.21","0"
"2016-07-04 02:00","306.22","0"
"2016-07-05 02:00","303.21","0"
"2016-07-06 02:00","308.23","0"
"2016-07-07 02:00","311.79","0"
"2016-07-08 02:00","314.95","0"
"2016-07-11 02:00","321.26","0"
"2016-07-12 02:00","319.03","0"
"2016-07-13 02:00","321.79","0"
"2016-07-14 02:00","326.56","0"
"2016-07-15 02:00","319.63","0"
"2016-07-18 02:00","317.54","0"
"2016-07-19 02:00","318.35","0"
"2016-07-20 02:00","320.27","0"
"2016-07-21 02:00","319.52","0"
"2016-07-22 02:00","318.07","0"
"2016-07-25 02:00","314.95","0"
"2016-07-26 02:00","315.35","0"
"2016-07-27 02:00","316.45","0"
"2016-07-28 02:00","318.38","0"
"2016-07-29 02:00","317.74","0"
"2016-08-01 02:00","314.95","0"
"2016-08-02 02:00","315.88","0"
"2016-08-03 02:00","316.15","0"
"2016-08-04 02:00","316.5","0"
"2016-08-05 02:00","316.51","0"
"2016-08-08 02:00","308.79","0"
"2016-08-09 02:00","311.28","0"
"2016-08-10 02:00","307.18","0"
"2016-08-11 02:00","310.84","0"
"2016-08-12 02:00","308.14","0"
"2016-08-15 02:00","290.02","0"
"2016-08-16 02:00","288.45","0"
"2016-08-17 02:00","284.28","0"
"2016-08-18 02:00","277.05","0"
"2016-08-19 02:00","273.91","0"
"2016-08-22 02:00","281.63","0"
"2016-08-23 02:00","287.41","0"
"2016-08-24 02:00","285.98","0"
"2016-08-25 02:00","287.88","0"
"2016-08-26 02:00","287.67","0"
"2016-08-29 02:00","287.79","0"
"2016-08-30 02:00","288.99","0"
"2016-08-31 02:00","287.93","0"
"2016-09-01 02:00","289.64","0"
"2016-09-02 02:00","293.8","0"
"2016-09-05 02:00","294.35","0"
"2016-09-06 02:00","291.46","0"
"2016-09-07 02:00","291.43","0"
"2016-09-08 02:00","290.79","0"
"2016-09-09 02:00","281.96","0"
"2016-09-12 02:00","281.27","0"
"2016-09-13 02:00","279.17","0"
"2016-09-14 02:00","288.27","0"
"2016-09-15 02:00","287.41","0"
"2016-09-16 02:00","294.05","0"
"2016-09-19 02:00","293.87","0"
"2016-09-20 02:00","302.57","0"
"2016-09-21 02:00","300.65","0"
"2016-09-22 02:00","306.74","0"
"2016-09-23 02:00","305.84","0"
"2016-09-26 02:00","297.88","0"
"2016-09-27 02:00","294.49","0"
"2016-09-28 02:00","299.95","0"
"2016-09-29 02:00","301.36","0"
"2016-09-30 02:00","312.62","0"
"2016-10-03 02:00","314.17","0"
"2016-10-04 02:00","317.69","0"
"2016-10-05 02:00","315.51","0"
"2016-10-06 02:00","317.47","0"
"2016-10-07 02:00","314.74","0"
"2016-10-10 02:00","320.19","0"
"2016-10-11 02:00","322.39","0"
"2016-10-12 02:00","320.24","0"
"2016-10-13 02:00","324.76","0"
"2016-10-14 02:00","329.26","0"
"2016-10-17 02:00","325.31","0"
"2016-10-18 02:00","327.4","0"
"2016-10-19 02:00","330.45","0"
"2016-10-20 02:00","331.58","0"
"2016-10-21 02:00","333.18","0"
"2016-10-24 02:00","333.61","0"
"2016-10-25 02:00","340.43","0"
"2016-10-26 02:00","338.63","0"
"2016-10-27 02:00","341.82","0"
"2016-10-28 02:00","340.95","0"
"2016-10-31 01:00","339","0"
"2016-11-01 01:00","340.22","0"
"2016-11-02 01:00","332.9","0"
"2016-11-03 01:00","336.05","0"
"2016-11-04 01:00","329.95","0"
"2016-11-07 01:00","336.18","0"
"2016-11-08 01:00","337.87","0"
"2016-11-09 01:00","336.15","0"
"2016-11-10 01:00","329.33","0"
"2016-11-11 01:00","333.45","0"
"2016-11-14 01:00","338.37","0"
"2016-11-15 01:00","346.43","0"
"2016-11-16 01:00","339.29","0"
"2016-11-17 01:00","343.87","0"
"2016-11-18 01:00","346.67","0"
"2016-11-21 01:00","348.99","0"
"2016-11-22 01:00","349.18","0"
"2016-11-23 01:00","347.5","0"
"2016-11-24 01:00","348.99","0"
"2016-11-25 01:00","351.99","0"
"2016-11-28 01:00","353.13","0"
"2016-11-29 01:00","354.01","0"
"2016-11-30 01:00","354.31","0"
"2016-12-01 01:00","348.56","0"
"2016-12-02 01:00","347.58","0"
"2016-12-05 01:00","351.98","0"
"2016-12-06 01:00","349.21","0"
"2016-12-07 01:00","346.38","0"
"2016-12-08 01:00","348.58","0"
"2016-12-09 01:00","350.32","0"
"2016-12-12 01:00","350.39","0"
"2016-12-13 01:00","351.24","0"
"2016-12-14 01:00","350.59","0"
"2016-12-15 01:00","350.56","0"
"2016-12-16 01:00","349.78","0"
"2016-12-19 01:00","354.48","0"
"2016-12-20 01:00","352.92","0"
"2016-12-21 01:00","350.04","0"
"2016-12-22 01:00","348.33","0"
"2016-12-23 01:00","354.11","0"
"2016-12-27 01:00","357.91","0"
"2016-12-28 01:00","356.23","0"
"2016-12-29 01:00","356.44","0"
"2016-12-30 01:00","356.26","0"
"2017-01-02 01:00","355.58","0"
"2017-01-03 01:00","350.54","0"
"2017-01-04 01:00","350.09","0"
"2017-01-05 01:00","336.27","0"
"2017-01-06 01:00","339.22","0"
"2017-01-09 01:00","328.36","0"
"2017-01-10 01:00","328.1","0"
"2017-01-11 01:00","335.72","0"
"2017-01-12 01:00","335.42","0"
"2017-01-13 01:00","331.97","0"
"2017-01-16 01:00","329.71","0"
"2017-01-17 01:00","331.98","0"
"2017-01-18 01:00","342.29","0"
"2017-01-19 01:00","344.91","0"
"2017-01-20 01:00","344.43","0"
"2017-01-23 01:00","340.56","0"
"2017-01-24 01:00","341.75","0"
"2017-01-25 01:00","337.13","0"
"2017-01-26 01:00","334.23","0"
"2017-01-27 01:00","332.32","0"
"2017-01-30 01:00","329.38","0"
"2017-01-31 01:00","328.67","0"
"2017-02-01 01:00","334.33","0"
"2017-02-02 01:00","330.24","0"
"2017-02-03 01:00","333.14","0"
"2017-02-06 01:00","330.53","0"
"2017-02-07 01:00","334.81","0"
"2017-02-08 01:00","341.26","0"
"2017-02-09 01:00","339.59","0"
"2017-02-10 01:00","336.64","0"
"2017-02-13 01:00","336.64","0"
"2017-02-14 01:00","334.8","0"
"2017-02-15 01:00","322.1","0"
"2017-02-16 01:00","321.03","0"
"2017-02-17 01:00","321.31","0"
"2017-02-20 01:00","324.94","0"
"2017-02-21 01:00","327.3","0"
"2017-02-22 01:00","329.13","0"
"2017-02-23 01:00","325.38","0"
"2017-02-24 01:00","324.32","0"
"2017-02-27 01:00","324.47","0"
"2017-02-28 01:00","322.97","0"
"2017-03-01 01:00","324.63","0"
"2017-03-02 01:00","324.64","0"
"2017-03-03 01:00","313.26","0"
"2017-03-06 01:00","312.44","0"
"2017-03-07 01:00","309.73","0"
"2017-03-08 01:00","308.07","0"
"2017-03-09 01:00","312.69","0"
"2017-03-10 01:00","312.09","0"
"2017-03-13 01:00","315.7","0"
"2017-03-14 01:00","313.48","0"
"2017-03-15 01:00","313","0"
"2017-03-16 01:00","312.97","0"
"2017-03-17 01:00","311.78","0"
"2017-03-20 01:00","312.07","0"
"2017-03-21 01:00","310.74","0"
"2017-03-22 01:00","306.02","0"
"2017-03-23 01:00","303.06","0"
"2017-03-24 01:00","294.84","0"
"2017-03-27 02:00","289.99","0"
"2017-03-28 02:00","290.53","0"
"2017-03-29 02:00","285.89","0"
"2017-03-30 02:00","286.96","0"
"2017-03-31 02:00","279.77","0"
"2017-04-03 02:00","278.11","0"
"2017-04-04 02:00","275.99","0"
"2017-04-05 02:00","277.9","0"
"2017-04-06 02:00","282.73","0"
"2017-04-07 02:00","286.35","0"
"2017-04-10 02:00","286.06","0"
"2017-04-11 02:00","285.65","0"
"2017-04-12 02:00","285.38","0"
"2017-04-18 02:00","294.48","0"
"2017-04-19 02:00","285.85","0"
"2017-04-20 02:00","288.72","0"
"2017-04-21 02:00","287.32","0"
"2017-04-24 02:00","289.87","0"
"2017-04-25 02:00","298.46","0"
"2017-04-26 02:00","302.1","0"
"2017-04-27 02:00","307.95","0"
"2017-04-28 02:00","309.56","0"
"2017-05-02 02:00","314.36","0"
"2017-05-03 02:00","312.85","0"
"2017-05-04 02:00","310.39","0"
"2017-05-05 02:00","323.83","0"
"2017-05-08 02:00","327.56","0"
"2017-05-09 02:00","332.04","0"
"2017-05-10 02:00","325.54","0"
"2017-05-11 02:00","320.64","0"
"2017-05-12 02:00","326.78","0"
"2017-05-15 02:00","325.69","0"
"2017-05-16 02:00","334.85","0"
"2017-05-18 02:00","329.11","0"
"2017-05-19 02:00","338.59","0"
"2017-05-22 02:00","332.95","0"
"2017-05-23 02:00","333.14","0"
"2017-05-24 02:00","330.83","0"
"2017-05-26 02:00","321.61","0"
"2017-05-29 02:00","319.88","0"
"2017-05-30 02:00","325.71","0"
"2017-05-31 02:00","327.59","0"
"2017-06-01 02:00","334.18","0"
"2017-06-02 02:00","337.09","0"
"2017-06-06 02:00","338.74","0"
"2017-06-07 02:00","339.25","0"
"2017-06-08 02:00","339.3","0"
"2017-06-09 02:00","334.1","0"
"2017-06-12 02:00","336.2","0"
"2017-06-13 02:00","328.16","0"
"2017-06-14 02:00","327.44","0"
"2017-06-15 02:00","325.4","0"
"2017-06-16 02:00","329.26","0"
"2017-06-19 02:00","329.05","0"
"2017-06-20 02:00","340.19","0"
"2017-06-21 02:00","339.98","0"
"2017-06-22 02:00","339.03","0"
"2017-06-23 02:00","334.66","0"
"2017-06-26 02:00","332.14","0"
"2017-06-27 02:00","323.06","0"
"2017-06-28 02:00","322.47","0"
"2017-06-29 02:00","317.35","0"
"2017-06-30 02:00","321.41","0"
"2017-07-03 02:00","318.05","0"
"2017-07-04 02:00","319.25","0"
"2017-07-05 02:00","318.07","0"
"2017-07-06 02:00","314.72","0"
"2017-07-07 02:00","316.13","0"
"2017-07-10 02:00","318.62","0"
"2017-07-11 02:00","311.93","0"
"2017-07-12 02:00","317.66","0"
"2017-07-13 02:00","320.21","0"
"2017-07-14 02:00","315.92","0"
"2017-07-17 02:00","322.45","0"
"2017-07-18 02:00","319.17","0"
"2017-07-19 02:00","320.73","0"
"2017-07-20 02:00","324.66","0"
"2017-07-21 02:00","317.92","0"
"2017-07-24 02:00","320.51","0"
"2017-07-25 02:00","323.57","0"
"2017-07-26 02:00","330.48","0"
"2017-07-27 02:00","327.98","0"
"2017-07-28 02:00","326.89","0"
"2017-07-31 02:00","325","0"
"2017-08-01 02:00","333.66","0"
"2017-08-02 02:00","333.4","0"
"2017-08-03 02:00","337.04","0"
"2017-08-04 02:00","343.4","0"
"2017-08-07 02:00","340.62","0"
"2017-08-08 02:00","340.12","0"
"2017-08-09 02:00","345.72","0"
"2017-08-10 02:00","342.52","0"
"2017-08-11 02:00","340.54","0"
"2017-08-14 02:00","345.12","0"
"2017-08-15 02:00","344.3","0"
"2017-08-16 02:00","352.46","0"
"2017-08-17 02:00","350.58","0"
"2017-08-18 02:00","353.88","0"
"2017-08-21 02:00","362.37","0"
"2017-08-22 02:00","361.24","0"
"2017-08-23 02:00","359.63","0"
"2017-08-24 02:00","356.04","0"
"2017-08-25 02:00","355.14","0"
"2017-08-28 02:00","356.7","0"
"2017-08-29 02:00","353.22","0"
"2017-08-30 02:00","355.28","0"
"2017-08-31 02:00","362.12","0"
"2017-09-01 02:00","364.99","0"
"2017-09-04 02:00","364.9","0"
"2017-09-05 02:00","371.59","0"
"2017-09-06 02:00","368.47","0"
"2017-09-07 02:00","365.72","0"
"2017-09-08 02:00","363.22","0"
"2017-09-11 02:00","368.9","0"
"2017-09-12 02:00","370.82","0"
"2017-09-13 02:00","371.86","0"
"2017-09-14 02:00","366.81","0"
"2017-09-15 02:00","365.87","0"
"2017-09-18 02:00","367.33","0"
"2017-09-19 02:00","370.39","0"
"2017-09-20 02:00","366.96","0"
"2017-09-21 02:00","360.74","0"
"2017-09-22 02:00","365.96","0"
"2017-09-25 02:00","367.49","0"
"2017-09-26 02:00","361.6","0"
"2017-09-27 02:00","358.24","0"
"2017-09-28 02:00","364.66","0"
"2017-09-29 02:00","367.47","0"
"2017-10-02 02:00","367.44","0"
"2017-10-03 02:00","372.3","0"
"2017-10-04 02:00","375.85","0"
"2017-10-05 02:00","375.49","0"
"2017-10-06 02:00","369.73","0"
"2017-10-09 02:00","372.11","0"
"2017-10-10 02:00","382.38","0"
"2017-10-11 02:00","381.76","0"
"2017-10-12 02:00","386.56","0"
"2017-10-13 02:00","389.27","0"
"2017-10-16 02:00","385.37","0"
"2017-10-17 02:00","384.96","0"
"2017-10-18 02:00","388.69","0"
"2017-10-19 02:00","388.62","0"
"2017-10-20 02:00","386.98","0"
"2017-10-23 02:00","387.86","0"
"2017-10-24 02:00","377.84","0"
"2017-10-25 02:00","376.67","0"
"2017-10-26 02:00","372.09","0"
"2017-10-27 02:00","368.91","0"
"2017-10-30 01:00","371.1","0"
"2017-10-31 01:00","369.74","0"
"2017-11-01 01:00","371.91","0"
"2017-11-02 01:00","358.92","0"
"2017-11-03 01:00","360.93","0"
"2017-11-06 01:00","365.38","0"
"2017-11-07 01:00","359.46","0"
"2017-11-08 01:00","367.93","0"
"2017-11-09 01:00","354.6","0"
"2017-11-10 01:00","359.6","0"
"2017-11-13 01:00","363.96","0"
"2017-11-14 01:00","359.44","0"
"2017-11-15 01:00","368.25","0"
"2017-11-16 01:00","368.33","0"
"2017-11-17 01:00","355.06","0"
"2017-11-20 01:00","359.33","0"
"2017-11-21 01:00","364.89","0"
"2017-11-22 01:00","361.49","0"
"2017-11-23 01:00","357.48","0"
"2017-11-24 01:00","345.4","0"
"2017-11-27 01:00","344.72","0"
"2017-11-28 01:00","344.32","0"
"2017-11-29 01:00","338.46","0"
"2017-11-30 01:00","344.5","0"
"2017-12-01 01:00","346.04","0"
"2017-12-04 01:00","346.82","0"
"2017-12-05 01:00","343.77","0"
"2017-12-06 01:00","348.4","0"
"2017-12-07 01:00","342.73","0"
"2017-12-08 01:00","336.54","0"
"2017-12-11 01:00","338.82","0"
"2017-12-12 01:00","342.51","0"
"2017-12-13 01:00","347.73","0"
"2017-12-14 01:00","331.91","0"
"2017-12-15 01:00","330.73","0"
"2017-12-18 01:00","335.24","0"
"2017-12-19 01:00","329.76","0"
"2017-12-20 01:00","324.9","0"
"2017-12-21 01:00","325.08","0"
"2017-12-22 01:00","328.28","0"
"2017-12-27 01:00","334.52","0"
"2017-12-28 01:00","338.82","0"
"2017-12-29 01:00","339.24","0"
"2018-01-02 01:00","330.83","0"
"2018-01-03 01:00","325.06","0"
"2018-01-04 01:00","330.34","0"
"2018-01-05 01:00","339.16","0"
"2018-01-08 01:00","329.19","0"
"2018-01-09 01:00","331.65","0"
"2018-01-10 01:00","332","0"
"2018-01-11 01:00","327.61","0"
"2018-01-12 01:00","320.95","0"
"2018-01-15 01:00","319.63","0"
"2018-01-16 01:00","322.07","0"
"2018-01-17 01:00","313.22","0"
"2018-01-18 01:00","307.71","0"
"2018-01-19 01:00","309.21","0"
"2018-01-22 01:00","315.56","0"
"2018-01-23 01:00","317.48","0"
"2018-01-24 01:00","310.29","0"
"2018-01-25 01:00","309.59","0"
"2018-01-26 01:00","309.13","0"
"2018-01-29 01:00","302.61","0"
"2018-01-30 01:00","306.44","0"
"2018-01-31 01:00","308.06","0"
"2018-02-01 01:00","315.67","0"
"2018-02-02 01:00","323.5","0"
"2018-02-05 01:00","319.68","0"
"2018-02-06 01:00","313.19","0"
"2018-02-07 01:00","322.81","0"
"2018-02-08 01:00","334.27","0"
"2018-02-09 01:00","336.75","0"
"2018-02-12 01:00","335.98","0"
"2018-02-13 01:00","343.29","0"
"2018-02-14 01:00","340.93","0"
"2018-02-15 01:00","349.66","0"
"2018-02-16 01:00","358.93","0"
"2018-02-19 01:00","356.91","0"
"2018-02-20 01:00","356.83","0"
"2018-02-21 01:00","360.4","0"
"2018-02-22 01:00","372.06","0"
"2018-02-23 01:00","381.58","0"
"2018-02-26 01:00","377.67","0"
"2018-02-27 01:00","369.81","0"
"2018-02-28 01:00","374.38","0"
"2018-03-01 01:00","375.24","0"
"2018-03-02 01:00","368.84","0"
"2018-03-05 01:00","372.4","0"
"2018-03-06 01:00","375.46","0"
"2018-03-07 01:00","382.2","0"
"2018-03-08 01:00","389.21","0"
"2018-03-09 01:00","389.13","0"
"2018-03-12 01:00","396.29","0"
"2018-03-13 01:00","389.97","0"
"2018-03-14 01:00","385.77","0"
"2018-03-15 01:00","381.22","0"
"2018-03-16 01:00","376.1","0"
"2018-03-19 01:00","376.52","0"
"2018-03-20 01:00","382.74","0"
"2018-03-21 01:00","382.15","0"
"2018-03-22 01:00","380.13","0"
"2018-03-23 01:00","385.55","0"
"2018-03-26 02:00","392.71","0"
"2018-03-27 02:00","398.22","0"
"2018-03-28 02:00","398.36","0"
"2018-04-03 02:00","411.09","0"
"2018-04-04 02:00","402.16","0"
"2018-04-05 02:00","407.22","0"
"2018-04-06 02:00","416.48","0"
"2018-04-09 02:00","419.48","0"
"2018-04-10 02:00","436.52","0"
"2018-04-11 02:00","443.66","0"
"2018-04-12 02:00","443.69","0"
"2018-04-13 02:00","448.09","0"
"2018-04-16 02:00","449.88","0"
"2018-04-17 02:00","447.28","0"
"2018-04-18 02:00","455.04","0"
"2018-04-19 02:00","448.55","0"
"2018-04-20 02:00","447.74","0"
"2018-04-23 02:00","457.41","0"
"2018-04-24 02:00","458.73","0"
"2018-04-25 02:00","463.73","0"
"2018-04-26 02:00","474.21","0"
"2018-04-27 02:00","480.66","0"
"2018-04-30 02:00","462.73","0"
"2018-05-02 02:00","465.14","0"
"2018-05-03 02:00","471.58","0"
"2018-05-04 02:00","475.86","0"
"2018-05-07 02:00","480.83","0"
"2018-05-08 02:00","479.44","0"
"2018-05-09 02:00","467.33","0"
"2018-05-11 02:00","458.38","0"
"2018-05-14 02:00","458.79","0"
"2018-05-15 02:00","457.6","0"
"2018-05-16 02:00","455.03","0"
"2018-05-18 02:00","461.57","0"
"2018-05-22 02:00","444.06","0"
"2018-05-23 02:00","444.84","0"
"2018-05-24 02:00","453","0"
"2018-05-25 02:00","442.72","0"
"2018-05-28 02:00","449.35","0"
"2018-05-29 02:00","446.04","0"
"2018-05-30 02:00","446.34","0"
"2018-05-31 02:00","446.37","0"
"2018-06-01 02:00","435.83","0"
"2018-06-04 02:00","443.04","0"
"2018-06-05 02:00","437.45","0"
"2018-06-06 02:00","441.56","0"
"2018-06-07 02:00","445.24","0"
"2018-06-08 02:00","456.28","0"
"2018-06-11 02:00","455.22","0"
"2018-06-12 02:00","461.81","0"
"2018-06-13 02:00","467.87","0"
"2018-06-14 02:00","462.16","0"
"2018-06-15 02:00","462.53","0"
"2018-06-18 02:00","454.97","0"
"2018-06-19 02:00","456.77","0"
"2018-06-20 02:00","450.56","0"
"2018-06-21 02:00","452.35","0"
"2018-06-22 02:00","455.26","0"
"2018-06-25 02:00","449.73","0"
"2018-06-26 02:00","450.42","0"
"2018-06-27 02:00","452.79","0"
"2018-06-28 02:00","449.44","0"
"2018-06-29 02:00","448.53","0"
"2018-07-02 02:00","452.86","0"
"2018-07-03 02:00","452.34","0"
"2018-07-04 02:00","453.27","0"
"2018-07-05 02:00","459.32","0"
"2018-07-06 02:00","464.39","0"
"2018-07-09 02:00","465.85","0"
"2018-07-10 02:00","465.87","0"
"2018-07-11 02:00","463.26","0"
"2018-07-12 02:00","469.48","0"
"2018-07-13 02:00","468.21","0"
"2018-07-16 02:00","465.28","0"
"2018-07-17 02:00","471.67","0"
"2018-07-18 02:00","473.23","0"
"2018-07-19 02:00","476.91","0"
"2018-07-20 02:00","481.2","0"
"2018-07-23 02:00","480.46","0"
"2018-07-24 02:00","477.97","0"
"2018-07-25 02:00","487.1","0"
"2018-07-26 02:00","487.22","0"
"2018-07-27 02:00","488.31","0"
"2018-07-30 02:00","494.13","0"
"2018-07-31 02:00","517.29","0"
"2018-08-01 02:00","521.15","0"
"2018-08-02 02:00","532.54","0"
"2018-08-03 02:00","510.65","0"
"2018-08-06 02:00","518.66","0"
"2018-08-07 02:00","518.06","0"
"2018-08-08 02:00","529.99","0"
"2018-08-09 02:00","526.67","0"
"2018-08-10 02:00","510.22","0"
"2018-08-13 02:00","503.99","0"
"2018-08-14 02:00","507.63","0"
"2018-08-15 02:00","496.57","0"
"2018-08-16 02:00","509.81","0"
"2018-08-17 02:00","516.09","0"
"2018-08-20 02:00","522.03","0"
"2018-08-21 02:00","511.49","0"
"2018-08-22 02:00","504.56","0"
"2018-08-23 02:00","501.33","0"
"2018-08-24 02:00","498.65","0"
"2018-08-27 02:00","497.46","0"
"2018-08-28 02:00","498.05","0"
"2018-08-29 02:00","502.74","0"
"2018-08-30 02:00","505.76","0"
"2018-08-31 02:00","511.74","0"
"2018-09-03 02:00","514.3","0"
"2018-09-04 02:00","515.62","0"
"2018-09-05 02:00","525.13","0"
"2018-09-06 02:00","521.42","0"
"2018-09-07 02:00","513.05","0"
"2018-09-10 02:00","517.88","0"
"2018-09-11 02:00","518.95","0"
"2018-09-12 02:00","524.39","0"
"2018-09-13 02:00","525.28","0"
"2018-09-14 02:00","531.5","0"
"2018-09-17 02:00","530.1","0"
"2018-09-18 02:00","533.3","0"
"2018-09-19 02:00","524.62","0"
"2018-09-20 02:00","530.25","0"
"2018-09-21 02:00","522.15","0"
"2018-09-24 02:00","533.14","0"
"2018-09-25 02:00","538.37","0"
"2018-09-26 02:00","531.9","0"
"2018-09-27 02:00","529.67","0"
"2018-09-28 02:00","527.89","0"
"2018-10-01 02:00","546.87","0"
"2018-10-02 02:00","566.79","0"
"2018-10-03 02:00","571.96","0"
"2018-10-04 02:00","561.68","0"
"2018-10-05 02:00","558.21","0"
"2018-10-08 02:00","559.21","0"
"2018-10-09 02:00","551","0"
"2018-10-10 02:00","543.09","0"
"2018-10-11 02:00","536.93","0"
"2018-10-12 02:00","551.84","0"
"2018-10-15 02:00","555.91","0"
"2018-10-16 02:00","570.84","0"
"2018-10-17 02:00","571.5","0"
"2018-10-18 02:00","567.48","0"
"2018-10-19 02:00","582.32","0"
"2018-10-22 02:00","573.13","0"
"2018-10-23 02:00","568.79","0"
"2018-10-24 02:00","561.22","0"
"2018-10-25 02:00","570.37","0"
"2018-10-26 02:00","562.96","0"
"2018-10-29 01:00","579.55","0"
"2018-10-30 01:00","570.2","0"
"2018-10-31 01:00","587.04","0"
"2018-11-01 01:00","587.35","0"
"2018-11-02 01:00","592.35","0"
"2018-11-05 01:00","597.45","0"
"2018-11-06 01:00","581.62","0"
"2018-11-07 01:00","575.49","0"
"2018-11-08 01:00","580.6","0"
"2018-11-09 01:00","606.74","0"
"2018-11-12 01:00","596.28","0"
"2018-11-13 01:00","595.84","0"
"2018-11-14 01:00","589.63","0"
"2018-11-15 01:00","578.48","0"
"2018-11-16 01:00","574.25","0"
"2018-11-19 01:00","582.48","0"
"2018-11-20 01:00","566.31","0"
"2018-11-21 01:00","575.11","0"
"2018-11-22 01:00","563.36","0"
"2018-11-23 01:00","562.86","0"
"2018-11-26 01:00","559.05","0"
"2018-11-27 01:00","562.92","0"
"2018-11-28 01:00","559.51","0"
"2018-11-29 01:00","573.28","0"
"2018-11-30 01:00","573.88","0"
"2018-12-03 01:00","574.39","0"
"2018-12-04 01:00","580.69","0"
"2018-12-05 01:00","568.73","0"
"2018-12-06 01:00","551.32","0"
"2018-12-07 01:00","554.69","0"
"2018-12-10 01:00","539.64","0"
"2018-12-11 01:00","541.15","0"
"2018-12-12 01:00","554.44","0"
"2018-12-13 01:00","549.66","0"
"2018-12-14 01:00","533.59","0"
"2018-12-17 01:00","536.86","0"
"2018-12-18 01:00","539.3","0"
"2018-12-19 01:00","566.65","0"
"2018-12-20 01:00","542.24","0"
"2018-12-21 01:00","548.12","0"
"2018-12-27 01:00","521.33","0"
"2018-12-28 01:00","520.13","0"
"2019-01-02 01:00","523.9","0"
"2019-01-03 01:00","516.13","0"
"2019-01-04 01:00","524.8","0"
"2019-01-07 01:00","511.14","0"
"2019-01-08 01:00","507.68","0"
"2019-01-09 01:00","521.25","0"
"2019-01-10 01:00","530.6","0"
"2019-01-11 01:00","531.85","0"
"2019-01-14 01:00","532.46","0"
"2019-01-15 01:00","533.75","0"
"2019-01-16 01:00","527.8","0"
"2019-01-17 01:00","527.74","0"
"2019-01-18 01:00","544.07","0"
"2019-01-21 01:00","551.84","0"
"2019-01-22 01:00","548.38","0"
"2019-01-23 01:00","544.35","0"
"2019-01-24 01:00","540.63","0"
"2019-01-25 01:00","535.95","0"
"2019-01-28 01:00","527.47","0"
"2019-01-29 01:00","539.33","0"
"2019-01-30 01:00","544.04","0"
"2019-01-31 01:00","534.89","0"
"2019-02-01 01:00","531.25","0"
"2019-02-04 01:00","528.3","0"
"2019-02-05 01:00","537","0"
"2019-02-06 01:00","540.27","0"
"2019-02-07 01:00","551.34","0"
"2019-02-08 01:00","537.36","0"
"2019-02-11 01:00","546.05","0"
"2019-02-12 01:00","531.42","0"
"2019-02-13 01:00","546.64","0"
"2019-02-14 01:00","545.49","0"
"2019-02-15 01:00","553.5","0"
"2019-02-18 01:00","559.05","0"
"2019-02-19 01:00","552.35","0"
"2019-02-20 01:00","540.18","0"
"2019-02-21 01:00","543.75","0"
"2019-02-22 01:00","549.23","0"
"2019-02-25 01:00","559","0"
"2019-02-26 01:00","547.88","0"
"2019-02-27 01:00","545.49","0"
"2019-02-28 01:00","534.22","0"
"2019-03-01 01:00","544.76","0"
"2019-03-04 01:00","554.09","0"
"2019-03-05 01:00","561.84","0"
"2019-03-06 01:00","566.96","0"
"2019-03-07 01:00","557.76","0"
"2019-03-08 01:00","567.18","0"
"2019-03-11 01:00","564.63","0"
"2019-03-12 01:00","561.87","0"
"2019-03-13 01:00","563.05","0"
"2019-03-14 01:00","565.48","0"
"2019-03-15 01:00","536.58","0"
"2019-03-18 01:00","532.71","0"
"2019-03-19 01:00","537.51","0"
"2019-03-20 01:00","529.76","0"
"2019-03-21 01:00","534.15","0"
"2019-03-22 01:00","529.5","0"
"2019-03-25 01:00","527.46","0"
"2019-03-26 01:00","523.28","0"
"2019-03-27 01:00","523.07","0"
"2019-03-28 01:00","536.57","0"
"2019-03-29 01:00","523.79","0"
"2019-04-01 02:00","528.11","0"
"2019-04-02 02:00","528.29","0"
"2019-04-03 02:00","523.92","0"
"2019-04-04 02:00","532.4","0"
"2019-04-05 02:00","524.82","0"
"2019-04-08 02:00","523.48","0"
"2019-04-09 02:00","519.75","0"
"2019-04-10 02:00","519.48","0"
"2019-04-11 02:00","519","0"
"2019-04-12 02:00","515.27","0"
"2019-04-15 02:00","528.38","0"
"2019-04-16 02:00","525.36","0"
"2019-04-17 02:00","517.49","0"
"2019-04-23 02:00","515.33","0"
"2019-04-24 02:00","524.04","0"
"2019-04-25 02:00","509.18","0"
"2019-04-26 02:00","505.75","0"
"2019-04-29 02:00","512.9","0"
"2019-04-30 02:00","512.04","0"
"2019-05-02 02:00","512.53","0"
"2019-05-03 02:00","517.82","0"
"2019-05-06 02:00","514.24","0"
"2019-05-07 02:00","517.84","0"
"2019-05-08 02:00","518.68","0"
"2019-05-09 02:00","514.2","0"
"2019-05-10 02:00","528.71","0"
"2019-05-13 02:00","524.32","0"
"2019-05-14 02:00","511.74","0"
"2019-05-15 02:00","525.05","0"
"2019-05-16 02:00","535.05","0"
"2019-05-20 02:00","538.84","0"
"2019-05-21 02:00","535.03","0"
"2019-05-22 02:00","531.64","0"
"2019-05-23 02:00","546.21","0"
"2019-05-24 02:00","553.55","0"
"2019-05-27 02:00","569.31","0"
"2019-05-28 02:00","562.34","0"
"2019-05-29 02:00","545.47","0"
"2019-05-31 02:00","538.69","0"
"2019-06-03 02:00","555.93","0"
"2019-06-04 02:00","540.3","0"
"2019-06-05 02:00","534.1","0"
"2019-06-06 02:00","542.58","0"
"2019-06-07 02:00","541.94","0"
"2019-06-11 02:00","547.21","0"
"2019-06-12 02:00","538.44","0"
"2019-06-13 02:00","526.45","0"
"2019-06-14 02:00","530.28","0"
"2019-06-17 02:00","526.2","0"
"2019-06-18 02:00","528.22","0"
"2019-06-19 02:00","529.23","0"
"2019-06-20 02:00","521.82","0"
"2019-06-21 02:00","524.03","0"
"2019-06-24 02:00","527.84","0"
"2019-06-25 02:00","527.53","0"
"2019-06-26 02:00","530.24","0"
"2019-06-27 02:00","528.93","0"
"2019-06-28 02:00","525.84","0"
"2019-07-01 02:00","528.82","0"
"2019-07-02 02:00","548.59","0"
"2019-07-03 02:00","560.82","0"
"2019-07-04 02:00","575.71","0"
"2019-07-05 02:00","582.05","0"
"2019-07-08 02:00","585.96","0"
"2019-07-09 02:00","589.81","0"
"2019-07-10 02:00","584.3","0"
"2019-07-11 02:00","580.83","0"
"2019-07-12 02:00","581.32","0"
"2019-07-15 02:00","590.25","0"
"2019-07-16 02:00","584.77","0"
"2019-07-17 02:00","583.52","0"
"2019-07-18 02:00","583.07","0"
"2019-07-19 02:00","582.95","0"
"2019-07-22 02:00","584.33","0"
"2019-07-23 02:00","585.72","0"
"2019-07-24 02:00","581.96","0"
"2019-07-25 02:00","577.9","0"
"2019-07-26 02:00","570.89","0"
"2019-07-29 02:00","565.65","0"
"2019-07-30 02:00","555.84","0"
"2019-07-31 02:00","556.36","0"
"2019-08-01 02:00","563.37","0"
"2019-08-02 02:00","562","0"
"2019-08-05 02:00","548.39","0"
"2019-08-06 02:00","558.36","0"
"2019-08-07 02:00","559.74","0"
"2019-08-08 02:00","574.35","0"
"2019-08-09 02:00","571.56","0"
"2019-08-12 02:00","568.85","0"
"2019-08-13 02:00","593.56","0"
"2019-08-14 02:00","587.46","0"
"2019-08-15 02:00","579.97","0"
"2019-08-16 02:00","597.56","0"
"2019-08-19 02:00","589.01","0"
"2019-08-20 02:00","591.84","0"
"2019-08-21 02:00","576.01","0"
"2019-08-22 02:00","574.92","0"
"2019-08-23 02:00","580.6","0"
"2019-08-26 02:00","580.04","0"
"2019-08-27 02:00","581.44","0"
"2019-08-28 02:00","575.8","0"
"2019-08-29 02:00","583.4","0"
"2019-08-30 02:00","574.02","0"
"2019-09-02 02:00","574.41","0"
"2019-09-03 02:00","569.6","0"
"2019-09-04 02:00","570.65","0"
"2019-09-05 02:00","574.11","0"
"2019-09-06 02:00","567.61","0"
"2019-09-09 02:00","549.92","0"
"2019-09-10 02:00","539.6","0"
"2019-09-11 02:00","550.27","0"
"2019-09-12 02:00","543.04","0"
"2019-09-13 02:00","536.48","0"
"2019-09-16 02:00","542.69","0"
"2019-09-17 02:00","550.7","0"
"2019-09-18 02:00","536.85","0"
"2019-09-19 02:00","533.59","0"
"2019-09-20 02:00","548.16","0"
"2019-09-23 02:00","552.62","0"
"2019-09-24 02:00","547.39","0"
"2019-09-25 02:00","543.23","0"
"2019-09-26 02:00","541.86","0"
"2019-09-27 02:00","546.53","0"
"2019-09-30 02:00","547.8","0"
"2019-10-01 02:00","543.4","0"
"2019-10-02 02:00","536.09","0"
"2019-10-03 02:00","536.87","0"
"2019-10-04 02:00","549.31","0"
"2019-10-07 02:00","566.57","0"
"2019-10-08 02:00","559.65","0"
"2019-10-09 02:00","556.69","0"
"2019-10-10 02:00","556.84","0"
"2019-10-11 02:00","556.25","0"
"2019-10-14 02:00","553.56","0"
"2019-10-15 02:00","563.57","0"
"2019-10-16 02:00","586.92","0"
"2019-10-17 02:00","601.19","0"
"2019-10-18 02:00","603.89","0"
"2019-10-21 02:00","609.82","0"
"2019-10-22 02:00","601.65","0"
"2019-10-23 02:00","599.15","0"
"2019-10-24 02:00","605.11","0"
"2019-10-25 02:00","598.89","0"
"2019-10-28 01:00","606.65","0"
"2019-10-29 01:00","600.33","0"
"2019-10-30 01:00","604.91","0"
"2019-10-31 01:00","589.43","0"
"2019-11-01 01:00","588.41","0"
"2019-11-04 01:00","579.77","0"
"2019-11-05 01:00","586.77","0"
"2019-11-06 01:00","595.31","0"
"2019-11-07 01:00","604.75","0"
"2019-11-08 01:00","619.35","0"
"2019-11-11 01:00","622.65","0"
"2019-11-12 01:00","614.92","0"
"2019-11-13 01:00","610.15","0"
"2019-11-14 01:00","613.46","0"
"2019-11-15 01:00","573.77","0"
"2019-11-18 01:00","581.49","0"
"2019-11-19 01:00","573.73","0"
"2019-11-20 01:00","575.72","0"
"2019-11-21 01:00","574.05","0"
"2019-11-22 01:00","576.56","0"
"2019-11-25 01:00","590","0"
"2019-11-26 01:00","595.62","0"
"2019-11-27 01:00","595.69","0"
"2019-11-28 01:00","593.6","0"
"2019-11-29 01:00","607.34","0"
"2019-12-02 01:00","600.6","0"
"2019-12-03 01:00","600.39","0"
"2019-12-04 01:00","610","0"
"2019-12-05 01:00","615.68","0"
"2019-12-06 01:00","618.86","0"
"2019-12-09 01:00","624.29","0"
"2019-12-10 01:00","621.55","0"
"2019-12-11 01:00","616.89","0"
"2019-12-12 01:00","615.87","0"
"2019-12-13 01:00","617.97","0"
"2019-12-16 01:00","620.15","0"
"2019-12-17 01:00","605.06","0"
"2019-12-18 01:00","612.33","0"
"2019-12-19 01:00","617.31","0"
"2019-12-20 01:00","621.62","0"
"2019-12-23 01:00","623.01","0"
"2019-12-27 01:00","624.32","0"
"2019-12-30 01:00","614.08","0"
"2020-01-02 01:00","620.73","0"
"2020-01-03 01:00","622.67","0"
"2020-01-06 01:00","619.2","0"
"2020-01-07 01:00","614.69","0"
"2020-01-08 01:00","618.6","0"
"2020-01-09 01:00","624.47","0"
"2020-01-10 01:00","622.46","0"
"2020-01-13 01:00","631.73","0"
"2020-01-14 01:00","629.57","0"
"2020-01-15 01:00","632.56","0"
"2020-01-16 01:00","618.95","0"
"2020-01-17 01:00","621.23","0"
"2020-01-20 01:00","625.19","0"
"2020-01-21 01:00","624.2","0"
"2020-01-22 01:00","625.45","0"
"2020-01-23 01:00","616.09","0"
"2020-01-24 01:00","631.11","0"
"2020-01-27 01:00","624.24","0"
"2020-01-28 01:00","627.28","0"
"2020-01-29 01:00","620.58","0"
"2020-01-30 01:00","610.95","0"
"2020-01-31 01:00","611.78","0"
"2020-02-03 01:00","609.11","0"
"2020-02-04 01:00","606.73","0"
"2020-02-05 01:00","614.52","0"
"2020-02-06 01:00","621.48","0"
"2020-02-07 01:00","609.37","0"
"2020-02-10 01:00","613.68","0"
"2020-02-11 01:00","610.93","0"
"2020-02-12 01:00","606.02","0"
"2020-02-13 01:00","604.78","0"
"2020-02-14 01:00","613.08","0"
"2020-02-17 01:00","614.61","0"
"2020-02-18 01:00","623.57","0"
"2020-02-19 01:00","635.52","0"
"2020-02-20 01:00","631.89","0"
"2020-02-21 01:00","638.15","0"
"2020-02-24 01:00","611.48","0"
"2020-02-25 01:00","620.47","0"
"2020-02-26 01:00","608.22","0"
"2020-02-27 01:00","575.39","0"
"2020-02-28 01:00","561.83","0"
"2020-03-02 01:00","554.66","0"
"2020-03-03 01:00","569.58","0"
"2020-03-04 01:00","580.48","0"
"2020-03-05 01:00","571.34","0"
"2020-03-06 01:00","551.67","0"
"2020-03-09 01:00","547.57","0"
"2020-03-10 01:00","557.85","0"
"2020-03-11 01:00","530.08","0"
"2020-03-12 01:00","478.52","0"
"2020-03-13 01:00","509.38","0"
"2020-03-16 01:00","494.24","0"
"2020-03-17 01:00","490.08","0"
"2020-03-18 01:00","505.59","0"
"2020-03-19 01:00","533.08","0"
"2020-03-20 01:00","506.46","0"
"2020-03-23 01:00","498.56","0"
"2020-03-24 01:00","509.89","0"
"2020-03-25 01:00","484.92","0"
"2020-03-26 01:00","482.03","0"
"2020-03-27 01:00","454.39","0"
"2020-03-30 02:00","457.94","0"
"2020-03-31 02:00","473.6","0"
"2020-04-01 02:00","508.42","0"
"2020-04-02 02:00","485.69","0"
"2020-04-03 02:00","479.13","0"
"2020-04-06 02:00","494.46","0"
"2020-04-07 02:00","514.44","0"
"2020-04-08 02:00","503.57","0"
"2020-04-14 02:00","528.87","0"
"2020-04-15 02:00","524.92","0"
"2020-04-16 02:00","524.53","0"
"2020-04-17 02:00","535.12","0"
"2020-04-20 02:00","510.2","0"
"2020-04-21 02:00","506.67","0"
"2020-04-22 02:00","509.85","0"
"2020-04-23 02:00","519.89","0"
"2020-04-24 02:00","507.07","0"
"2020-04-27 02:00","512.27","0"
"2020-04-28 02:00","519.74","0"
"2020-04-29 02:00","514.07","0"
"2020-04-30 02:00","515.33","0"
"2020-05-04 02:00","516.79","0"
"2020-05-05 02:00","514.65","0"
"2020-05-06 02:00","521.62","0"
"2020-05-07 02:00","523.79","0"
"2020-05-08 02:00","541.09","0"
"2020-05-11 02:00","536.99","0"
"2020-05-12 02:00","537.81","0"
"2020-05-13 02:00","541.6","0"
"2020-05-14 02:00","527.05","0"
"2020-05-15 02:00","529.33","0"
"2020-05-18 02:00","529.27","0"
"2020-05-19 02:00","553.93","0"
"2020-05-20 02:00","563.97","0"
"2020-05-22 02:00","547.73","0"
"2020-05-25 02:00","559.54","0"
"2020-05-26 02:00","561.64","0"
"2020-05-27 02:00","552.94","0"
"2020-05-28 02:00","552","0"
"2020-05-29 02:00","547.36","0"
"2020-06-02 02:00","572.32","0"
"2020-06-03 02:00","576.44","0"
"2020-06-04 02:00","577.47","0"
"2020-06-05 02:00","577.66","0"
"2020-06-08 02:00","578.49","0"
"2020-06-09 02:00","581.3","0"
"2020-06-10 02:00","581.66","0"
"2020-06-11 02:00","570.23","0"
"2020-06-12 02:00","566.87","0"
"2020-06-15 02:00","543.25","0"
"2020-06-16 02:00","537.91","0"
"2020-06-17 02:00","553.44","0"
"2020-06-18 02:00","541.78","0"
"2020-06-19 02:00","543.47","0"
"2020-06-22 02:00","531.2","0"
"2020-06-23 02:00","536.11","0"
"2020-06-24 02:00","532.46","0"
"2020-06-25 02:00","536.21","0"
"2020-06-26 02:00","544.15","0"
"2020-06-29 02:00","554.64","0"
"2020-06-30 02:00","563.76","0"
"2020-07-01 02:00","560.71","0"
"2020-07-02 02:00","552.56","0"
"2020-07-03 02:00","552.45","0"
"2020-07-06 02:00","554.23","0"
"2020-07-07 02:00","550.95","0"
"2020-07-08 02:00","547.48","0"
"2020-07-09 02:00","533.89","0"
"2020-07-10 02:00","526.05","0"
"2020-07-13 02:00","527.26","0"
"2020-07-14 02:00","523.18","0"
"2020-07-15 02:00","541.33","0"
"2020-07-16 02:00","528.65","0"
"2020-07-17 02:00","530.3","0"
"2020-07-20 02:00","531.97","0"
"2020-07-21 02:00","527.33","0"
"2020-07-22 02:00","523.79","0"
"2020-07-23 02:00","524.15","0"
"2020-07-24 02:00","518.55","0"
"2020-07-27 02:00","516.53","0"
"2020-07-28 02:00","527.29","0"
"2020-07-29 02:00","527.43","0"
"2020-07-30 02:00","515.55","0"
"2020-07-31 02:00","518.55","0"
"2020-08-03 02:00","534.29","0"
"2020-08-04 02:00","537.71","0"
"2020-08-05 02:00","531.66","0"
"2020-08-06 02:00","534.62","0"
"2020-08-07 02:00","537.61","0"
"2020-08-10 02:00","536.27","0"
"2020-08-11 02:00","552.69","0"
"2020-08-12 02:00","565.25","0"
"2020-08-13 02:00","566.76","0"
"2020-08-14 02:00","565.31","0"
"2020-08-17 02:00","567.2","0"
"2020-08-18 02:00","559.71","0"
"2020-08-19 02:00","562.42","0"
"2020-08-20 02:00","552","0"
"2020-08-21 02:00","543.06","0"
"2020-08-24 02:00","553.36","0"
"2020-08-25 02:00","559.66","0"
"2020-08-26 02:00","544.23","0"
"2020-08-27 02:00","545.81","0"
"2020-08-28 02:00","541.2","0"
"2020-08-31 02:00","542.23","0"
"2020-09-01 02:00","541.57","0"
"2020-09-02 02:00","538.22","0"
"2020-09-03 02:00","541.38","0"
"2020-09-04 02:00","544.08","0"
"2020-09-07 02:00","554.42","0"
"2020-09-08 02:00","552.11","0"
"2020-09-09 02:00","558.52","0"
"2020-09-10 02:00","551.57","0"
"2020-09-11 02:00","557.11","0"
"2020-09-14 02:00","559.7","0"
"2020-09-15 02:00","566.19","0"
"2020-09-16 02:00","566.67","0"
"2020-09-17 02:00","559.33","0"
"2020-09-18 02:00","556.92","0"
"2020-09-21 02:00","542.36","0"
"2020-09-22 02:00","541.98","0"
"2020-09-23 02:00","541.09","0"
"2020-09-24 02:00","536.65","0"
"2020-09-25 02:00","532.04","0"
"2020-09-28 02:00","537.04","0"
"2020-09-29 02:00","537.86","0"
"2020-09-30 02:00","553.98","0"
"2020-10-01 02:00","554.08","0"
"2020-10-02 02:00","555.91","0"
"2020-10-05 02:00","554.47","0"
"2020-10-06 02:00","559.34","0"
"2020-10-07 02:00","554.65","0"
"2020-10-08 02:00","568.02","0"
"2020-10-09 02:00","568.35","0"
"2020-10-12 02:00","567.2","0"
"2020-10-13 02:00","563.68","0"
"2020-10-14 02:00","560.2","0"
"2020-10-15 02:00","546.95","0"
"2020-10-16 02:00","546.83","0"
"2020-10-19 02:00","548.08","0"
"2020-10-20 02:00","543.86","0"
"2020-10-21 02:00","526.39","0"
"2020-10-22 02:00","518.08","0"
"2020-10-23 02:00","522.78","0"
"2020-10-26 01:00","501.89","0"
"2020-10-27 01:00","501.54","0"
"2020-10-28 01:00","487.82","0"
"2020-10-29 01:00","493.47","0"
"2020-10-30 01:00","492.58","0"
"2020-11-02 01:00","495.9","0"
"2020-11-03 01:00","491.52","0"
"2020-11-04 01:00","498.78","0"
"2020-11-05 01:00","498.41","0"
"2020-11-06 01:00","514.11","0"
"2020-11-09 01:00","553.05","0"
"2020-11-10 01:00","550.67","0"
"2020-11-11 01:00","578.7","0"
"2020-11-12 01:00","581.14","0"
"2020-11-13 01:00","571.1","0"
"2020-11-16 01:00","591.6","0"
"2020-11-17 01:00","582.08","0"
"2020-11-18 01:00","572.67","0"
"2020-11-19 01:00","552.45","0"
"2020-11-20 01:00","545.57","0"
"2020-11-23 01:00","547.74","0"
"2020-11-24 01:00","548.15","0"
"2020-11-25 01:00","544.27","0"
"2020-11-26 01:00","556.67","0"
"2020-11-27 01:00","563.87","0"
"2020-11-30 01:00","550.9","0"
"2020-12-01 01:00","563.84","0"
"2020-12-02 01:00","553.39","0"
"2020-12-03 01:00","551.86","0"
"2020-12-04 01:00","551.22","0"
"2020-12-07 01:00","548.84","0"
"2020-12-08 01:00","546.6","0"
"2020-12-09 01:00","547.76","0"
"2020-12-10 01:00","546.71","0"
"2020-12-11 01:00","541.62","0"
"2020-12-14 01:00","541.7","0"
"2020-12-15 01:00","545.08","0"
"2020-12-16 01:00","551.02","0"
"2020-12-17 01:00","558.94","0"
"2020-12-18 01:00","568.92","0"
"2020-12-21 01:00","558.86","0"
"2020-12-22 01:00","562.76","0"
"2020-12-23 01:00","578.14","0"
"2020-12-24 01:00","578.14","0"
"2020-12-28 01:00","579.27","0"
"2020-12-29 01:00","591.72","0"
"2020-12-30 01:00","590.66","0"
"2020-12-31 01:00","590.66","0"
"2021-01-04 01:00","576.87","0"
"2021-01-05 01:00","578.98","0"
"2021-01-06 01:00","581.88","0"
"2021-01-07 01:00","584.64","0"
"2021-01-08 01:00","595.13","0"
"2021-01-11 01:00","588.66","0"
"2021-01-12 01:00","592.99","0"
"2021-01-13 01:00","577.78","0"
"2021-01-14 01:00","572.47","0"
"2021-01-15 01:00","573.32","0"
"2021-01-18 01:00","576.11","0"
"2021-01-19 01:00","587.27","0"
"2021-01-20 01:00","580.7","0"
