"time","OBSHX SHIPPING GR","volume"
"2014-06-02 02:00","99.35","0"
"2014-06-03 02:00","99.46","0"
"2014-06-04 02:00","99.73","0"
"2014-06-05 02:00","100.94","0"
"2014-06-06 02:00","101.51","0"
"2014-06-10 02:00","102.07","0"
"2014-06-11 02:00","102.33","0"
"2014-06-12 02:00","101.87","0"
"2014-06-13 02:00","99.92","0"
"2014-06-16 02:00","98.94","0"
"2014-06-17 02:00","98.45","0"
"2014-06-18 02:00","99.17","0"
"2014-06-19 02:00","100.69","0"
"2014-06-20 02:00","101.35","0"
"2014-06-23 02:00","102.16","0"
"2014-06-24 02:00","102.42","0"
"2014-06-25 02:00","101.08","0"
"2014-06-26 02:00","101.55","0"
"2014-06-27 02:00","101.69","0"
"2014-06-30 02:00","102.5","0"
"2014-07-01 02:00","102.56","0"
"2014-07-02 02:00","102.72","0"
"2014-07-03 02:00","103.15","0"
"2014-07-04 02:00","102.4","0"
"2014-07-07 02:00","102.35","0"
"2014-07-08 02:00","101.47","0"
"2014-07-09 02:00","100.63","0"
"2014-07-10 02:00","98.58","0"
"2014-07-11 02:00","99.62","0"
"2014-07-14 02:00","100.12","0"
"2014-07-15 02:00","100.64","0"
"2014-07-16 02:00","101.17","0"
"2014-07-17 02:00","100.21","0"
"2014-07-18 02:00","98.94","0"
"2014-07-21 02:00","100.03","0"
"2014-07-22 02:00","100.76","0"
"2014-07-23 02:00","101.11","0"
"2014-07-24 02:00","100.55","0"
"2014-07-25 02:00","99.76","0"
"2014-07-28 02:00","99.77","0"
"2014-07-29 02:00","99.7","0"
"2014-07-30 02:00","99.1","0"
"2014-07-31 02:00","98.07","0"
"2014-08-01 02:00","96.04","0"
"2014-08-04 02:00","97.36","0"
"2014-08-05 02:00","96.62","0"
"2014-08-06 02:00","96.22","0"
"2014-08-07 02:00","95.78","0"
"2014-08-08 02:00","95.5","0"
"2014-08-11 02:00","97.79","0"
"2014-08-12 02:00","97.59","0"
"2014-08-13 02:00","98.01","0"
"2014-08-14 02:00","99.5","0"
"2014-08-15 02:00","99.72","0"
"2014-08-18 02:00","100.09","0"
"2014-08-19 02:00","99.56","0"
"2014-08-20 02:00","100.1","0"
"2014-08-21 02:00","99.6","0"
"2014-08-22 02:00","99.35","0"
"2014-08-25 02:00","99.3","0"
"2014-08-26 02:00","100.32","0"
"2014-08-27 02:00","100.06","0"
"2014-08-28 02:00","99.92","0"
"2014-08-29 02:00","98.85","0"
"2014-09-01 02:00","99.59","0"
"2014-09-02 02:00","98.6","0"
"2014-09-03 02:00","97.3","0"
"2014-09-04 02:00","98.05","0"
"2014-09-05 02:00","97.7","0"
"2014-09-08 02:00","98.72","0"
"2014-09-09 02:00","98.77","0"
"2014-09-10 02:00","99.43","0"
"2014-09-11 02:00","99.7","0"
"2014-09-12 02:00","99.68","0"
"2014-09-15 02:00","99.26","0"
"2014-09-16 02:00","98.27","0"
"2014-09-17 02:00","100.02","0"
"2014-09-18 02:00","99.71","0"
"2014-09-19 02:00","100.96","0"
"2014-09-22 02:00","99.57","0"
"2014-09-23 02:00","97.01","0"
"2014-09-24 02:00","96.56","0"
"2014-09-25 02:00","96.11","0"
"2014-09-26 02:00","95.65","0"
"2014-09-29 02:00","95.98","0"
"2014-09-30 02:00","95.92","0"
"2014-10-01 02:00","94.91","0"
"2014-10-02 02:00","92.58","0"
"2014-10-03 02:00","92.61","0"
"2014-10-06 02:00","92.4","0"
"2014-10-07 02:00","88.35","0"
"2014-10-08 02:00","88.01","0"
"2014-10-09 02:00","87.78","0"
"2014-10-10 02:00","84.48","0"
"2014-10-13 02:00","84.53","0"
"2014-10-14 02:00","83.88","0"
"2014-10-15 02:00","81.88","0"
"2014-10-16 02:00","80.97","0"
"2014-10-17 02:00","85.55","0"
"2014-10-20 02:00","85.92","0"
"2014-10-21 02:00","89.13","0"
"2014-10-22 02:00","89.61","0"
"2014-10-23 02:00","88.47","0"
"2014-10-24 02:00","88.63","0"
"2014-10-27 01:00","88.14","0"
"2014-10-28 01:00","89.08","0"
"2014-10-29 01:00","89.4","0"
"2014-10-30 01:00","87.89","0"
"2014-10-31 01:00","89.3","0"
"2014-11-03 01:00","89.4","0"
"2014-11-04 01:00","89.02","0"
"2014-11-05 01:00","87.99","0"
"2014-11-06 01:00","89.23","0"
"2014-11-07 01:00","89.12","0"
"2014-11-10 01:00","90.22","0"
"2014-11-11 01:00","88.46","0"
"2014-11-12 01:00","88.58","0"
"2014-11-13 01:00","87.78","0"
"2014-11-14 01:00","87.48","0"
"2014-11-17 01:00","87.91","0"
"2014-11-18 01:00","88.44","0"
"2014-11-19 01:00","87.92","0"
"2014-11-20 01:00","85.49","0"
"2014-11-21 01:00","85.36","0"
"2014-11-24 01:00","84.96","0"
"2014-11-25 01:00","84.71","0"
"2014-11-26 01:00","83.2","0"
"2014-11-27 01:00","81.33","0"
"2014-11-28 01:00","79.64","0"
"2014-12-01 01:00","77.69","0"
"2014-12-02 01:00","76.61","0"
"2014-12-03 01:00","77.73","0"
"2014-12-04 01:00","77.34","0"
"2014-12-05 01:00","77.12","0"
"2014-12-08 01:00","76.47","0"
"2014-12-09 01:00","74.58","0"
"2014-12-10 01:00","75.16","0"
"2014-12-11 01:00","73.97","0"
"2014-12-12 01:00","74.18","0"
"2014-12-15 01:00","75.91","0"
"2014-12-16 01:00","75.48","0"
"2014-12-17 01:00","76.62","0"
"2014-12-18 01:00","80.76","0"
"2014-12-19 01:00","81.43","0"
"2014-12-22 01:00","82.99","0"
"2014-12-23 01:00","82.84","0"
"2014-12-29 01:00","82.83","0"
"2014-12-30 01:00","83.57","0"
"2015-01-02 01:00","84.57","0"
"2015-01-05 01:00","82.02","0"
"2015-01-06 01:00","83.42","0"
"2015-01-07 01:00","83.92","0"
"2015-01-08 01:00","83.45","0"
"2015-01-09 01:00","84.45","0"
"2015-01-12 01:00","84.96","0"
"2015-01-13 01:00","86.09","0"
"2015-01-14 01:00","84.04","0"
"2015-01-15 01:00","83.31","0"
"2015-01-16 01:00","82.64","0"
"2015-01-19 01:00","82.84","0"
"2015-01-20 01:00","84.12","0"
"2015-01-21 01:00","83.34","0"
"2015-01-22 01:00","82.74","0"
"2015-01-23 01:00","83.4","0"
"2015-01-26 01:00","81.32","0"
"2015-01-27 01:00","79.97","0"
"2015-01-28 01:00","79.22","0"
"2015-01-29 01:00","77.82","0"
"2015-01-30 01:00","77.27","0"
"2015-02-02 01:00","78.17","0"
"2015-02-03 01:00","79.75","0"
"2015-02-04 01:00","80.05","0"
"2015-02-05 01:00","80.89","0"
"2015-02-06 01:00","81.17","0"
"2015-02-09 01:00","81.74","0"
"2015-02-10 01:00","81.97","0"
"2015-02-11 01:00","81.67","0"
"2015-02-12 01:00","82.74","0"
"2015-02-13 01:00","83.45","0"
"2015-02-16 01:00","83.66","0"
"2015-02-17 01:00","84.49","0"
"2015-02-18 01:00","85.26","0"
"2015-02-19 01:00","85.33","0"
"2015-02-20 01:00","86.08","0"
"2015-02-23 01:00","85.46","0"
"2015-02-24 01:00","85.28","0"
"2015-02-25 01:00","85.99","0"
"2015-02-26 01:00","86.76","0"
"2015-02-27 01:00","86.7","0"
"2015-03-02 01:00","85.56","0"
"2015-03-03 01:00","86.51","0"
"2015-03-04 01:00","86.17","0"
"2015-03-05 01:00","86.36","0"
"2015-03-06 01:00","86.82","0"
"2015-03-09 01:00","86.92","0"
"2015-03-10 01:00","85.7","0"
"2015-03-11 01:00","86.41","0"
"2015-03-12 01:00","86.94","0"
"2015-03-13 01:00","87.49","0"
"2015-03-16 01:00","87.03","0"
"2015-03-17 01:00","86.79","0"
"2015-03-18 01:00","87.78","0"
"2015-03-19 01:00","87.93","0"
"2015-03-20 01:00","88.83","0"
"2015-03-23 01:00","88.63","0"
"2015-03-24 01:00","89.03","0"
"2015-03-25 01:00","87.79","0"
"2015-03-26 01:00","87.13","0"
"2015-03-27 01:00","87.61","0"
"2015-03-30 02:00","87.95","0"
"2015-03-31 02:00","88.05","0"
"2015-04-01 02:00","88.48","0"
"2015-04-07 02:00","88.8","0"
"2015-04-08 02:00","89.58","0"
"2015-04-09 02:00","91.19","0"
"2015-04-10 02:00","93.38","0"
"2015-04-13 02:00","93.91","0"
"2015-04-14 02:00","94.13","0"
"2015-04-15 02:00","94.36","0"
"2015-04-16 02:00","93.73","0"
"2015-04-17 02:00","93.15","0"
"2015-04-20 02:00","93.79","0"
"2015-04-21 02:00","94.39","0"
"2015-04-22 02:00","93.51","0"
"2015-04-23 02:00","93.87","0"
"2015-04-24 02:00","94.89","0"
"2015-04-27 02:00","95.59","0"
"2015-04-28 02:00","95.12","0"
"2015-04-29 02:00","93.87","0"
"2015-04-30 02:00","94.37","0"
"2015-05-04 02:00","95.12","0"
"2015-05-05 02:00","95.51","0"
"2015-05-06 02:00","94.3","0"
"2015-05-07 02:00","93.31","0"
"2015-05-08 02:00","94.37","0"
"2015-05-11 02:00","95.48","0"
"2015-05-12 02:00","94.99","0"
"2015-05-13 02:00","95.73","0"
"2015-05-15 02:00","95.95","0"
"2015-05-18 02:00","96.44","0"
"2015-05-19 02:00","96.13","0"
"2015-05-20 02:00","97.13","0"
"2015-05-21 02:00","98.03","0"
"2015-05-22 02:00","98.28","0"
"2015-05-26 02:00","98.32","0"
"2015-05-27 02:00","99.73","0"
"2015-05-28 02:00","100.45","0"
"2015-05-29 02:00","100.35","0"
"2015-06-01 02:00","100.02","0"
"2015-06-02 02:00","99.91","0"
"2015-06-03 02:00","100.36","0"
"2015-06-04 02:00","99.16","0"
"2015-06-05 02:00","99.22","0"
"2015-06-08 02:00","99.39","0"
"2015-06-09 02:00","97.72","0"
"2015-06-10 02:00","97.51","0"
"2015-06-11 02:00","97.79","0"
"2015-06-12 02:00","96.9","0"
"2015-06-15 02:00","95.78","0"
"2015-06-16 02:00","95.82","0"
"2015-06-17 02:00","95.96","0"
"2015-06-18 02:00","96.99","0"
"2015-06-19 02:00","97.06","0"
"2015-06-22 02:00","98.46","0"
"2015-06-23 02:00","99.03","0"
"2015-06-24 02:00","100.15","0"
"2015-06-25 02:00","99.75","0"
"2015-06-26 02:00","100.28","0"
"2015-06-29 02:00","99.61","0"
"2015-06-30 02:00","99.81","0"
"2015-07-01 02:00","100.68","0"
"2015-07-02 02:00","100.59","0"
"2015-07-03 02:00","100.47","0"
"2015-07-06 02:00","100.13","0"
"2015-07-07 02:00","99.76","0"
"2015-07-08 02:00","97.67","0"
"2015-07-09 02:00","98.91","0"
"2015-07-10 02:00","99.09","0"
"2015-07-13 02:00","99.37","0"
"2015-07-14 02:00","100.7","0"
"2015-07-15 02:00","100.22","0"
"2015-07-16 02:00","100.83","0"
"2015-07-17 02:00","101.43","0"
"2015-07-20 02:00","102.98","0"
"2015-07-21 02:00","104.46","0"
"2015-07-22 02:00","104.08","0"
"2015-07-23 02:00","104.31","0"
"2015-07-24 02:00","103.65","0"
"2015-07-27 02:00","101.82","0"
"2015-07-28 02:00","101.51","0"
"2015-07-29 02:00","102.26","0"
"2015-07-30 02:00","102.35","0"
"2015-07-31 02:00","102.05","0"
"2015-08-03 02:00","102.05","0"
"2015-08-04 02:00","102.01","0"
"2015-08-05 02:00","102.65","0"
"2015-08-06 02:00","100.22","0"
"2015-08-07 02:00","99.59","0"
"2015-08-10 02:00","99.25","0"
"2015-08-11 02:00","98.55","0"
"2015-08-12 02:00","96.51","0"
"2015-08-13 02:00","96.93","0"
"2015-08-14 02:00","96.15","0"
"2015-08-17 02:00","95.88","0"
"2015-08-18 02:00","95.96","0"
"2015-08-19 02:00","94.92","0"
"2015-08-20 02:00","91.87","0"
"2015-08-21 02:00","90.41","0"
"2015-08-24 02:00","83.98","0"
"2015-08-25 02:00","87.04","0"
"2015-08-26 02:00","88.67","0"
"2015-08-27 02:00","91.38","0"
"2015-08-28 02:00","93.86","0"
"2015-08-31 02:00","93.13","0"
"2015-09-01 02:00","91.36","0"
"2015-09-02 02:00","92.01","0"
"2015-09-03 02:00","94.06","0"
"2015-09-04 02:00","93.21","0"
"2015-09-07 02:00","93.41","0"
"2015-09-08 02:00","93.76","0"
"2015-09-09 02:00","94.67","0"
"2015-09-10 02:00","92.33","0"
"2015-09-11 02:00","91.49","0"
"2015-09-14 02:00","91.08","0"
"2015-09-15 02:00","91.09","0"
"2015-09-16 02:00","91.62","0"
"2015-09-17 02:00","92.63","0"
"2015-09-18 02:00","91.82","0"
"2015-09-21 02:00","92.4","0"
"2015-09-22 02:00","91.68","0"
"2015-09-23 02:00","91.68","0"
"2015-09-24 02:00","90.64","0"
"2015-09-25 02:00","91.55","0"
"2015-09-28 02:00","90.44","0"
"2015-09-29 02:00","89.93","0"
"2015-09-30 02:00","90.59","0"
"2015-10-01 02:00","89.86","0"
"2015-10-02 02:00","89.57","0"
"2015-10-05 02:00","90.85","0"
"2015-10-06 02:00","91.44","0"
"2015-10-07 02:00","91.17","0"
"2015-10-08 02:00","91.12","0"
"2015-10-09 02:00","91.31","0"
"2015-10-12 02:00","91.47","0"
"2015-10-13 02:00","91.2","0"
"2015-10-14 02:00","90.39","0"
"2015-10-15 02:00","90.55","0"
"2015-10-16 02:00","90","0"
"2015-10-19 02:00","89.65","0"
"2015-10-20 02:00","89.45","0"
"2015-10-21 02:00","89.37","0"
"2015-10-22 02:00","89.13","0"
"2015-10-23 02:00","88.57","0"
"2015-10-26 01:00","88.61","0"
"2015-10-27 01:00","88.62","0"
"2015-10-28 01:00","87.85","0"
"2015-10-29 01:00","88.36","0"
"2015-10-30 01:00","89.68","0"
"2015-11-02 01:00","90.06","0"
"2015-11-03 01:00","90.94","0"
"2015-11-04 01:00","92.34","0"
"2015-11-05 01:00","91.46","0"
"2015-11-06 01:00","91.54","0"
"2015-11-09 01:00","93.09","0"
"2015-11-10 01:00","93.04","0"
"2015-11-11 01:00","91.65","0"
"2015-11-12 01:00","90.47","0"
"2015-11-13 01:00","89.94","0"
"2015-11-16 01:00","90.12","0"
"2015-11-17 01:00","90.06","0"
"2015-11-18 01:00","90.05","0"
"2015-11-19 01:00","90.96","0"
"2015-11-20 01:00","91.39","0"
"2015-11-23 01:00","91.21","0"
"2015-11-24 01:00","92.32","0"
"2015-11-25 01:00","91.23","0"
"2015-11-26 01:00","91.46","0"
"2015-11-27 01:00","91.13","0"
"2015-11-30 01:00","93.09","0"
"2015-12-01 01:00","93.84","0"
"2015-12-02 01:00","94.67","0"
"2015-12-03 01:00","93.22","0"
"2015-12-04 01:00","93.4","0"
"2015-12-07 01:00","93.82","0"
"2015-12-08 01:00","91.71","0"
"2015-12-09 01:00","92.18","0"
"2015-12-10 01:00","91","0"
"2015-12-11 01:00","89.78","0"
"2015-12-14 01:00","86.68","0"
"2015-12-15 01:00","87.99","0"
"2015-12-16 01:00","87.71","0"
"2015-12-17 01:00","88.38","0"
"2015-12-18 01:00","87.27","0"
"2015-12-21 01:00","87.3","0"
"2015-12-22 01:00","87.32","0"
"2015-12-23 01:00","88.05","0"
"2015-12-28 01:00","87.96","0"
"2015-12-29 01:00","88.87","0"
"2015-12-30 01:00","89.3","0"
"2016-01-04 01:00","89.32","0"
"2016-01-05 01:00","87.3","0"
"2016-01-06 01:00","84.89","0"
"2016-01-07 01:00","81.66","0"
"2016-01-08 01:00","82.56","0"
"2016-01-11 01:00","81.64","0"
"2016-01-12 01:00","80.44","0"
"2016-01-13 01:00","81.52","0"
"2016-01-14 01:00","79.56","0"
"2016-01-15 01:00","77.87","0"
"2016-01-18 01:00","77.09","0"
"2016-01-19 01:00","79.25","0"
"2016-01-20 01:00","75.54","0"
"2016-01-21 01:00","78.01","0"
"2016-01-22 01:00","80.64","0"
"2016-01-25 01:00","80.07","0"
"2016-01-26 01:00","80.82","0"
"2016-01-27 01:00","80.39","0"
"2016-01-28 01:00","79.96","0"
"2016-01-29 01:00","80.3","0"
"2016-02-01 01:00","78.7","0"
"2016-02-02 01:00","76.27","0"
"2016-02-03 01:00","76.08","0"
"2016-02-04 01:00","76.9","0"
"2016-02-05 01:00","77.54","0"
"2016-02-08 01:00","73.06","0"
"2016-02-09 01:00","70.3","0"
"2016-02-10 01:00","70.11","0"
"2016-02-11 01:00","70.87","0"
"2016-02-12 01:00","71.95","0"
"2016-02-15 01:00","73.93","0"
"2016-02-16 01:00","72.83","0"
"2016-02-17 01:00","75.73","0"
"2016-02-18 01:00","75.64","0"
"2016-02-19 01:00","73.81","0"
"2016-02-22 01:00","74.89","0"
"2016-02-23 01:00","73.21","0"
"2016-02-24 01:00","71.62","0"
"2016-02-25 01:00","71.8","0"
"2016-02-26 01:00","72.88","0"
"2016-02-29 01:00","72.91","0"
"2016-03-01 01:00","73.52","0"
"2016-03-02 01:00","73.3","0"
"2016-03-03 01:00","74.42","0"
"2016-03-04 01:00","75.51","0"
"2016-03-07 01:00","75.42","0"
"2016-03-08 01:00","76.33","0"
"2016-03-09 01:00","75.79","0"
"2016-03-10 01:00","75.54","0"
"2016-03-11 01:00","75.48","0"
"2016-03-14 01:00","76.22","0"
"2016-03-15 01:00","75.66","0"
"2016-03-16 01:00","76.89","0"
"2016-03-17 01:00","75.92","0"
"2016-03-18 01:00","76.48","0"
"2016-03-21 01:00","76.32","0"
"2016-03-22 01:00","75.34","0"
"2016-03-23 01:00","76.04","0"
"2016-03-29 02:00","73.72","0"
"2016-03-30 02:00","73.25","0"
"2016-03-31 02:00","74.49","0"
"2016-04-01 02:00","74.03","0"
"2016-04-04 02:00","73.65","0"
"2016-04-05 02:00","72.18","0"
"2016-04-06 02:00","72.62","0"
"2016-04-07 02:00","72.61","0"
"2016-04-08 02:00","73.96","0"
"2016-04-11 02:00","73.82","0"
"2016-04-12 02:00","74.11","0"
"2016-04-13 02:00","75.12","0"
"2016-04-14 02:00","77.26","0"
"2016-04-15 02:00","76.79","0"
"2016-04-18 02:00","77.01","0"
"2016-04-19 02:00","77.01","0"
"2016-04-20 02:00","76.97","0"
"2016-04-21 02:00","77.24","0"
"2016-04-22 02:00","77.96","0"
"2016-04-25 02:00","78.09","0"
"2016-04-26 02:00","77.66","0"
"2016-04-27 02:00","77.5","0"
"2016-04-28 02:00","77.51","0"
"2016-04-29 02:00","75.81","0"
"2016-05-02 02:00","74.62","0"
"2016-05-03 02:00","73.13","0"
"2016-05-04 02:00","73.94","0"
"2016-05-06 02:00","74","0"
"2016-05-09 02:00","73.83","0"
"2016-05-10 02:00","72.67","0"
"2016-05-11 02:00","72.96","0"
"2016-05-12 02:00","74.51","0"
"2016-05-13 02:00","73.8","0"
"2016-05-18 02:00","74.24","0"
"2016-05-19 02:00","72.34","0"
"2016-05-20 02:00","72.45","0"
"2016-05-23 02:00","73","0"
"2016-05-24 02:00","72.84","0"
"2016-05-25 02:00","73.46","0"
"2016-05-26 02:00","73.44","0"
"2016-05-27 02:00","73.55","0"
"2016-05-30 02:00","74.34","0"
"2016-05-31 02:00","74.19","0"
"2016-06-01 02:00","73.97","0"
"2016-06-02 02:00","73.88","0"
"2016-06-03 02:00","73.54","0"
"2016-06-06 02:00","74.35","0"
"2016-06-07 02:00","75.07","0"
"2016-06-08 02:00","75.55","0"
"2016-06-09 02:00","73.71","0"
"2016-06-10 02:00","73.09","0"
"2016-06-13 02:00","70.52","0"
"2016-06-14 02:00","68.21","0"
"2016-06-15 02:00","67.97","0"
"2016-06-16 02:00","64.75","0"
"2016-06-17 02:00","67.5","0"
"2016-06-20 02:00","67.78","0"
"2016-06-21 02:00","67.31","0"
"2016-06-22 02:00","66.85","0"
"2016-06-23 02:00","66.89","0"
"2016-06-24 02:00","64.95","0"
"2016-06-27 02:00","63.46","0"
"2016-06-28 02:00","64.53","0"
"2016-06-29 02:00","65.79","0"
"2016-06-30 02:00","65.44","0"
"2016-07-01 02:00","65.74","0"
"2016-07-04 02:00","66.11","0"
"2016-07-05 02:00","64.65","0"
"2016-07-06 02:00","64.13","0"
"2016-07-07 02:00","65.48","0"
"2016-07-08 02:00","65.32","0"
"2016-07-11 02:00","66.59","0"
"2016-07-12 02:00","66.99","0"
"2016-07-13 02:00","66.87","0"
"2016-07-14 02:00","67.11","0"
"2016-07-15 02:00","67.59","0"
"2016-07-18 02:00","67.82","0"
"2016-07-19 02:00","67.82","0"
"2016-07-20 02:00","68.37","0"
"2016-07-21 02:00","68.76","0"
"2016-07-22 02:00","67.86","0"
"2016-07-25 02:00","67.49","0"
"2016-07-26 02:00","67.4","0"
"2016-07-27 02:00","68.07","0"
"2016-07-28 02:00","67.77","0"
"2016-07-29 02:00","67.77","0"
"2016-08-01 02:00","68.25","0"
"2016-08-02 02:00","67.65","0"
"2016-08-03 02:00","67.13","0"
"2016-08-04 02:00","68.08","0"
"2016-08-05 02:00","67.85","0"
"2016-08-08 02:00","68.87","0"
"2016-08-09 02:00","69.02","0"
"2016-08-10 02:00","68.59","0"
"2016-08-11 02:00","68.13","0"
"2016-08-12 02:00","68.69","0"
"2016-08-15 02:00","68.64","0"
"2016-08-16 02:00","68.79","0"
"2016-08-17 02:00","67.63","0"
"2016-08-18 02:00","67.25","0"
"2016-08-19 02:00","67.17","0"
"2016-08-22 02:00","67.31","0"
"2016-08-23 02:00","67.65","0"
"2016-08-24 02:00","68.03","0"
"2016-08-25 02:00","66.51","0"
"2016-08-26 02:00","65.93","0"
"2016-08-29 02:00","65","0"
"2016-08-30 02:00","65.69","0"
"2016-08-31 02:00","63.92","0"
"2016-09-01 02:00","63.47","0"
"2016-09-02 02:00","63.68","0"
"2016-09-05 02:00","65.36","0"
"2016-09-06 02:00","65.74","0"
"2016-09-07 02:00","66.21","0"
"2016-09-08 02:00","65.49","0"
"2016-09-09 02:00","65.8","0"
"2016-09-12 02:00","64.3","0"
"2016-09-13 02:00","63.96","0"
"2016-09-14 02:00","64.09","0"
"2016-09-15 02:00","64.02","0"
"2016-09-16 02:00","64.29","0"
"2016-09-19 02:00","65.24","0"
"2016-09-20 02:00","65.39","0"
"2016-09-21 02:00","65.22","0"
"2016-09-22 02:00","66.26","0"
"2016-09-23 02:00","65.59","0"
"2016-09-26 02:00","65.18","0"
"2016-09-27 02:00","64.89","0"
"2016-09-28 02:00","65.44","0"
"2016-09-29 02:00","65.71","0"
"2016-09-30 02:00","65.49","0"
"2016-10-03 02:00","65.87","0"
"2016-10-04 02:00","67.34","0"
"2016-10-05 02:00","67.37","0"
"2016-10-06 02:00","68.38","0"
"2016-10-07 02:00","67.75","0"
"2016-10-10 02:00","68.61","0"
"2016-10-11 02:00","67.99","0"
"2016-10-12 02:00","67.18","0"
"2016-10-13 02:00","66.37","0"
"2016-10-14 02:00","66.96","0"
"2016-10-17 02:00","66.12","0"
"2016-10-18 02:00","66.06","0"
"2016-10-19 02:00","66.19","0"
"2016-10-20 02:00","66.77","0"
"2016-10-21 02:00","67.51","0"
"2016-10-24 02:00","67.19","0"
"2016-10-25 02:00","67.08","0"
"2016-10-26 02:00","67.14","0"
"2016-10-27 02:00","67.91","0"
"2016-10-28 02:00","68.51","0"
"2016-10-31 01:00","67.77","0"
"2016-11-01 01:00","68.23","0"
"2016-11-02 01:00","66.55","0"
"2016-11-03 01:00","66.34","0"
"2016-11-04 01:00","65.58","0"
"2016-11-07 01:00","66.67","0"
"2016-11-08 01:00","66.08","0"
"2016-11-09 01:00","66.19","0"
"2016-11-10 01:00","67.99","0"
"2016-11-11 01:00","67.84","0"
"2016-11-14 01:00","67.75","0"
"2016-11-15 01:00","68.09","0"
"2016-11-16 01:00","69.18","0"
"2016-11-17 01:00","70.61","0"
"2016-11-18 01:00","71.13","0"
"2016-11-21 01:00","70.8","0"
"2016-11-22 01:00","71.1","0"
"2016-11-23 01:00","70.72","0"
"2016-11-24 01:00","70.65","0"
"2016-11-25 01:00","70.74","0"
"2016-11-28 01:00","69.83","0"
"2016-11-29 01:00","69.26","0"
"2016-11-30 01:00","69.47","0"
"2016-12-01 01:00","70.08","0"
"2016-12-02 01:00","70.88","0"
"2016-12-05 01:00","71.6","0"
"2016-12-06 01:00","72.56","0"
"2016-12-07 01:00","73.37","0"
"2016-12-08 01:00","73.8","0"
"2016-12-09 01:00","74.4","0"
"2016-12-12 01:00","74.1","0"
"2016-12-13 01:00","73.73","0"
"2016-12-14 01:00","73.93","0"
"2016-12-15 01:00","74.04","0"
"2016-12-16 01:00","75.02","0"
"2016-12-19 01:00","75.16","0"
"2016-12-20 01:00","74.47","0"
"2016-12-21 01:00","75.62","0"
"2016-12-22 01:00","76.49","0"
"2016-12-23 01:00","76.47","0"
"2016-12-27 01:00","78.36","0"
"2016-12-28 01:00","78.22","0"
"2016-12-29 01:00","77.92","0"
"2016-12-30 01:00","77.99","0"
"2017-01-02 01:00","79.19","0"
"2017-01-03 01:00","79.94","0"
"2017-01-04 01:00","79.57","0"
"2017-01-05 01:00","80.85","0"
"2017-01-06 01:00","81.04","0"
"2017-01-09 01:00","80.39","0"
"2017-01-10 01:00","79.93","0"
"2017-01-11 01:00","80.47","0"
"2017-01-12 01:00","81.33","0"
"2017-01-13 01:00","82.35","0"
"2017-01-16 01:00","82.72","0"
"2017-01-17 01:00","82.95","0"
"2017-01-18 01:00","84.19","0"
"2017-01-19 01:00","85.48","0"
"2017-01-20 01:00","88.53","0"
"2017-01-23 01:00","88.83","0"
"2017-01-24 01:00","87.95","0"
"2017-01-25 01:00","88.75","0"
"2017-01-26 01:00","88.98","0"
"2017-01-27 01:00","87.47","0"
"2017-01-30 01:00","85.39","0"
"2017-01-31 01:00","84.38","0"
"2017-02-01 01:00","85.34","0"
"2017-02-02 01:00","83.01","0"
"2017-02-03 01:00","83.09","0"
"2017-02-06 01:00","81.4","0"
"2017-02-07 01:00","82.27","0"
"2017-02-08 01:00","81.37","0"
"2017-02-09 01:00","82.12","0"
"2017-02-10 01:00","82.98","0"
"2017-02-13 01:00","84.61","0"
"2017-02-14 01:00","84.78","0"
"2017-02-15 01:00","84.12","0"
"2017-02-16 01:00","84.03","0"
"2017-02-17 01:00","82.52","0"
"2017-02-20 01:00","83.97","0"
"2017-02-21 01:00","86.32","0"
"2017-02-22 01:00","85.15","0"
"2017-02-23 01:00","85.68","0"
"2017-02-24 01:00","84.73","0"
"2017-02-27 01:00","84.35","0"
"2017-02-28 01:00","85.53","0"
"2017-03-01 01:00","86.6","0"
"2017-03-02 01:00","87.05","0"
"2017-03-03 01:00","86.32","0"
"2017-03-06 01:00","86.05","0"
"2017-03-07 01:00","86.32","0"
"2017-03-08 01:00","87.37","0"
"2017-03-09 01:00","86.03","0"
"2017-03-10 01:00","87.13","0"
"2017-03-13 01:00","88.6","0"
"2017-03-14 01:00","88.56","0"
"2017-03-15 01:00","89.65","0"
"2017-03-16 01:00","90.33","0"
"2017-03-17 01:00","91.13","0"
"2017-03-20 01:00","91.48","0"
"2017-03-21 01:00","90.34","0"
"2017-03-22 01:00","89.24","0"
"2017-03-23 01:00","89.36","0"
"2017-03-24 01:00","89.6","0"
"2017-03-27 02:00","87.57","0"
"2017-03-28 02:00","90.04","0"
"2017-03-29 02:00","89.82","0"
"2017-03-30 02:00","90.85","0"
"2017-03-31 02:00","90.14","0"
"2017-04-03 02:00","91.11","0"
"2017-04-04 02:00","90.34","0"
"2017-04-05 02:00","90.92","0"
"2017-04-06 02:00","91.07","0"
"2017-04-07 02:00","91.46","0"
"2017-04-10 02:00","92.55","0"
"2017-04-11 02:00","92.32","0"
"2017-04-12 02:00","92.2","0"
"2017-04-18 02:00","89.61","0"
"2017-04-19 02:00","89.01","0"
"2017-04-20 02:00","88.05","0"
"2017-04-21 02:00","87.69","0"
"2017-04-24 02:00","88.9","0"
"2017-04-25 02:00","89.41","0"
"2017-04-26 02:00","90.08","0"
"2017-04-27 02:00","89.35","0"
"2017-04-28 02:00","89.34","0"
"2017-05-02 02:00","89.71","0"
"2017-05-03 02:00","88.65","0"
"2017-05-04 02:00","86.49","0"
"2017-05-05 02:00","86.42","0"
"2017-05-08 02:00","87.16","0"
"2017-05-09 02:00","87.14","0"
"2017-05-10 02:00","87.93","0"
"2017-05-11 02:00","86.65","0"
"2017-05-12 02:00","86.66","0"
"2017-05-15 02:00","86.89","0"
"2017-05-16 02:00","87.09","0"
"2017-05-18 02:00","85.47","0"
"2017-05-19 02:00","86.25","0"
"2017-05-22 02:00","86.62","0"
"2017-05-23 02:00","86.26","0"
"2017-05-24 02:00","85.29","0"
"2017-05-26 02:00","84.17","0"
"2017-05-29 02:00","83.99","0"
"2017-05-30 02:00","83.8","0"
"2017-05-31 02:00","83.48","0"
"2017-06-01 02:00","84.16","0"
"2017-06-02 02:00","85.24","0"
"2017-06-06 02:00","83.62","0"
"2017-06-07 02:00","83.39","0"
"2017-06-08 02:00","82.32","0"
"2017-06-09 02:00","84.25","0"
"2017-06-12 02:00","84.78","0"
"2017-06-13 02:00","84.85","0"
"2017-06-14 02:00","84.91","0"
"2017-06-15 02:00","83.19","0"
"2017-06-16 02:00","82.01","0"
"2017-06-19 02:00","83.24","0"
"2017-06-20 02:00","83.36","0"
"2017-06-21 02:00","82.55","0"
"2017-06-22 02:00","82.45","0"
"2017-06-23 02:00","83.14","0"
"2017-06-26 02:00","82.75","0"
"2017-06-27 02:00","82.88","0"
"2017-06-28 02:00","83.21","0"
"2017-06-29 02:00","82.33","0"
"2017-06-30 02:00","83.56","0"
"2017-07-03 02:00","83.44","0"
"2017-07-04 02:00","83.54","0"
"2017-07-05 02:00","82.59","0"
"2017-07-06 02:00","82.52","0"
"2017-07-07 02:00","81.18","0"
"2017-07-10 02:00","81.7","0"
"2017-07-11 02:00","82.31","0"
"2017-07-12 02:00","84.27","0"
"2017-07-13 02:00","84.54","0"
"2017-07-14 02:00","85.35","0"
"2017-07-17 02:00","86.13","0"
"2017-07-18 02:00","85.36","0"
"2017-07-19 02:00","86.7","0"
"2017-07-20 02:00","86.62","0"
"2017-07-21 02:00","85.09","0"
"2017-07-24 02:00","85.31","0"
"2017-07-25 02:00","85.76","0"
"2017-07-26 02:00","85.46","0"
"2017-07-27 02:00","85.23","0"
"2017-07-28 02:00","85.77","0"
"2017-07-31 02:00","85.88","0"
"2017-08-01 02:00","86.65","0"
"2017-08-02 02:00","86.53","0"
"2017-08-03 02:00","85.66","0"
"2017-08-04 02:00","85.88","0"
"2017-08-07 02:00","86.45","0"
"2017-08-08 02:00","86.91","0"
"2017-08-09 02:00","86.92","0"
"2017-08-10 02:00","85.48","0"
"2017-08-11 02:00","85.06","0"
"2017-08-14 02:00","85.98","0"
"2017-08-15 02:00","85.52","0"
"2017-08-16 02:00","85.22","0"
"2017-08-17 02:00","84.43","0"
"2017-08-18 02:00","84.87","0"
"2017-08-21 02:00","84.87","0"
"2017-08-22 02:00","84.9","0"
"2017-08-23 02:00","85.36","0"
"2017-08-24 02:00","85.34","0"
"2017-08-25 02:00","86.53","0"
"2017-08-28 02:00","85.94","0"
"2017-08-29 02:00","84.59","0"
"2017-08-30 02:00","84.12","0"
"2017-08-31 02:00","84.97","0"
"2017-09-01 02:00","85.13","0"
"2017-09-04 02:00","85.07","0"
"2017-09-05 02:00","85.66","0"
"2017-09-06 02:00","85.44","0"
"2017-09-07 02:00","86.3","0"
"2017-09-08 02:00","86.11","0"
"2017-09-11 02:00","86.09","0"
"2017-09-12 02:00","85.99","0"
"2017-09-13 02:00","85.89","0"
"2017-09-14 02:00","86.12","0"
"2017-09-15 02:00","86.13","0"
"2017-09-18 02:00","86.11","0"
"2017-09-19 02:00","85.11","0"
"2017-09-20 02:00","85.55","0"
"2017-09-21 02:00","85.42","0"
"2017-09-22 02:00","86.17","0"
"2017-09-25 02:00","84.61","0"
"2017-09-26 02:00","83.22","0"
"2017-09-27 02:00","84.17","0"
"2017-09-28 02:00","85.28","0"
"2017-09-29 02:00","85.62","0"
"2017-10-02 02:00","84.07","0"
"2017-10-03 02:00","85.33","0"
"2017-10-04 02:00","85.19","0"
"2017-10-05 02:00","85.06","0"
"2017-10-06 02:00","84.5","0"
"2017-10-09 02:00","84.03","0"
"2017-10-10 02:00","84.75","0"
"2017-10-11 02:00","84.22","0"
"2017-10-12 02:00","84.04","0"
"2017-10-13 02:00","84.51","0"
"2017-10-16 02:00","84.38","0"
"2017-10-17 02:00","83.65","0"
"2017-10-18 02:00","83.81","0"
"2017-10-19 02:00","82.42","0"
"2017-10-20 02:00","83.13","0"
"2017-10-23 02:00","82.8","0"
"2017-10-24 02:00","83.46","0"
"2017-10-25 02:00","83.29","0"
"2017-10-26 02:00","83.22","0"
"2017-10-27 02:00","83.56","0"
"2017-10-30 01:00","82.93","0"
"2017-10-31 01:00","81.98","0"
"2017-11-01 01:00","82.19","0"
"2017-11-02 01:00","82.19","0"
"2017-11-03 01:00","81.91","0"
"2017-11-06 01:00","83.13","0"
"2017-11-07 01:00","83.67","0"
"2017-11-08 01:00","87.13","0"
"2017-11-09 01:00","86.3","0"
"2017-11-10 01:00","85.91","0"
"2017-11-13 01:00","85.23","0"
"2017-11-14 01:00","84.29","0"
"2017-11-15 01:00","82.79","0"
"2017-11-16 01:00","82.5","0"
"2017-11-17 01:00","82.71","0"
"2017-11-20 01:00","83.9","0"
"2017-11-21 01:00","84.64","0"
"2017-11-22 01:00","85.1","0"
"2017-11-23 01:00","84.69","0"
"2017-11-24 01:00","84.62","0"
"2017-11-27 01:00","83.68","0"
"2017-11-28 01:00","83.95","0"
"2017-11-29 01:00","83.54","0"
"2017-11-30 01:00","83.76","0"
"2017-12-01 01:00","85.01","0"
"2017-12-04 01:00","84.91","0"
"2017-12-05 01:00","83.71","0"
"2017-12-06 01:00","82.36","0"
"2017-12-07 01:00","82.65","0"
"2017-12-08 01:00","83.5","0"
"2017-12-11 01:00","85.15","0"
"2017-12-12 01:00","85.21","0"
"2017-12-13 01:00","84.52","0"
"2017-12-14 01:00","84.3","0"
"2017-12-15 01:00","83.98","0"
"2017-12-18 01:00","84.51","0"
"2017-12-19 01:00","85.41","0"
"2017-12-20 01:00","84.63","0"
"2017-12-21 01:00","85.52","0"
"2017-12-22 01:00","85.46","0"
"2017-12-27 01:00","86.59","0"
"2017-12-28 01:00","86.88","0"
"2017-12-29 01:00","86.9","0"
"2018-01-02 01:00","86.67","0"
"2018-01-03 01:00","87.01","0"
"2018-01-04 01:00","88.11","0"
"2018-01-05 01:00","88.38","0"
"2018-01-08 01:00","88.8","0"
"2018-01-09 01:00","88.79","0"
"2018-01-10 01:00","88.74","0"
"2018-01-11 01:00","88.21","0"
"2018-01-12 01:00","89.58","0"
"2018-01-15 01:00","90.27","0"
"2018-01-16 01:00","90.46","0"
"2018-01-17 01:00","89.16","0"
"2018-01-18 01:00","88.44","0"
"2018-01-19 01:00","89.32","0"
"2018-01-22 01:00","89.87","0"
"2018-01-23 01:00","89.71","0"
"2018-01-24 01:00","90.2","0"
"2018-01-25 01:00","89.65","0"
"2018-01-26 01:00","89.48","0"
"2018-01-29 01:00","89.1","0"
"2018-01-30 01:00","87.04","0"
"2018-01-31 01:00","87.14","0"
"2018-02-01 01:00","87.02","0"
"2018-02-02 01:00","86.51","0"
"2018-02-05 01:00","84.73","0"
"2018-02-06 01:00","82.65","0"
"2018-02-07 01:00","83.59","0"
"2018-02-08 01:00","84.02","0"
"2018-02-09 01:00","82.82","0"
"2018-02-12 01:00","84.96","0"
"2018-02-13 01:00","83.88","0"
"2018-02-14 01:00","82.06","0"
"2018-02-15 01:00","83.43","0"
"2018-02-16 01:00","84.55","0"
"2018-02-19 01:00","85.1","0"
"2018-02-20 01:00","85.26","0"
"2018-02-21 01:00","85.16","0"
"2018-02-22 01:00","84.89","0"
"2018-02-23 01:00","86.06","0"
"2018-02-26 01:00","85.59","0"
"2018-02-27 01:00","85.91","0"
"2018-02-28 01:00","85.53","0"
"2018-03-01 01:00","84.46","0"
"2018-03-02 01:00","82.76","0"
"2018-03-05 01:00","83.23","0"
"2018-03-06 01:00","84.88","0"
"2018-03-07 01:00","83.94","0"
"2018-03-08 01:00","84.02","0"
"2018-03-09 01:00","84.37","0"
"2018-03-12 01:00","84.05","0"
"2018-03-13 01:00","83.99","0"
"2018-03-14 01:00","82.72","0"
"2018-03-15 01:00","82.48","0"
"2018-03-16 01:00","81.25","0"
"2018-03-19 01:00","80.13","0"
"2018-03-20 01:00","80.19","0"
"2018-03-21 01:00","80.53","0"
"2018-03-22 01:00","79.92","0"
"2018-03-23 01:00","80.05","0"
"2018-03-26 02:00","80.36","0"
"2018-03-27 02:00","80.85","0"
"2018-03-28 02:00","79.95","0"
"2018-04-03 02:00","78.72","0"
"2018-04-04 02:00","77.58","0"
"2018-04-05 02:00","79.64","0"
"2018-04-06 02:00","78.35","0"
"2018-04-09 02:00","78.36","0"
"2018-04-10 02:00","79.38","0"
"2018-04-11 02:00","79.09","0"
"2018-04-12 02:00","80.15","0"
"2018-04-13 02:00","80.38","0"
"2018-04-16 02:00","79.87","0"
"2018-04-17 02:00","80.76","0"
"2018-04-18 02:00","82.87","0"
"2018-04-19 02:00","82.77","0"
"2018-04-20 02:00","82.94","0"
"2018-04-23 02:00","83.49","0"
"2018-04-24 02:00","83.21","0"
"2018-04-25 02:00","81.88","0"
"2018-04-26 02:00","82.07","0"
"2018-04-27 02:00","81.62","0"
"2018-04-30 02:00","81.13","0"
"2018-05-02 02:00","81.7","0"
"2018-05-03 02:00","81.83","0"
"2018-05-04 02:00","82.12","0"
"2018-05-07 02:00","82.77","0"
"2018-05-08 02:00","79.32","0"
"2018-05-09 02:00","79.67","0"
"2018-05-11 02:00","80.37","0"
"2018-05-14 02:00","79.76","0"
"2018-05-15 02:00","79.06","0"
"2018-05-16 02:00","78.42","0"
"2018-05-18 02:00","78.4","0"
"2018-05-22 02:00","78.66","0"
"2018-05-23 02:00","78.23","0"
"2018-05-24 02:00","77.64","0"
"2018-05-25 02:00","77.38","0"
"2018-05-28 02:00","78.37","0"
"2018-05-29 02:00","78.35","0"
"2018-05-30 02:00","79.23","0"
"2018-05-31 02:00","80.75","0"
"2018-06-01 02:00","80.67","0"
"2018-06-04 02:00","80.95","0"
"2018-06-05 02:00","81.23","0"
"2018-06-06 02:00","81.51","0"
"2018-06-07 02:00","82.5","0"
"2018-06-08 02:00","81.21","0"
"2018-06-11 02:00","81.26","0"
"2018-06-12 02:00","80.99","0"
"2018-06-13 02:00","81.3","0"
"2018-06-14 02:00","83.46","0"
"2018-06-15 02:00","83.01","0"
"2018-06-18 02:00","82.95","0"
"2018-06-19 02:00","81.85","0"
"2018-06-20 02:00","81.57","0"
"2018-06-21 02:00","80.84","0"
"2018-06-22 02:00","81.79","0"
"2018-06-25 02:00","80.78","0"
"2018-06-26 02:00","80.46","0"
"2018-06-27 02:00","81.72","0"
"2018-06-28 02:00","80","0"
"2018-06-29 02:00","80.27","0"
"2018-07-02 02:00","79.4","0"
"2018-07-03 02:00","79.47","0"
"2018-07-04 02:00","79.81","0"
"2018-07-05 02:00","80.2","0"
"2018-07-06 02:00","78.58","0"
"2018-07-09 02:00","79.25","0"
"2018-07-10 02:00","79.96","0"
"2018-07-11 02:00","78.89","0"
"2018-07-12 02:00","78.93","0"
"2018-07-13 02:00","78.76","0"
"2018-07-16 02:00","77.97","0"
"2018-07-17 02:00","77.81","0"
"2018-07-18 02:00","78.17","0"
"2018-07-19 02:00","79.88","0"
"2018-07-20 02:00","80.63","0"
"2018-07-23 02:00","80.94","0"
"2018-07-24 02:00","81.55","0"
"2018-07-25 02:00","81.35","0"
"2018-07-26 02:00","82.41","0"
"2018-07-27 02:00","82.27","0"
"2018-07-30 02:00","82.45","0"
"2018-07-31 02:00","82.85","0"
"2018-08-01 02:00","82.5","0"
"2018-08-02 02:00","82.17","0"
"2018-08-03 02:00","81.82","0"
"2018-08-06 02:00","80.99","0"
"2018-08-07 02:00","80.69","0"
"2018-08-08 02:00","81.01","0"
"2018-08-09 02:00","79.59","0"
"2018-08-10 02:00","78.2","0"
"2018-08-13 02:00","77.01","0"
"2018-08-14 02:00","76.1","0"
"2018-08-15 02:00","75.42","0"
"2018-08-16 02:00","76.28","0"
"2018-08-17 02:00","77.65","0"
"2018-08-20 02:00","78.74","0"
"2018-08-21 02:00","79.8","0"
"2018-08-22 02:00","80.74","0"
"2018-08-23 02:00","80.15","0"
"2018-08-24 02:00","80.32","0"
"2018-08-27 02:00","80.21","0"
"2018-08-28 02:00","79.68","0"
"2018-08-29 02:00","79.52","0"
"2018-08-30 02:00","79.75","0"
"2018-08-31 02:00","79.44","0"
"2018-09-03 02:00","78.73","0"
"2018-09-04 02:00","78.82","0"
"2018-09-05 02:00","78.14","0"
"2018-09-06 02:00","78.1","0"
"2018-09-07 02:00","77.09","0"
"2018-09-10 02:00","76.77","0"
"2018-09-11 02:00","76.5","0"
"2018-09-12 02:00","77.22","0"
"2018-09-13 02:00","76.73","0"
"2018-09-14 02:00","77.4","0"
"2018-09-17 02:00","77.69","0"
"2018-09-18 02:00","77.64","0"
"2018-09-19 02:00","77.81","0"
"2018-09-20 02:00","78.18","0"
"2018-09-21 02:00","79.23","0"
"2018-09-24 02:00","78.98","0"
"2018-09-25 02:00","78.92","0"
"2018-09-26 02:00","78.87","0"
"2018-09-27 02:00","79.42","0"
"2018-09-28 02:00","80.64","0"
"2018-10-01 02:00","82.01","0"
"2018-10-02 02:00","82.51","0"
"2018-10-03 02:00","82.9","0"
"2018-10-04 02:00","82.16","0"
"2018-10-05 02:00","81.61","0"
"2018-10-08 02:00","81.1","0"
"2018-10-09 02:00","81.46","0"
"2018-10-10 02:00","80.61","0"
"2018-10-11 02:00","77.32","0"
"2018-10-12 02:00","78.14","0"
"2018-10-15 02:00","78.59","0"
"2018-10-16 02:00","79.09","0"
"2018-10-17 02:00","79.23","0"
"2018-10-18 02:00","79.19","0"
"2018-10-19 02:00","79.78","0"
"2018-10-22 02:00","78.32","0"
"2018-10-23 02:00","75.31","0"
"2018-10-24 02:00","76.22","0"
"2018-10-25 02:00","76.13","0"
"2018-10-26 02:00","75.96","0"
"2018-10-29 01:00","76.82","0"
"2018-10-30 01:00","75.55","0"
"2018-10-31 01:00","77.3","0"
"2018-11-01 01:00","78.29","0"
"2018-11-02 01:00","79.2","0"
"2018-11-05 01:00","78.64","0"
"2018-11-06 01:00","77.86","0"
"2018-11-07 01:00","78.34","0"
"2018-11-08 01:00","77.4","0"
"2018-11-09 01:00","76.33","0"
"2018-11-12 01:00","75.27","0"
"2018-11-13 01:00","73.83","0"
"2018-11-14 01:00","72.41","0"
"2018-11-15 01:00","72.86","0"
"2018-11-16 01:00","73.42","0"
"2018-11-19 01:00","73.13","0"
"2018-11-20 01:00","70.83","0"
"2018-11-21 01:00","71.27","0"
"2018-11-22 01:00","72.52","0"
"2018-11-23 01:00","72.28","0"
"2018-11-26 01:00","73.32","0"
"2018-11-27 01:00","75.31","0"
"2018-11-28 01:00","75.14","0"
"2018-11-29 01:00","76.91","0"
"2018-11-30 01:00","75.48","0"
"2018-12-03 01:00","76.76","0"
"2018-12-04 01:00","75.91","0"
"2018-12-05 01:00","75.53","0"
"2018-12-06 01:00","72.19","0"
"2018-12-07 01:00","73.68","0"
"2018-12-10 01:00","71.38","0"
"2018-12-11 01:00","71.82","0"
"2018-12-12 01:00","72.91","0"
"2018-12-13 01:00","73.21","0"
"2018-12-14 01:00","71.79","0"
"2018-12-17 01:00","69.77","0"
"2018-12-18 01:00","68.12","0"
"2018-12-19 01:00","67.55","0"
"2018-12-20 01:00","66.05","0"
"2018-12-21 01:00","67.37","0"
"2018-12-27 01:00","65.34","0"
"2018-12-28 01:00","67.25","0"
"2019-01-02 01:00","67.51","0"
"2019-01-03 01:00","67.74","0"
"2019-01-04 01:00","69.7","0"
"2019-01-07 01:00","69.85","0"
"2019-01-08 01:00","71.1","0"
"2019-01-09 01:00","71.72","0"
"2019-01-10 01:00","69.74","0"
"2019-01-11 01:00","68.81","0"
"2019-01-14 01:00","67.74","0"
"2019-01-15 01:00","67.69","0"
"2019-01-16 01:00","67.53","0"
"2019-01-17 01:00","67.99","0"
"2019-01-18 01:00","68.95","0"
"2019-01-21 01:00","69.07","0"
"2019-01-22 01:00","67.91","0"
"2019-01-23 01:00","66.99","0"
"2019-01-24 01:00","66.41","0"
"2019-01-25 01:00","66.25","0"
"2019-01-28 01:00","64.26","0"
"2019-01-29 01:00","64.13","0"
"2019-01-30 01:00","63.91","0"
"2019-01-31 01:00","64.03","0"
"2019-02-01 01:00","63.8","0"
"2019-02-04 01:00","63.86","0"
"2019-02-05 01:00","64.54","0"
"2019-02-06 01:00","64.74","0"
"2019-02-07 01:00","64.95","0"
"2019-02-08 01:00","64.59","0"
"2019-02-11 01:00","64.46","0"
"2019-02-12 01:00","66.41","0"
"2019-02-13 01:00","66.41","0"
"2019-02-14 01:00","66.61","0"
"2019-02-15 01:00","67.53","0"
"2019-02-18 01:00","67.18","0"
"2019-02-19 01:00","66.32","0"
"2019-02-20 01:00","66.74","0"
"2019-02-21 01:00","66.62","0"
"2019-02-22 01:00","67.3","0"
"2019-02-25 01:00","68.31","0"
"2019-02-26 01:00","68.06","0"
"2019-02-27 01:00","67.83","0"
"2019-02-28 01:00","67","0"
"2019-03-01 01:00","66.57","0"
"2019-03-04 01:00","67","0"
"2019-03-05 01:00","67.23","0"
"2019-03-06 01:00","67.18","0"
"2019-03-07 01:00","66.08","0"
"2019-03-08 01:00","65.54","0"
"2019-03-11 01:00","64.86","0"
"2019-03-12 01:00","65.6","0"
"2019-03-13 01:00","65.74","0"
"2019-03-14 01:00","66.18","0"
"2019-03-15 01:00","66.65","0"
"2019-03-18 01:00","67.48","0"
"2019-03-19 01:00","67.93","0"
"2019-03-20 01:00","68.18","0"
"2019-03-21 01:00","68.93","0"
"2019-03-22 01:00","68.39","0"
"2019-03-25 01:00","66.91","0"
"2019-03-26 01:00","66.85","0"
"2019-03-27 01:00","66.87","0"
"2019-03-28 01:00","66.85","0"
"2019-03-29 01:00","67.16","0"
"2019-04-01 02:00","67.79","0"
"2019-04-02 02:00","67.86","0"
"2019-04-03 02:00","68.92","0"
"2019-04-04 02:00","69.06","0"
"2019-04-05 02:00","69.53","0"
"2019-04-08 02:00","72","0"
"2019-04-09 02:00","71.46","0"
"2019-04-10 02:00","72.22","0"
"2019-04-11 02:00","72.89","0"
"2019-04-12 02:00","72.61","0"
"2019-04-15 02:00","72.98","0"
"2019-04-16 02:00","72.89","0"
"2019-04-17 02:00","73.65","0"
"2019-04-23 02:00","74.96","0"
"2019-04-24 02:00","74.8","0"
"2019-04-25 02:00","74.62","0"
"2019-04-26 02:00","73.69","0"
"2019-04-29 02:00","74.18","0"
"2019-04-30 02:00","75.59","0"
"2019-05-02 02:00","74.16","0"
"2019-05-03 02:00","73.8","0"
"2019-05-06 02:00","72.89","0"
"2019-05-07 02:00","72.86","0"
"2019-05-08 02:00","74.55","0"
"2019-05-09 02:00","73.28","0"
"2019-05-10 02:00","74.05","0"
"2019-05-13 02:00","71.8","0"
"2019-05-14 02:00","73.5","0"
"2019-05-15 02:00","73.58","0"
"2019-05-16 02:00","74.34","0"
"2019-05-20 02:00","74.51","0"
"2019-05-21 02:00","74.66","0"
"2019-05-22 02:00","74.43","0"
"2019-05-23 02:00","72.35","0"
"2019-05-24 02:00","71.63","0"
"2019-05-27 02:00","71.1","0"
"2019-05-28 02:00","71.14","0"
"2019-05-29 02:00","68.9","0"
"2019-05-31 02:00","67.55","0"
"2019-06-03 02:00","67.16","0"
"2019-06-04 02:00","67.96","0"
"2019-06-05 02:00","68.86","0"
"2019-06-06 02:00","68.47","0"
"2019-06-07 02:00","68.75","0"
"2019-06-11 02:00","69.46","0"
"2019-06-12 02:00","66.92","0"
"2019-06-13 02:00","69.05","0"
"2019-06-14 02:00","68.87","0"
"2019-06-17 02:00","68.71","0"
"2019-06-18 02:00","69.47","0"
"2019-06-19 02:00","71.39","0"
"2019-06-20 02:00","71.69","0"
"2019-06-21 02:00","72.02","0"
"2019-06-24 02:00","70.8","0"
"2019-06-25 02:00","70.09","0"
"2019-06-26 02:00","70.25","0"
"2019-06-27 02:00","71.7","0"
"2019-06-28 02:00","71.89","0"
"2019-07-01 02:00","73.54","0"
"2019-07-02 02:00","73.17","0"
"2019-07-03 02:00","72.58","0"
"2019-07-04 02:00","73.63","0"
"2019-07-05 02:00","73.66","0"
"2019-07-08 02:00","74.39","0"
"2019-07-09 02:00","74.47","0"
"2019-07-10 02:00","74.39","0"
"2019-07-11 02:00","74.34","0"
"2019-07-12 02:00","74.07","0"
"2019-07-15 02:00","74.12","0"
"2019-07-16 02:00","74.54","0"
"2019-07-17 02:00","73.96","0"
"2019-07-18 02:00","72.42","0"
"2019-07-19 02:00","73.24","0"
"2019-07-22 02:00","74.46","0"
"2019-07-23 02:00","74.36","0"
"2019-07-24 02:00","73.68","0"
"2019-07-25 02:00","74.59","0"
"2019-07-26 02:00","74.63","0"
"2019-07-29 02:00","73.97","0"
"2019-07-30 02:00","72.37","0"
"2019-07-31 02:00","72.81","0"
"2019-08-01 02:00","73.05","0"
"2019-08-02 02:00","71.05","0"
"2019-08-05 02:00","68.08","0"
"2019-08-06 02:00","68.43","0"
"2019-08-07 02:00","67.83","0"
"2019-08-08 02:00","69.04","0"
"2019-08-09 02:00","68.32","0"
"2019-08-12 02:00","67.35","0"
"2019-08-13 02:00","68.45","0"
"2019-08-14 02:00","66.45","0"
"2019-08-15 02:00","65.04","0"
"2019-08-16 02:00","66.61","0"
"2019-08-19 02:00","69.4","0"
"2019-08-20 02:00","70.62","0"
"2019-08-21 02:00","71.1","0"
"2019-08-22 02:00","71.61","0"
"2019-08-23 02:00","71.88","0"
"2019-08-26 02:00","70.77","0"
"2019-08-27 02:00","71.92","0"
"2019-08-28 02:00","72.42","0"
"2019-08-29 02:00","72.79","0"
"2019-08-30 02:00","73.33","0"
"2019-09-02 02:00","74.3","0"
"2019-09-03 02:00","73.17","0"
"2019-09-04 02:00","73.44","0"
"2019-09-05 02:00","74.26","0"
"2019-09-06 02:00","75.37","0"
"2019-09-09 02:00","76.6","0"
"2019-09-10 02:00","76.38","0"
"2019-09-11 02:00","76.52","0"
"2019-09-12 02:00","76.14","0"
"2019-09-13 02:00","78.07","0"
"2019-09-16 02:00","77.89","0"
"2019-09-17 02:00","75.4","0"
"2019-09-18 02:00","76.32","0"
"2019-09-19 02:00","76.26","0"
"2019-09-20 02:00","76.24","0"
"2019-09-23 02:00","75.97","0"
"2019-09-24 02:00","76.73","0"
"2019-09-25 02:00","75.97","0"
"2019-09-26 02:00","77.37","0"
"2019-09-27 02:00","77.55","0"
"2019-09-30 02:00","77.45","0"
"2019-10-01 02:00","77.73","0"
"2019-10-02 02:00","76.59","0"
"2019-10-03 02:00","74.8","0"
"2019-10-04 02:00","77.7","0"
"2019-10-07 02:00","80.1","0"
"2019-10-08 02:00","81.14","0"
"2019-10-09 02:00","82.07","0"
"2019-10-10 02:00","82.14","0"
"2019-10-11 02:00","84.05","0"
"2019-10-14 02:00","83.99","0"
"2019-10-15 02:00","83.01","0"
"2019-10-16 02:00","82.53","0"
"2019-10-17 02:00","82.59","0"
"2019-10-18 02:00","82.92","0"
"2019-10-21 02:00","81.99","0"
"2019-10-22 02:00","81.5","0"
"2019-10-23 02:00","82.01","0"
"2019-10-24 02:00","83.25","0"
"2019-10-25 02:00","81.83","0"
"2019-10-28 01:00","82.91","0"
"2019-10-29 01:00","82.62","0"
"2019-10-30 01:00","83","0"
"2019-10-31 01:00","82.54","0"
"2019-11-01 01:00","81.93","0"
"2019-11-04 01:00","82.77","0"
"2019-11-05 01:00","81.78","0"
"2019-11-06 01:00","80.96","0"
"2019-11-07 01:00","80.31","0"
"2019-11-08 01:00","79.58","0"
"2019-11-11 01:00","79.57","0"
"2019-11-12 01:00","80.25","0"
"2019-11-13 01:00","81.02","0"
"2019-11-14 01:00","81.64","0"
"2019-11-15 01:00","82.1","0"
"2019-11-18 01:00","82.55","0"
"2019-11-19 01:00","82.82","0"
"2019-11-20 01:00","83.6","0"
"2019-11-21 01:00","85.58","0"
"2019-11-22 01:00","88.38","0"
"2019-11-25 01:00","88.23","0"
"2019-11-26 01:00","88.26","0"
"2019-11-27 01:00","88.8","0"
"2019-11-28 01:00","88.08","0"
"2019-11-29 01:00","87.66","0"
"2019-12-02 01:00","87.79","0"
"2019-12-03 01:00","84.86","0"
"2019-12-04 01:00","85.45","0"
"2019-12-05 01:00","84.53","0"
"2019-12-06 01:00","87.21","0"
"2019-12-09 01:00","86.99","0"
"2019-12-10 01:00","87.61","0"
"2019-12-11 01:00","87.37","0"
"2019-12-12 01:00","86.08","0"
"2019-12-13 01:00","85.85","0"
"2019-12-16 01:00","86.21","0"
"2019-12-17 01:00","86.28","0"
"2019-12-18 01:00","86.4","0"
"2019-12-19 01:00","87.95","0"
"2019-12-20 01:00","89.69","0"
"2019-12-23 01:00","90.21","0"
"2019-12-27 01:00","89.73","0"
"2019-12-30 01:00","89.62","0"
"2020-01-02 01:00","92.49","0"
"2020-01-03 01:00","94.72","0"
"2020-01-06 01:00","92.12","0"
"2020-01-07 01:00","93","0"
"2020-01-08 01:00","92.96","0"
"2020-01-09 01:00","93.07","0"
"2020-01-10 01:00","93.39","0"
"2020-01-13 01:00","93.11","0"
"2020-01-14 01:00","92.46","0"
"2020-01-15 01:00","90.03","0"
"2020-01-16 01:00","89.84","0"
"2020-01-17 01:00","91.35","0"
"2020-01-20 01:00","90.77","0"
"2020-01-21 01:00","91.81","0"
"2020-01-22 01:00","91.31","0"
"2020-01-23 01:00","87.02","0"
"2020-01-24 01:00","86.96","0"
"2020-01-27 01:00","83.87","0"
"2020-01-28 01:00","84.61","0"
"2020-01-29 01:00","86.08","0"
"2020-01-30 01:00","84.09","0"
"2020-01-31 01:00","82.37","0"
"2020-02-03 01:00","81.22","0"
"2020-02-04 01:00","79.29","0"
"2020-02-05 01:00","80.36","0"
"2020-02-06 01:00","79.26","0"
"2020-02-07 01:00","75.46","0"
"2020-02-10 01:00","75.6","0"
"2020-02-11 01:00","78.69","0"
"2020-02-12 01:00","78.58","0"
"2020-02-13 01:00","77.37","0"
"2020-02-14 01:00","77.08","0"
"2020-02-17 01:00","76.85","0"
"2020-02-18 01:00","77.08","0"
"2020-02-19 01:00","77.8","0"
"2020-02-20 01:00","77.98","0"
"2020-02-21 01:00","76.38","0"
"2020-02-24 01:00","71.16","0"
"2020-02-25 01:00","71.14","0"
"2020-02-26 01:00","70.87","0"
"2020-02-27 01:00","67.53","0"
"2020-02-28 01:00","70.58","0"
"2020-03-02 01:00","70.23","0"
"2020-03-03 01:00","71.63","0"
"2020-03-04 01:00","69.26","0"
"2020-03-05 01:00","65.1","0"
"2020-03-06 01:00","62.13","0"
"2020-03-09 01:00","57.96","0"
"2020-03-10 01:00","60.24","0"
"2020-03-11 01:00","60.34","0"
"2020-03-12 01:00","57.22","0"
"2020-03-13 01:00","60.82","0"
"2020-03-16 01:00","56.82","0"
"2020-03-17 01:00","54.31","0"
"2020-03-18 01:00","51.71","0"
"2020-03-19 01:00","52.09","0"
"2020-03-20 01:00","53.79","0"
"2020-03-23 01:00","49.7","0"
"2020-03-24 01:00","52.77","0"
"2020-03-25 01:00","54.29","0"
"2020-03-26 01:00","54.08","0"
"2020-03-27 01:00","54.42","0"
"2020-03-30 02:00","59.43","0"
"2020-03-31 02:00","60.6","0"
"2020-04-01 02:00","61.22","0"
"2020-04-02 02:00","58.77","0"
"2020-04-03 02:00","56","0"
"2020-04-06 02:00","57.78","0"
"2020-04-07 02:00","57.49","0"
"2020-04-08 02:00","57.68","0"
"2020-04-14 02:00","60.66","0"
"2020-04-15 02:00","59.73","0"
"2020-04-16 02:00","60.66","0"
"2020-04-17 02:00","62.61","0"
"2020-04-20 02:00","63.94","0"
"2020-04-21 02:00","65.45","0"
"2020-04-22 02:00","65.31","0"
"2020-04-23 02:00","66.67","0"
"2020-04-24 02:00","64.78","0"
"2020-04-27 02:00","66.5","0"
"2020-04-28 02:00","65.21","0"
"2020-04-29 02:00","64.69","0"
"2020-04-30 02:00","63.68","0"
"2020-05-04 02:00","62.25","0"
"2020-05-05 02:00","60.41","0"
"2020-05-06 02:00","58.26","0"
"2020-05-07 02:00","58.46","0"
"2020-05-08 02:00","59.69","0"
"2020-05-11 02:00","57.99","0"
"2020-05-12 02:00","56.88","0"
"2020-05-13 02:00","55.61","0"
"2020-05-14 02:00","54.8","0"
"2020-05-15 02:00","56.38","0"
"2020-05-18 02:00","57.36","0"
"2020-05-19 02:00","58.46","0"
"2020-05-20 02:00","59.49","0"
"2020-05-22 02:00","59.24","0"
"2020-05-25 02:00","60.34","0"
"2020-05-26 02:00","61.18","0"
"2020-05-27 02:00","61.19","0"
"2020-05-28 02:00","61.38","0"
"2020-05-29 02:00","59.2","0"
"2020-06-02 02:00","59.46","0"
"2020-06-03 02:00","60.27","0"
"2020-06-04 02:00","58.92","0"
"2020-06-05 02:00","60.68","0"
"2020-06-08 02:00","62.18","0"
"2020-06-09 02:00","62.04","0"
"2020-06-10 02:00","61.22","0"
"2020-06-11 02:00","59.18","0"
"2020-06-12 02:00","59.65","0"
"2020-06-15 02:00","58.44","0"
"2020-06-16 02:00","60.78","0"
"2020-06-17 02:00","60.12","0"
"2020-06-18 02:00","60.04","0"
"2020-06-19 02:00","59.49","0"
"2020-06-22 02:00","58.46","0"
"2020-06-23 02:00","58.64","0"
"2020-06-24 02:00","58.43","0"
"2020-06-25 02:00","58.52","0"
"2020-06-26 02:00","57.4","0"
"2020-06-29 02:00","57.94","0"
"2020-06-30 02:00","57.97","0"
"2020-07-01 02:00","58.44","0"
"2020-07-02 02:00","59.39","0"
"2020-07-03 02:00","58.8","0"
"2020-07-06 02:00","59.54","0"
"2020-07-07 02:00","59.31","0"
"2020-07-08 02:00","58.9","0"
"2020-07-09 02:00","58.17","0"
"2020-07-10 02:00","58.28","0"
"2020-07-13 02:00","58.32","0"
"2020-07-14 02:00","58.11","0"
"2020-07-15 02:00","59.06","0"
"2020-07-16 02:00","59.06","0"
"2020-07-17 02:00","59.81","0"
"2020-07-20 02:00","59.14","0"
"2020-07-21 02:00","59.11","0"
"2020-07-22 02:00","58.15","0"
"2020-07-23 02:00","58.71","0"
"2020-07-24 02:00","58.51","0"
"2020-07-27 02:00","59.22","0"
"2020-07-28 02:00","59.92","0"
"2020-07-29 02:00","61.13","0"
"2020-07-30 02:00","59.86","0"
"2020-07-31 02:00","59.82","0"
"2020-08-03 02:00","59.84","0"
"2020-08-04 02:00","60.22","0"
"2020-08-05 02:00","60.93","0"
"2020-08-06 02:00","60.72","0"
"2020-08-07 02:00","60.01","0"
"2020-08-10 02:00","60.51","0"
"2020-08-11 02:00","61.36","0"
"2020-08-12 02:00","61.56","0"
"2020-08-13 02:00","61.51","0"
"2020-08-14 02:00","61.08","0"
"2020-08-17 02:00","61.56","0"
"2020-08-18 02:00","61.45","0"
"2020-08-19 02:00","61.31","0"
"2020-08-20 02:00","61.53","0"
"2020-08-21 02:00","61.66","0"
"2020-08-24 02:00","61.49","0"
"2020-08-25 02:00","63.27","0"
"2020-08-26 02:00","62.64","0"
"2020-08-27 02:00","60.97","0"
"2020-08-28 02:00","60.84","0"
"2020-08-31 02:00","61.08","0"
"2020-09-01 02:00","61.14","0"
"2020-09-02 02:00","59.81","0"
"2020-09-03 02:00","59.05","0"
"2020-09-04 02:00","58.7","0"
"2020-09-07 02:00","59.17","0"
"2020-09-08 02:00","58.15","0"
"2020-09-09 02:00","59.11","0"
"2020-09-10 02:00","59.55","0"
"2020-09-11 02:00","61.39","0"
"2020-09-14 02:00","61.47","0"
"2020-09-15 02:00","61.6","0"
"2020-09-16 02:00","60.7","0"
"2020-09-17 02:00","62","0"
"2020-09-18 02:00","61.1","0"
"2020-09-21 02:00","59.67","0"
"2020-09-22 02:00","59.45","0"
"2020-09-23 02:00","59.5","0"
"2020-09-24 02:00","59.35","0"
"2020-09-25 02:00","60.21","0"
"2020-09-28 02:00","59.95","0"
"2020-09-29 02:00","60.16","0"
"2020-09-30 02:00","60.91","0"
"2020-10-01 02:00","60.47","0"
"2020-10-02 02:00","60.8","0"
"2020-10-05 02:00","62.18","0"
"2020-10-06 02:00","61.98","0"
"2020-10-07 02:00","61.55","0"
"2020-10-08 02:00","63.33","0"
"2020-10-09 02:00","63.96","0"
"2020-10-12 02:00","64.72","0"
"2020-10-13 02:00","64.5","0"
"2020-10-14 02:00","66.37","0"
"2020-10-15 02:00","65.24","0"
"2020-10-16 02:00","65.21","0"
"2020-10-19 02:00","64.97","0"
"2020-10-20 02:00","64.43","0"
"2020-10-21 02:00","64.04","0"
"2020-10-22 02:00","64.83","0"
"2020-10-23 02:00","65.33","0"
"2020-10-26 01:00","63.08","0"
"2020-10-27 01:00","62.96","0"
"2020-10-28 01:00","60.18","0"
"2020-10-29 01:00","61.47","0"
"2020-10-30 01:00","61.64","0"
"2020-11-02 01:00","62.34","0"
"2020-11-03 01:00","63.13","0"
"2020-11-04 01:00","63.41","0"
"2020-11-05 01:00","62.73","0"
"2020-11-06 01:00","62.87","0"
"2020-11-09 01:00","65.37","0"
"2020-11-10 01:00","66.16","0"
"2020-11-11 01:00","67.09","0"
"2020-11-12 01:00","66.51","0"
"2020-11-13 01:00","66.94","0"
"2020-11-16 01:00","68.64","0"
"2020-11-17 01:00","68.72","0"
"2020-11-18 01:00","69.33","0"
"2020-11-19 01:00","69.62","0"
"2020-11-20 01:00","70.39","0"
"2020-11-23 01:00","72.21","0"
"2020-11-24 01:00","73.33","0"
"2020-11-25 01:00","72.45","0"
"2020-11-26 01:00","72.54","0"
"2020-11-27 01:00","73.17","0"
"2020-11-30 01:00","71.6","0"
"2020-12-01 01:00","71.4","0"
"2020-12-02 01:00","70.46","0"
"2020-12-03 01:00","71.07","0"
"2020-12-04 01:00","72.75","0"
"2020-12-07 01:00","72.82","0"
"2020-12-08 01:00","72.76","0"
"2020-12-09 01:00","73.29","0"
"2020-12-10 01:00","74.28","0"
"2020-12-11 01:00","74.7","0"
"2020-12-14 01:00","76.05","0"
"2020-12-15 01:00","74.82","0"
"2020-12-16 01:00","75.3","0"
"2020-12-17 01:00","75.94","0"
"2020-12-18 01:00","76.94","0"
"2020-12-21 01:00","73.61","0"
"2020-12-22 01:00","74.66","0"
"2020-12-23 01:00","74.99","0"
"2020-12-24 01:00","74.99","0"
"2020-12-28 01:00","75.02","0"
"2020-12-29 01:00","74.61","0"
"2020-12-30 01:00","75.56","0"
"2020-12-31 01:00","75.56","0"
"2021-01-04 01:00","76.72","0"
"2021-01-05 01:00","78.4","0"
"2021-01-06 01:00","77.49","0"
"2021-01-07 01:00","78.79","0"
"2021-01-08 01:00","81.07","0"
"2021-01-11 01:00","80.32","0"
"2021-01-12 01:00","81.35","0"
"2021-01-13 01:00","80.67","0"
"2021-01-14 01:00","80.03","0"
"2021-01-15 01:00","79.01","0"
"2021-01-18 01:00","78.21","0"
"2021-01-19 01:00","78.73","0"
"2021-01-20 01:00","78.2","0"
