"time","OSEMX MID CAP GR","volume"
"2013-06-03 02:00","100.22","0"
"2013-06-04 02:00","99.84","0"
"2013-06-05 02:00","99.23","0"
"2013-06-06 02:00","98.15","0"
"2013-06-07 02:00","98.41","0"
"2013-06-10 02:00","98.17","0"
"2013-06-11 02:00","96.65","0"
"2013-06-12 02:00","97.6","0"
"2013-06-13 02:00","97.01","0"
"2013-06-14 02:00","97.61","0"
"2013-06-17 02:00","98.54","0"
"2013-06-18 02:00","98.71","0"
"2013-06-19 02:00","98.7","0"
"2013-06-20 02:00","97.17","0"
"2013-06-21 02:00","96.65","0"
"2013-06-24 02:00","94.71","0"
"2013-06-25 02:00","95.5","0"
"2013-06-26 02:00","96.51","0"
"2013-06-27 02:00","97.59","0"
"2013-06-28 02:00","97.65","0"
"2013-07-01 02:00","98.34","0"
"2013-07-02 02:00","98.77","0"
"2013-07-03 02:00","97.54","0"
"2013-07-04 02:00","98.56","0"
"2013-07-05 02:00","98.67","0"
"2013-07-08 02:00","98.95","0"
"2013-07-09 02:00","98.31","0"
"2013-07-10 02:00","99.04","0"
"2013-07-11 02:00","100.71","0"
"2013-07-12 02:00","100.84","0"
"2013-07-15 02:00","101.62","0"
"2013-07-16 02:00","102.01","0"
"2013-07-17 02:00","101.8","0"
"2013-07-18 02:00","101.8","0"
"2013-07-19 02:00","102.39","0"
"2013-07-22 02:00","102.26","0"
"2013-07-23 02:00","102.84","0"
"2013-07-24 02:00","103.03","0"
"2013-07-25 02:00","102.7","0"
"2013-07-26 02:00","102.54","0"
"2013-07-29 02:00","102.64","0"
"2013-07-30 02:00","102.9","0"
"2013-07-31 02:00","102.65","0"
"2013-08-01 02:00","103.37","0"
"2013-08-02 02:00","103.09","0"
"2013-08-05 02:00","103.75","0"
"2013-08-06 02:00","103.41","0"
"2013-08-07 02:00","103.45","0"
"2013-08-08 02:00","103.91","0"
"2013-08-09 02:00","104.47","0"
"2013-08-12 02:00","105.02","0"
"2013-08-13 02:00","104.4","0"
"2013-08-14 02:00","104.85","0"
"2013-08-15 02:00","103.53","0"
"2013-08-16 02:00","104.26","0"
"2013-08-19 02:00","105.09","0"
"2013-08-20 02:00","103.96","0"
"2013-08-21 02:00","103.94","0"
"2013-08-22 02:00","104.49","0"
"2013-08-23 02:00","104.59","0"
"2013-08-26 02:00","103.72","0"
"2013-08-27 02:00","102.21","0"
"2013-08-28 02:00","102.39","0"
"2013-08-29 02:00","103.02","0"
"2013-08-30 02:00","102.46","0"
"2013-09-02 02:00","103.65","0"
"2013-09-03 02:00","103.33","0"
"2013-09-04 02:00","103.17","0"
"2013-09-05 02:00","103.93","0"
"2013-09-06 02:00","104.13","0"
"2013-09-09 02:00","104.29","0"
"2013-09-10 02:00","105.54","0"
"2013-09-11 02:00","106.02","0"
"2013-09-12 02:00","106.05","0"
"2013-09-13 02:00","105.96","0"
"2013-09-16 02:00","106.16","0"
"2013-09-17 02:00","105.82","0"
"2013-09-18 02:00","106.02","0"
"2013-09-19 02:00","106.05","0"
"2013-09-20 02:00","106.41","0"
"2013-09-23 02:00","106.04","0"
"2013-09-24 02:00","105.39","0"
"2013-09-25 02:00","105.18","0"
"2013-09-26 02:00","104.98","0"
"2013-09-27 02:00","105.17","0"
"2013-09-30 02:00","103.55","0"
"2013-10-01 02:00","104.38","0"
"2013-10-02 02:00","104.51","0"
"2013-10-03 02:00","105.25","0"
"2013-10-04 02:00","105.49","0"
"2013-10-07 02:00","104.68","0"
"2013-10-08 02:00","103.45","0"
"2013-10-09 02:00","103.08","0"
"2013-10-10 02:00","104.63","0"
"2013-10-11 02:00","104.94","0"
"2013-10-14 02:00","105.12","0"
"2013-10-15 02:00","105.97","0"
"2013-10-16 02:00","105.85","0"
"2013-10-17 02:00","106.12","0"
"2013-10-18 02:00","106.9","0"
"2013-10-21 02:00","107.55","0"
"2013-10-22 02:00","107.83","0"
"2013-10-23 02:00","107.49","0"
"2013-10-24 02:00","107.61","0"
"2013-10-25 02:00","107.74","0"
"2013-10-28 01:00","107.03","0"
"2013-10-29 01:00","108.22","0"
"2013-10-30 01:00","108.31","0"
"2013-10-31 01:00","108.64","0"
"2013-11-01 01:00","109.7","0"
"2013-11-04 01:00","109.33","0"
"2013-11-05 01:00","108.76","0"
"2013-11-06 01:00","110.27","0"
"2013-11-07 01:00","110.28","0"
"2013-11-08 01:00","109.98","0"
"2013-11-11 01:00","110.69","0"
"2013-11-12 01:00","109.77","0"
"2013-11-13 01:00","109.33","0"
"2013-11-14 01:00","110.19","0"
"2013-11-15 01:00","110.57","0"
"2013-11-18 01:00","110.86","0"
"2013-11-19 01:00","110.24","0"
"2013-11-20 01:00","109.5","0"
"2013-11-21 01:00","108.77","0"
"2013-11-22 01:00","109.64","0"
"2013-11-25 01:00","109.88","0"
"2013-11-26 01:00","111.95","0"
"2013-11-27 01:00","112.88","0"
"2013-11-28 01:00","113.29","0"
"2013-11-29 01:00","113.83","0"
"2013-12-02 01:00","114.09","0"
"2013-12-03 01:00","113.91","0"
"2013-12-04 01:00","113.15","0"
"2013-12-05 01:00","112.77","0"
"2013-12-06 01:00","112.84","0"
"2013-12-09 01:00","111.76","0"
"2013-12-10 01:00","111.45","0"
"2013-12-11 01:00","111.12","0"
"2013-12-12 01:00","109.83","0"
"2013-12-13 01:00","110.41","0"
"2013-12-16 01:00","110.12","0"
"2013-12-17 01:00","109.95","0"
"2013-12-18 01:00","110.2","0"
"2013-12-19 01:00","110.78","0"
"2013-12-20 01:00","111.7","0"
"2013-12-23 01:00","113.16","0"
"2013-12-27 01:00","114.46","0"
"2013-12-30 01:00","114.64","0"
"2014-01-02 01:00","114.11","0"
"2014-01-03 01:00","115.03","0"
"2014-01-06 01:00","114.93","0"
"2014-01-07 01:00","114.93","0"
"2014-01-08 01:00","115.78","0"
"2014-01-09 01:00","115.66","0"
"2014-01-10 01:00","115.94","0"
"2014-01-13 01:00","116.65","0"
"2014-01-14 01:00","117.03","0"
"2014-01-15 01:00","118.38","0"
"2014-01-16 01:00","118.21","0"
"2014-01-17 01:00","117.85","0"
"2014-01-20 01:00","117.74","0"
"2014-01-21 01:00","117.76","0"
"2014-01-22 01:00","118.23","0"
"2014-01-23 01:00","117.1","0"
"2014-01-24 01:00","115.26","0"
"2014-01-27 01:00","113.69","0"
"2014-01-28 01:00","114.58","0"
"2014-01-29 01:00","114.01","0"
"2014-01-30 01:00","115.02","0"
"2014-01-31 01:00","114.5","0"
"2014-02-03 01:00","114.81","0"
"2014-02-04 01:00","114.51","0"
"2014-02-05 01:00","115.07","0"
"2014-02-06 01:00","115.74","0"
"2014-02-07 01:00","117.03","0"
"2014-02-10 01:00","117.84","0"
"2014-02-11 01:00","117.7","0"
"2014-02-12 01:00","118.4","0"
"2014-02-13 01:00","117.83","0"
"2014-02-14 01:00","118.44","0"
"2014-02-17 01:00","118.62","0"
"2014-02-18 01:00","118.48","0"
"2014-02-19 01:00","118.93","0"
"2014-02-20 01:00","118.71","0"
"2014-02-21 01:00","119.61","0"
"2014-02-24 01:00","119.65","0"
"2014-02-25 01:00","118.88","0"
"2014-02-26 01:00","119.8","0"
"2014-02-27 01:00","120.32","0"
"2014-02-28 01:00","120.73","0"
"2014-03-03 01:00","118.5","0"
"2014-03-04 01:00","120.52","0"
"2014-03-05 01:00","121.51","0"
"2014-03-06 01:00","121.91","0"
"2014-03-07 01:00","121.87","0"
"2014-03-10 01:00","121.41","0"
"2014-03-11 01:00","121.59","0"
"2014-03-12 01:00","119.89","0"
"2014-03-13 01:00","118.85","0"
"2014-03-14 01:00","117.91","0"
"2014-03-17 01:00","119.52","0"
"2014-03-18 01:00","119.78","0"
"2014-03-19 01:00","119.61","0"
"2014-03-20 01:00","119.43","0"
"2014-03-21 01:00","119.25","0"
"2014-03-24 01:00","118.89","0"
"2014-03-25 01:00","119.76","0"
"2014-03-26 01:00","120.68","0"
"2014-03-27 01:00","120.77","0"
"2014-03-28 01:00","121.35","0"
"2014-03-31 02:00","121.37","0"
"2014-04-01 02:00","122.2","0"
"2014-04-02 02:00","121.66","0"
"2014-04-03 02:00","121.14","0"
"2014-04-04 02:00","121.57","0"
"2014-04-07 02:00","120.06","0"
"2014-04-08 02:00","118.73","0"
"2014-04-09 02:00","119.29","0"
"2014-04-10 02:00","119.2","0"
"2014-04-11 02:00","116.91","0"
"2014-04-14 02:00","116.08","0"
"2014-04-15 02:00","115.65","0"
"2014-04-16 02:00","115.73","0"
"2014-04-22 02:00","119.42","0"
"2014-04-23 02:00","119.32","0"
"2014-04-24 02:00","119.89","0"
"2014-04-25 02:00","120.49","0"
"2014-04-28 02:00","120.32","0"
"2014-04-29 02:00","121.4","0"
"2014-04-30 02:00","121.53","0"
"2014-05-02 02:00","122.18","0"
"2014-05-05 02:00","121.45","0"
"2014-05-06 02:00","121.92","0"
"2014-05-07 02:00","122","0"
"2014-05-08 02:00","122.43","0"
"2014-05-09 02:00","121.7","0"
"2014-05-12 02:00","123.44","0"
"2014-05-13 02:00","123.79","0"
"2014-05-14 02:00","124.36","0"
"2014-05-15 02:00","123.31","0"
"2014-05-16 02:00","122.59","0"
"2014-05-19 02:00","122.2","0"
"2014-05-20 02:00","122.61","0"
"2014-05-21 02:00","123.14","0"
"2014-05-22 02:00","123.67","0"
"2014-05-23 02:00","124.57","0"
"2014-05-26 02:00","124.63","0"
"2014-05-27 02:00","125.69","0"
"2014-05-28 02:00","126.1","0"
"2014-05-30 02:00","126.5","0"
"2014-06-02 02:00","127.4","0"
"2014-06-03 02:00","126.98","0"
"2014-06-04 02:00","126.83","0"
"2014-06-05 02:00","127.88","0"
"2014-06-06 02:00","128.61","0"
"2014-06-10 02:00","129.13","0"
"2014-06-11 02:00","128.65","0"
"2014-06-12 02:00","128.72","0"
"2014-06-13 02:00","127.85","0"
"2014-06-16 02:00","126.8","0"
"2014-06-17 02:00","126.54","0"
"2014-06-18 02:00","127.67","0"
"2014-06-19 02:00","128.45","0"
"2014-06-20 02:00","128.86","0"
"2014-06-23 02:00","129.57","0"
"2014-06-24 02:00","128.73","0"
"2014-06-25 02:00","127.87","0"
"2014-06-26 02:00","128.32","0"
"2014-06-27 02:00","128.04","0"
"2014-06-30 02:00","128.17","0"
"2014-07-01 02:00","128.28","0"
"2014-07-02 02:00","128.57","0"
"2014-07-03 02:00","130.27","0"
"2014-07-04 02:00","130.24","0"
"2014-07-07 02:00","130.37","0"
"2014-07-08 02:00","129.07","0"
"2014-07-09 02:00","128.67","0"
"2014-07-10 02:00","126.6","0"
"2014-07-11 02:00","127.1","0"
"2014-07-14 02:00","128.04","0"
"2014-07-15 02:00","128.36","0"
"2014-07-16 02:00","129.24","0"
"2014-07-17 02:00","128.89","0"
"2014-07-18 02:00","128.05","0"
"2014-07-21 02:00","128.58","0"
"2014-07-22 02:00","128.99","0"
"2014-07-23 02:00","129.11","0"
"2014-07-24 02:00","128.49","0"
"2014-07-25 02:00","128.07","0"
"2014-07-28 02:00","127.92","0"
"2014-07-29 02:00","128.03","0"
"2014-07-30 02:00","127.47","0"
"2014-07-31 02:00","126.68","0"
"2014-08-01 02:00","124.76","0"
"2014-08-04 02:00","124.91","0"
"2014-08-05 02:00","125.26","0"
"2014-08-06 02:00","124.09","0"
"2014-08-07 02:00","122.08","0"
"2014-08-08 02:00","121.21","0"
"2014-08-11 02:00","124.11","0"
"2014-08-12 02:00","123.49","0"
"2014-08-13 02:00","123.71","0"
"2014-08-14 02:00","124.19","0"
"2014-08-15 02:00","125.02","0"
"2014-08-18 02:00","125.52","0"
"2014-08-19 02:00","125.69","0"
"2014-08-20 02:00","126.1","0"
"2014-08-21 02:00","126.37","0"
"2014-08-22 02:00","125.81","0"
"2014-08-25 02:00","126.98","0"
"2014-08-26 02:00","127.94","0"
"2014-08-27 02:00","127.57","0"
"2014-08-28 02:00","127.29","0"
"2014-08-29 02:00","126.68","0"
"2014-09-01 02:00","126.16","0"
"2014-09-02 02:00","125.57","0"
"2014-09-03 02:00","125.59","0"
"2014-09-04 02:00","126.34","0"
"2014-09-05 02:00","125.55","0"
"2014-09-08 02:00","125.97","0"
"2014-09-09 02:00","125.81","0"
"2014-09-10 02:00","125.87","0"
"2014-09-11 02:00","125.09","0"
"2014-09-12 02:00","125.2","0"
"2014-09-15 02:00","124.62","0"
"2014-09-16 02:00","123.86","0"
"2014-09-17 02:00","124.67","0"
"2014-09-18 02:00","125.22","0"
"2014-09-19 02:00","125.62","0"
"2014-09-22 02:00","125.36","0"
"2014-09-23 02:00","123.99","0"
"2014-09-24 02:00","123.82","0"
"2014-09-25 02:00","123.04","0"
"2014-09-26 02:00","123.18","0"
"2014-09-29 02:00","123.39","0"
"2014-09-30 02:00","123.32","0"
"2014-10-01 02:00","122.24","0"
"2014-10-02 02:00","118.57","0"
"2014-10-03 02:00","119.23","0"
"2014-10-06 02:00","118.52","0"
"2014-10-07 02:00","115.31","0"
"2014-10-08 02:00","115.6","0"
"2014-10-09 02:00","113.93","0"
"2014-10-10 02:00","111.66","0"
"2014-10-13 02:00","110.97","0"
"2014-10-14 02:00","112.12","0"
"2014-10-15 02:00","109.76","0"
"2014-10-16 02:00","107.57","0"
"2014-10-17 02:00","112.04","0"
"2014-10-20 02:00","112.77","0"
"2014-10-21 02:00","115.48","0"
"2014-10-22 02:00","117.5","0"
"2014-10-23 02:00","117.57","0"
"2014-10-24 02:00","117.79","0"
"2014-10-27 01:00","117.29","0"
"2014-10-28 01:00","117.53","0"
"2014-10-29 01:00","118.34","0"
"2014-10-30 01:00","117.73","0"
"2014-10-31 01:00","118.67","0"
"2014-11-03 01:00","118.86","0"
"2014-11-04 01:00","118.05","0"
"2014-11-05 01:00","118.04","0"
"2014-11-06 01:00","119.01","0"
"2014-11-07 01:00","118.71","0"
"2014-11-10 01:00","120.44","0"
"2014-11-11 01:00","120.12","0"
"2014-11-12 01:00","119.21","0"
"2014-11-13 01:00","118.52","0"
"2014-11-14 01:00","118.73","0"
"2014-11-17 01:00","118.53","0"
"2014-11-18 01:00","118.92","0"
"2014-11-19 01:00","119.13","0"
"2014-11-20 01:00","117.9","0"
"2014-11-21 01:00","118.96","0"
"2014-11-24 01:00","119.44","0"
"2014-11-25 01:00","119.7","0"
"2014-11-26 01:00","118.5","0"
"2014-11-27 01:00","116.06","0"
"2014-11-28 01:00","114.28","0"
"2014-12-01 01:00","112.93","0"
"2014-12-02 01:00","112.9","0"
"2014-12-03 01:00","113.57","0"
"2014-12-04 01:00","113.02","0"
"2014-12-05 01:00","112.61","0"
"2014-12-08 01:00","111.47","0"
"2014-12-09 01:00","109.93","0"
"2014-12-10 01:00","110.16","0"
"2014-12-11 01:00","109.94","0"
"2014-12-12 01:00","108.91","0"
"2014-12-15 01:00","110.17","0"
"2014-12-16 01:00","108.46","0"
"2014-12-17 01:00","110.59","0"
"2014-12-18 01:00","114.3","0"
"2014-12-19 01:00","114.89","0"
"2014-12-22 01:00","116.97","0"
"2014-12-23 01:00","117.84","0"
"2014-12-29 01:00","117.77","0"
"2014-12-30 01:00","117.91","0"
"2015-01-02 01:00","119.35","0"
"2015-01-05 01:00","116.79","0"
"2015-01-06 01:00","117.67","0"
"2015-01-07 01:00","117.53","0"
"2015-01-08 01:00","117.93","0"
"2015-01-09 01:00","117.29","0"
"2015-01-12 01:00","116.36","0"
"2015-01-13 01:00","116.76","0"
"2015-01-14 01:00","116","0"
"2015-01-15 01:00","115.19","0"
"2015-01-16 01:00","114.66","0"
"2015-01-19 01:00","116.49","0"
"2015-01-20 01:00","116.65","0"
"2015-01-21 01:00","116.7","0"
"2015-01-22 01:00","117.32","0"
"2015-01-23 01:00","118.1","0"
"2015-01-26 01:00","118.13","0"
"2015-01-27 01:00","117","0"
"2015-01-28 01:00","117.51","0"
"2015-01-29 01:00","117.03","0"
"2015-01-30 01:00","117.02","0"
"2015-02-02 01:00","118.41","0"
"2015-02-03 01:00","119.86","0"
"2015-02-04 01:00","118.74","0"
"2015-02-05 01:00","119.98","0"
"2015-02-06 01:00","120.23","0"
"2015-02-09 01:00","119.96","0"
"2015-02-10 01:00","119.95","0"
"2015-02-11 01:00","114.86","0"
"2015-02-12 01:00","116.35","0"
"2015-02-13 01:00","117.81","0"
"2015-02-16 01:00","119.61","0"
"2015-02-17 01:00","119.27","0"
"2015-02-18 01:00","120.45","0"
"2015-02-19 01:00","119.45","0"
"2015-02-20 01:00","120.08","0"
"2015-02-23 01:00","119.21","0"
"2015-02-24 01:00","119.54","0"
"2015-02-25 01:00","119.31","0"
"2015-02-26 01:00","120.13","0"
"2015-02-27 01:00","120.13","0"
"2015-03-02 01:00","118.66","0"
"2015-03-03 01:00","118.91","0"
"2015-03-04 01:00","118.02","0"
"2015-03-05 01:00","118.8","0"
"2015-03-06 01:00","120","0"
"2015-03-09 01:00","119.62","0"
"2015-03-10 01:00","118.05","0"
"2015-03-11 01:00","119.19","0"
"2015-03-12 01:00","119.6","0"
"2015-03-13 01:00","119.9","0"
"2015-03-16 01:00","119.11","0"
"2015-03-17 01:00","118.33","0"
"2015-03-18 01:00","119.66","0"
"2015-03-19 01:00","119.8","0"
"2015-03-20 01:00","120.8","0"
"2015-03-23 01:00","121.39","0"
"2015-03-24 01:00","121.54","0"
"2015-03-25 01:00","120.03","0"
"2015-03-26 01:00","118.84","0"
"2015-03-27 01:00","119.62","0"
"2015-03-30 02:00","120.31","0"
"2015-03-31 02:00","120.84","0"
"2015-04-01 02:00","121.17","0"
"2015-04-07 02:00","123.56","0"
"2015-04-08 02:00","124.42","0"
"2015-04-09 02:00","124.99","0"
"2015-04-10 02:00","127.41","0"
"2015-04-13 02:00","127.41","0"
"2015-04-14 02:00","128.2","0"
"2015-04-15 02:00","129.6","0"
"2015-04-16 02:00","129.63","0"
"2015-04-17 02:00","128.49","0"
"2015-04-20 02:00","128.74","0"
"2015-04-21 02:00","128.84","0"
"2015-04-22 02:00","128.35","0"
"2015-04-23 02:00","128.34","0"
"2015-04-24 02:00","129.94","0"
"2015-04-27 02:00","130.76","0"
"2015-04-28 02:00","128.67","0"
"2015-04-29 02:00","127.57","0"
"2015-04-30 02:00","129.83","0"
"2015-05-04 02:00","130.73","0"
"2015-05-05 02:00","132.12","0"
"2015-05-06 02:00","131","0"
"2015-05-07 02:00","129.71","0"
"2015-05-08 02:00","130.6","0"
"2015-05-11 02:00","131.38","0"
"2015-05-12 02:00","130.97","0"
"2015-05-13 02:00","131.99","0"
"2015-05-15 02:00","132.08","0"
"2015-05-18 02:00","132.02","0"
"2015-05-19 02:00","131.02","0"
"2015-05-20 02:00","131.09","0"
"2015-05-21 02:00","131.29","0"
"2015-05-22 02:00","131.04","0"
"2015-05-26 02:00","129.69","0"
"2015-05-27 02:00","129.91","0"
"2015-05-28 02:00","130.78","0"
"2015-05-29 02:00","131.14","0"
"2015-06-01 02:00","130.6","0"
"2015-06-02 02:00","131.21","0"
"2015-06-03 02:00","132.24","0"
"2015-06-04 02:00","131.38","0"
"2015-06-05 02:00","131.44","0"
"2015-06-08 02:00","131.93","0"
"2015-06-09 02:00","129.46","0"
"2015-06-10 02:00","129.44","0"
"2015-06-11 02:00","130.07","0"
"2015-06-12 02:00","128.62","0"
"2015-06-15 02:00","126.29","0"
"2015-06-16 02:00","126.31","0"
"2015-06-17 02:00","126.6","0"
"2015-06-18 02:00","126.12","0"
"2015-06-19 02:00","127.18","0"
"2015-06-22 02:00","128.51","0"
"2015-06-23 02:00","129.21","0"
"2015-06-24 02:00","129.24","0"
"2015-06-25 02:00","128.94","0"
"2015-06-26 02:00","129.02","0"
"2015-06-29 02:00","127.59","0"
"2015-06-30 02:00","128.05","0"
"2015-07-01 02:00","128.53","0"
"2015-07-02 02:00","128.88","0"
"2015-07-03 02:00","128.07","0"
"2015-07-06 02:00","126.64","0"
"2015-07-07 02:00","125.03","0"
"2015-07-08 02:00","124.54","0"
"2015-07-09 02:00","126.63","0"
"2015-07-10 02:00","127.5","0"
"2015-07-13 02:00","128.95","0"
"2015-07-14 02:00","130.38","0"
"2015-07-15 02:00","129.89","0"
"2015-07-16 02:00","131.39","0"
"2015-07-17 02:00","131.43","0"
"2015-07-20 02:00","131.05","0"
"2015-07-21 02:00","131.11","0"
"2015-07-22 02:00","130.32","0"
"2015-07-23 02:00","130.6","0"
"2015-07-24 02:00","130.14","0"
"2015-07-27 02:00","127.28","0"
"2015-07-28 02:00","127.07","0"
"2015-07-29 02:00","127.48","0"
"2015-07-30 02:00","128.14","0"
"2015-07-31 02:00","127.75","0"
"2015-08-03 02:00","127.77","0"
"2015-08-04 02:00","127.49","0"
"2015-08-05 02:00","128.53","0"
"2015-08-06 02:00","127.2","0"
"2015-08-07 02:00","127.1","0"
"2015-08-10 02:00","127.31","0"
"2015-08-11 02:00","126.05","0"
"2015-08-12 02:00","124.29","0"
"2015-08-13 02:00","124.55","0"
"2015-08-14 02:00","123.44","0"
"2015-08-17 02:00","123.64","0"
"2015-08-18 02:00","124.07","0"
"2015-08-19 02:00","122.53","0"
"2015-08-20 02:00","120.12","0"
"2015-08-21 02:00","118.22","0"
"2015-08-24 02:00","111.39","0"
"2015-08-25 02:00","115.16","0"
"2015-08-26 02:00","116.52","0"
"2015-08-27 02:00","118.61","0"
"2015-08-28 02:00","119.95","0"
"2015-08-31 02:00","120.62","0"
"2015-09-01 02:00","118.71","0"
"2015-09-02 02:00","118.5","0"
"2015-09-03 02:00","121.24","0"
"2015-09-04 02:00","119.21","0"
"2015-09-07 02:00","118.32","0"
"2015-09-08 02:00","120.31","0"
"2015-09-09 02:00","122.08","0"
"2015-09-10 02:00","120.4","0"
"2015-09-11 02:00","119.39","0"
"2015-09-14 02:00","118.74","0"
"2015-09-15 02:00","119.46","0"
"2015-09-16 02:00","120.43","0"
"2015-09-17 02:00","121.24","0"
"2015-09-18 02:00","119.9","0"
"2015-09-21 02:00","120.46","0"
"2015-09-22 02:00","119.36","0"
"2015-09-23 02:00","119.38","0"
"2015-09-24 02:00","117.9","0"
"2015-09-25 02:00","119.95","0"
"2015-09-28 02:00","118.55","0"
"2015-09-29 02:00","117.69","0"
"2015-09-30 02:00","119.1","0"
"2015-10-01 02:00","119.64","0"
"2015-10-02 02:00","119.31","0"
"2015-10-05 02:00","121.76","0"
"2015-10-06 02:00","122.78","0"
"2015-10-07 02:00","123.52","0"
"2015-10-08 02:00","123.49","0"
"2015-10-09 02:00","124.09","0"
"2015-10-12 02:00","123.22","0"
"2015-10-13 02:00","123.04","0"
"2015-10-14 02:00","122.78","0"
"2015-10-15 02:00","123.18","0"
"2015-10-16 02:00","122.06","0"
"2015-10-19 02:00","121.38","0"
"2015-10-20 02:00","121.68","0"
"2015-10-21 02:00","121.36","0"
"2015-10-22 02:00","120.21","0"
"2015-10-23 02:00","120.12","0"
"2015-10-26 01:00","120.79","0"
"2015-10-27 01:00","120.18","0"
"2015-10-28 01:00","121.97","0"
"2015-10-29 01:00","121.67","0"
"2015-10-30 01:00","122.56","0"
"2015-11-02 01:00","123.47","0"
"2015-11-03 01:00","123.73","0"
"2015-11-04 01:00","124.62","0"
"2015-11-05 01:00","124.38","0"
"2015-11-06 01:00","124.61","0"
"2015-11-09 01:00","125.2","0"
"2015-11-10 01:00","124.11","0"
"2015-11-11 01:00","124","0"
"2015-11-12 01:00","122.78","0"
"2015-11-13 01:00","122.77","0"
"2015-11-16 01:00","122.89","0"
"2015-11-17 01:00","123.91","0"
"2015-11-18 01:00","124.45","0"
"2015-11-19 01:00","124.99","0"
"2015-11-20 01:00","125.05","0"
"2015-11-23 01:00","124.79","0"
"2015-11-24 01:00","124.5","0"
"2015-11-25 01:00","123.48","0"
"2015-11-26 01:00","123.53","0"
"2015-11-27 01:00","123.91","0"
"2015-11-30 01:00","126.08","0"
"2015-12-01 01:00","127.21","0"
"2015-12-02 01:00","127.11","0"
"2015-12-03 01:00","126.47","0"
"2015-12-04 01:00","126.51","0"
"2015-12-07 01:00","126.02","0"
"2015-12-08 01:00","123.53","0"
"2015-12-09 01:00","124.33","0"
"2015-12-10 01:00","123.23","0"
"2015-12-11 01:00","120.89","0"
"2015-12-14 01:00","117.33","0"
"2015-12-15 01:00","119.6","0"
"2015-12-16 01:00","120.09","0"
"2015-12-17 01:00","119.26","0"
"2015-12-18 01:00","118.47","0"
"2015-12-21 01:00","119.01","0"
"2015-12-22 01:00","119.71","0"
"2015-12-23 01:00","122.27","0"
"2015-12-28 01:00","122.11","0"
"2015-12-29 01:00","123.55","0"
"2015-12-30 01:00","124.13","0"
"2016-01-04 01:00","123.53","0"
"2016-01-05 01:00","121.51","0"
"2016-01-06 01:00","118.8","0"
"2016-01-07 01:00","114.3","0"
"2016-01-08 01:00","114.03","0"
"2016-01-11 01:00","112.29","0"
"2016-01-12 01:00","112.74","0"
"2016-01-13 01:00","113.11","0"
"2016-01-14 01:00","109.25","0"
"2016-01-15 01:00","107.86","0"
"2016-01-18 01:00","106.04","0"
"2016-01-19 01:00","109.46","0"
"2016-01-20 01:00","104.32","0"
"2016-01-21 01:00","106.51","0"
"2016-01-22 01:00","110.59","0"
"2016-01-25 01:00","110.09","0"
"2016-01-26 01:00","110.38","0"
"2016-01-27 01:00","109.2","0"
"2016-01-28 01:00","110.61","0"
"2016-01-29 01:00","112.62","0"
"2016-02-01 01:00","112.22","0"
"2016-02-02 01:00","110.22","0"
"2016-02-03 01:00","109.95","0"
"2016-02-04 01:00","111.45","0"
"2016-02-05 01:00","113.3","0"
"2016-02-08 01:00","107.89","0"
"2016-02-09 01:00","105.78","0"
"2016-02-10 01:00","107.83","0"
"2016-02-11 01:00","106.19","0"
"2016-02-12 01:00","107.48","0"
"2016-02-15 01:00","110.48","0"
"2016-02-16 01:00","109.42","0"
"2016-02-17 01:00","112.87","0"
"2016-02-18 01:00","113.79","0"
"2016-02-19 01:00","112.32","0"
"2016-02-22 01:00","113.62","0"
"2016-02-23 01:00","113.54","0"
"2016-02-24 01:00","111.82","0"
"2016-02-25 01:00","113.03","0"
"2016-02-26 01:00","114.65","0"
"2016-02-29 01:00","116.3","0"
"2016-03-01 01:00","116.56","0"
"2016-03-02 01:00","115.42","0"
"2016-03-03 01:00","116.91","0"
"2016-03-04 01:00","119.87","0"
"2016-03-07 01:00","120.52","0"
"2016-03-08 01:00","120.08","0"
"2016-03-09 01:00","118.73","0"
"2016-03-10 01:00","118.81","0"
"2016-03-11 01:00","119.58","0"
"2016-03-14 01:00","120.06","0"
"2016-03-15 01:00","119.04","0"
"2016-03-16 01:00","119.75","0"
"2016-03-17 01:00","119.44","0"
"2016-03-18 01:00","120.63","0"
"2016-03-21 01:00","120.62","0"
"2016-03-22 01:00","120.63","0"
"2016-03-23 01:00","120.62","0"
"2016-03-29 02:00","117.66","0"
"2016-03-30 02:00","119.92","0"
"2016-03-31 02:00","119.78","0"
"2016-04-01 02:00","119.12","0"
"2016-04-04 02:00","118.14","0"
"2016-04-05 02:00","116.5","0"
"2016-04-06 02:00","118.17","0"
"2016-04-07 02:00","116.94","0"
"2016-04-08 02:00","118.37","0"
"2016-04-11 02:00","118.94","0"
"2016-04-12 02:00","119.44","0"
"2016-04-13 02:00","121.56","0"
"2016-04-14 02:00","122.8","0"
"2016-04-15 02:00","121.67","0"
"2016-04-18 02:00","121.82","0"
"2016-04-19 02:00","123.14","0"
"2016-04-20 02:00","123.18","0"
"2016-04-21 02:00","122.47","0"
"2016-04-22 02:00","122.81","0"
"2016-04-25 02:00","122.41","0"
"2016-04-26 02:00","123.07","0"
"2016-04-27 02:00","125.55","0"
"2016-04-28 02:00","126.2","0"
"2016-04-29 02:00","125.75","0"
"2016-05-02 02:00","124.47","0"
"2016-05-03 02:00","122.78","0"
"2016-05-04 02:00","123.46","0"
"2016-05-06 02:00","123.31","0"
"2016-05-09 02:00","122.75","0"
"2016-05-10 02:00","122.16","0"
"2016-05-11 02:00","123.27","0"
"2016-05-12 02:00","123.69","0"
"2016-05-13 02:00","122.61","0"
"2016-05-18 02:00","123.46","0"
"2016-05-19 02:00","121.34","0"
"2016-05-20 02:00","123.16","0"
"2016-05-23 02:00","123.72","0"
"2016-05-24 02:00","124.5","0"
"2016-05-25 02:00","126.32","0"
"2016-05-26 02:00","125.91","0"
"2016-05-27 02:00","126.08","0"
"2016-05-30 02:00","126.46","0"
"2016-05-31 02:00","126.41","0"
"2016-06-01 02:00","125.84","0"
"2016-06-02 02:00","125.99","0"
"2016-06-03 02:00","126.44","0"
"2016-06-06 02:00","127.02","0"
"2016-06-07 02:00","128.36","0"
"2016-06-08 02:00","129.17","0"
"2016-06-09 02:00","126.99","0"
"2016-06-10 02:00","126.54","0"
"2016-06-13 02:00","124.32","0"
"2016-06-14 02:00","122.4","0"
"2016-06-15 02:00","122.33","0"
"2016-06-16 02:00","118.34","0"
"2016-06-17 02:00","121.35","0"
"2016-06-20 02:00","123.35","0"
"2016-06-21 02:00","123.25","0"
"2016-06-22 02:00","123.41","0"
"2016-06-23 02:00","124.37","0"
"2016-06-24 02:00","121.18","0"
"2016-06-27 02:00","116.7","0"
"2016-06-28 02:00","119.85","0"
"2016-06-29 02:00","121.82","0"
"2016-06-30 02:00","122.41","0"
"2016-07-01 02:00","123","0"
"2016-07-04 02:00","123.14","0"
"2016-07-05 02:00","120.56","0"
"2016-07-06 02:00","119.68","0"
"2016-07-07 02:00","123.56","0"
"2016-07-08 02:00","124.3","0"
"2016-07-11 02:00","126.07","0"
"2016-07-12 02:00","126.37","0"
"2016-07-13 02:00","127.3","0"
"2016-07-14 02:00","127.28","0"
"2016-07-15 02:00","126.82","0"
"2016-07-18 02:00","126.92","0"
"2016-07-19 02:00","126.68","0"
"2016-07-20 02:00","126.26","0"
"2016-07-21 02:00","127.8","0"
"2016-07-22 02:00","126.68","0"
"2016-07-25 02:00","126.35","0"
"2016-07-26 02:00","126.56","0"
"2016-07-27 02:00","128.25","0"
"2016-07-28 02:00","127.67","0"
"2016-07-29 02:00","127.77","0"
"2016-08-01 02:00","127.82","0"
"2016-08-02 02:00","126.34","0"
"2016-08-03 02:00","125.54","0"
"2016-08-04 02:00","127.13","0"
"2016-08-05 02:00","127.84","0"
"2016-08-08 02:00","128.47","0"
"2016-08-09 02:00","130.16","0"
"2016-08-10 02:00","129.39","0"
"2016-08-11 02:00","129.91","0"
"2016-08-12 02:00","130.09","0"
"2016-08-15 02:00","129.35","0"
"2016-08-16 02:00","129.03","0"
"2016-08-17 02:00","126.84","0"
"2016-08-18 02:00","127.17","0"
"2016-08-19 02:00","127.61","0"
"2016-08-22 02:00","127.86","0"
"2016-08-23 02:00","129.06","0"
"2016-08-24 02:00","129.79","0"
"2016-08-25 02:00","128.82","0"
"2016-08-26 02:00","129.39","0"
"2016-08-29 02:00","128.88","0"
"2016-08-30 02:00","129.38","0"
"2016-08-31 02:00","128.66","0"
"2016-09-01 02:00","128.91","0"
"2016-09-02 02:00","129.87","0"
"2016-09-05 02:00","130.75","0"
"2016-09-06 02:00","130.63","0"
"2016-09-07 02:00","131.09","0"
"2016-09-08 02:00","131.17","0"
"2016-09-09 02:00","130.96","0"
"2016-09-12 02:00","128.87","0"
"2016-09-13 02:00","128.06","0"
"2016-09-14 02:00","128.51","0"
"2016-09-15 02:00","127.38","0"
"2016-09-16 02:00","128.6","0"
"2016-09-19 02:00","128.94","0"
"2016-09-20 02:00","129.21","0"
"2016-09-21 02:00","129.47","0"
"2016-09-22 02:00","131.36","0"
"2016-09-23 02:00","131.01","0"
"2016-09-26 02:00","129.73","0"
"2016-09-27 02:00","128.69","0"
"2016-09-28 02:00","129.12","0"
"2016-09-29 02:00","131.42","0"
"2016-09-30 02:00","132.18","0"
"2016-10-03 02:00","132.96","0"
"2016-10-04 02:00","134.3","0"
"2016-10-05 02:00","134.51","0"
"2016-10-06 02:00","135.05","0"
"2016-10-07 02:00","134.99","0"
"2016-10-10 02:00","136.62","0"
"2016-10-11 02:00","136.24","0"
"2016-10-12 02:00","136.69","0"
"2016-10-13 02:00","136.27","0"
"2016-10-14 02:00","137.41","0"
"2016-10-17 02:00","136.96","0"
"2016-10-18 02:00","137.21","0"
"2016-10-19 02:00","137.29","0"
"2016-10-20 02:00","137.43","0"
"2016-10-21 02:00","138.03","0"
"2016-10-24 02:00","137.58","0"
"2016-10-25 02:00","138.55","0"
"2016-10-26 02:00","136.9","0"
"2016-10-27 02:00","138.1","0"
"2016-10-28 02:00","137.42","0"
"2016-10-31 01:00","136.48","0"
"2016-11-01 01:00","136.73","0"
"2016-11-02 01:00","134.24","0"
"2016-11-03 01:00","134.81","0"
"2016-11-04 01:00","133.79","0"
"2016-11-07 01:00","135.04","0"
"2016-11-08 01:00","134.65","0"
"2016-11-09 01:00","134.66","0"
"2016-11-10 01:00","136.18","0"
"2016-11-11 01:00","134.96","0"
"2016-11-14 01:00","134.99","0"
"2016-11-15 01:00","137.29","0"
"2016-11-16 01:00","137.33","0"
"2016-11-17 01:00","137.88","0"
"2016-11-18 01:00","138.3","0"
"2016-11-21 01:00","139.18","0"
"2016-11-22 01:00","140.02","0"
"2016-11-23 01:00","140.17","0"
"2016-11-24 01:00","140.63","0"
"2016-11-25 01:00","139.96","0"
"2016-11-28 01:00","139.29","0"
"2016-11-29 01:00","138.58","0"
"2016-11-30 01:00","140.24","0"
"2016-12-01 01:00","141.09","0"
"2016-12-02 01:00","140.99","0"
"2016-12-05 01:00","143.11","0"
"2016-12-06 01:00","143.21","0"
"2016-12-07 01:00","143.69","0"
"2016-12-08 01:00","143.86","0"
"2016-12-09 01:00","144.9","0"
"2016-12-12 01:00","145.07","0"
"2016-12-13 01:00","144.65","0"
"2016-12-14 01:00","144.34","0"
"2016-12-15 01:00","143.72","0"
"2016-12-16 01:00","144.21","0"
"2016-12-19 01:00","143.99","0"
"2016-12-20 01:00","143.64","0"
"2016-12-21 01:00","143.44","0"
"2016-12-22 01:00","144.04","0"
"2016-12-23 01:00","144.35","0"
"2016-12-27 01:00","145.87","0"
"2016-12-28 01:00","146.3","0"
"2016-12-29 01:00","146.31","0"
"2016-12-30 01:00","146.06","0"
"2017-01-02 01:00","147.45","0"
"2017-01-03 01:00","148.2","0"
"2017-01-04 01:00","146.96","0"
"2017-01-05 01:00","147.54","0"
"2017-01-06 01:00","147.77","0"
"2017-01-09 01:00","147.14","0"
"2017-01-10 01:00","146.82","0"
"2017-01-11 01:00","147.71","0"
"2017-01-12 01:00","147.68","0"
"2017-01-13 01:00","147.93","0"
"2017-01-16 01:00","146.69","0"
"2017-01-17 01:00","146.51","0"
"2017-01-18 01:00","147.15","0"
"2017-01-19 01:00","148.15","0"
"2017-01-20 01:00","149.26","0"
"2017-01-23 01:00","148.65","0"
"2017-01-24 01:00","148.02","0"
"2017-01-25 01:00","149.99","0"
"2017-01-26 01:00","150.74","0"
"2017-01-27 01:00","149.99","0"
"2017-01-30 01:00","148.02","0"
"2017-01-31 01:00","146.06","0"
"2017-02-01 01:00","147.57","0"
"2017-02-02 01:00","145.86","0"
"2017-02-03 01:00","146.49","0"
"2017-02-06 01:00","146.16","0"
"2017-02-07 01:00","147.05","0"
"2017-02-08 01:00","146.15","0"
"2017-02-09 01:00","146.88","0"
"2017-02-10 01:00","147.61","0"
"2017-02-13 01:00","149.43","0"
"2017-02-14 01:00","149.86","0"
"2017-02-15 01:00","149.01","0"
"2017-02-16 01:00","148.44","0"
"2017-02-17 01:00","146.64","0"
"2017-02-20 01:00","147.89","0"
"2017-02-21 01:00","149.44","0"
"2017-02-22 01:00","148.29","0"
"2017-02-23 01:00","148.22","0"
"2017-02-24 01:00","147.19","0"
"2017-02-27 01:00","147.67","0"
"2017-02-28 01:00","147.72","0"
"2017-03-01 01:00","148.86","0"
"2017-03-02 01:00","148.8","0"
"2017-03-03 01:00","147.77","0"
"2017-03-06 01:00","146.55","0"
"2017-03-07 01:00","146.75","0"
"2017-03-08 01:00","146.35","0"
"2017-03-09 01:00","145.42","0"
"2017-03-10 01:00","146.87","0"
"2017-03-13 01:00","147.48","0"
"2017-03-14 01:00","146.95","0"
"2017-03-15 01:00","147.75","0"
"2017-03-16 01:00","148.09","0"
"2017-03-17 01:00","148.71","0"
"2017-03-20 01:00","148.55","0"
"2017-03-21 01:00","147.97","0"
"2017-03-22 01:00","146.22","0"
"2017-03-23 01:00","147.1","0"
"2017-03-24 01:00","147.38","0"
"2017-03-27 02:00","143.79","0"
"2017-03-28 02:00","145.01","0"
"2017-03-29 02:00","144.14","0"
"2017-03-30 02:00","145.2","0"
"2017-03-31 02:00","144.54","0"
"2017-04-03 02:00","145.21","0"
"2017-04-04 02:00","144.71","0"
"2017-04-05 02:00","145.89","0"
"2017-04-06 02:00","145.55","0"
"2017-04-07 02:00","145.83","0"
"2017-04-10 02:00","145.82","0"
"2017-04-11 02:00","145.62","0"
"2017-04-12 02:00","146.27","0"
"2017-04-18 02:00","145.1","0"
"2017-04-19 02:00","144.97","0"
"2017-04-20 02:00","145.1","0"
"2017-04-21 02:00","145.1","0"
"2017-04-24 02:00","146.23","0"
"2017-04-25 02:00","147.75","0"
"2017-04-26 02:00","148.58","0"
"2017-04-27 02:00","148.6","0"
"2017-04-28 02:00","149.4","0"
"2017-05-02 02:00","150.74","0"
"2017-05-03 02:00","149.63","0"
"2017-05-04 02:00","148.29","0"
"2017-05-05 02:00","148.79","0"
"2017-05-08 02:00","149.38","0"
"2017-05-09 02:00","149.88","0"
"2017-05-10 02:00","149.47","0"
"2017-05-11 02:00","148.49","0"
"2017-05-12 02:00","148.13","0"
"2017-05-15 02:00","148.41","0"
"2017-05-16 02:00","149.38","0"
"2017-05-18 02:00","146.51","0"
"2017-05-19 02:00","147.91","0"
"2017-05-22 02:00","147.96","0"
"2017-05-23 02:00","147.79","0"
"2017-05-24 02:00","148.87","0"
"2017-05-26 02:00","147.71","0"
"2017-05-29 02:00","146.79","0"
"2017-05-30 02:00","147.79","0"
"2017-05-31 02:00","147.29","0"
"2017-06-01 02:00","148.16","0"
"2017-06-02 02:00","148.68","0"
"2017-06-06 02:00","147.65","0"
"2017-06-07 02:00","146.79","0"
"2017-06-08 02:00","146.1","0"
"2017-06-09 02:00","146.28","0"
"2017-06-12 02:00","146.11","0"
"2017-06-13 02:00","146.15","0"
"2017-06-14 02:00","146.34","0"
"2017-06-15 02:00","144.73","0"
"2017-06-16 02:00","145.36","0"
"2017-06-19 02:00","146","0"
"2017-06-20 02:00","146.07","0"
"2017-06-21 02:00","145.66","0"
"2017-06-22 02:00","145.27","0"
"2017-06-23 02:00","145.97","0"
"2017-06-26 02:00","145.64","0"
"2017-06-27 02:00","145.57","0"
"2017-06-28 02:00","146.32","0"
"2017-06-29 02:00","145.55","0"
"2017-06-30 02:00","146.35","0"
"2017-07-03 02:00","146.68","0"
"2017-07-04 02:00","147.03","0"
"2017-07-05 02:00","147.05","0"
"2017-07-06 02:00","146.32","0"
"2017-07-07 02:00","145.76","0"
"2017-07-10 02:00","146.88","0"
"2017-07-11 02:00","146.36","0"
"2017-07-12 02:00","148.55","0"
"2017-07-13 02:00","148.38","0"
"2017-07-14 02:00","148.36","0"
"2017-07-17 02:00","149.58","0"
"2017-07-18 02:00","148.38","0"
"2017-07-19 02:00","149.13","0"
"2017-07-20 02:00","150.4","0"
"2017-07-21 02:00","148.69","0"
"2017-07-24 02:00","148.48","0"
"2017-07-25 02:00","149.47","0"
"2017-07-26 02:00","150.09","0"
"2017-07-27 02:00","149.9","0"
"2017-07-28 02:00","150.69","0"
"2017-07-31 02:00","151.29","0"
"2017-08-01 02:00","151.8","0"
"2017-08-02 02:00","151.89","0"
"2017-08-03 02:00","151.77","0"
"2017-08-04 02:00","151.95","0"
"2017-08-07 02:00","152.01","0"
"2017-08-08 02:00","152.43","0"
"2017-08-09 02:00","152.1","0"
"2017-08-10 02:00","151.06","0"
"2017-08-11 02:00","149.09","0"
"2017-08-14 02:00","150.67","0"
"2017-08-15 02:00","151.04","0"
"2017-08-16 02:00","152.61","0"
"2017-08-17 02:00","151.2","0"
"2017-08-18 02:00","151.31","0"
"2017-08-21 02:00","151.62","0"
"2017-08-22 02:00","151.65","0"
"2017-08-23 02:00","151.67","0"
"2017-08-24 02:00","151.56","0"
"2017-08-25 02:00","152.61","0"
"2017-08-28 02:00","152.22","0"
"2017-08-29 02:00","151.22","0"
"2017-08-30 02:00","151.78","0"
"2017-08-31 02:00","153.21","0"
"2017-09-01 02:00","154.26","0"
"2017-09-04 02:00","153.93","0"
"2017-09-05 02:00","154.69","0"
"2017-09-06 02:00","155.01","0"
"2017-09-07 02:00","155.21","0"
"2017-09-08 02:00","154.36","0"
"2017-09-11 02:00","154.78","0"
"2017-09-12 02:00","155.81","0"
"2017-09-13 02:00","156.06","0"
"2017-09-14 02:00","156.85","0"
"2017-09-15 02:00","156.55","0"
"2017-09-18 02:00","156.77","0"
"2017-09-19 02:00","156.74","0"
"2017-09-20 02:00","156.54","0"
"2017-09-21 02:00","156.34","0"
"2017-09-22 02:00","157.32","0"
"2017-09-25 02:00","157.79","0"
"2017-09-26 02:00","156.02","0"
"2017-09-27 02:00","156.76","0"
"2017-09-28 02:00","157.97","0"
"2017-09-29 02:00","157.93","0"
"2017-10-02 02:00","157.1","0"
"2017-10-03 02:00","158.43","0"
"2017-10-04 02:00","158.03","0"
"2017-10-05 02:00","158.18","0"
"2017-10-06 02:00","157.98","0"
"2017-10-09 02:00","158.48","0"
"2017-10-10 02:00","159.35","0"
"2017-10-11 02:00","159.08","0"
"2017-10-12 02:00","158.81","0"
"2017-10-13 02:00","159.38","0"
"2017-10-16 02:00","158.74","0"
"2017-10-17 02:00","158.57","0"
"2017-10-18 02:00","158.16","0"
"2017-10-19 02:00","156.96","0"
"2017-10-20 02:00","157.62","0"
"2017-10-23 02:00","156.38","0"
"2017-10-24 02:00","154.81","0"
"2017-10-25 02:00","155.31","0"
"2017-10-26 02:00","154.96","0"
"2017-10-27 02:00","155.54","0"
"2017-10-30 01:00","155.92","0"
"2017-10-31 01:00","155.59","0"
"2017-11-01 01:00","156.33","0"
"2017-11-02 01:00","155.18","0"
"2017-11-03 01:00","156.33","0"
"2017-11-06 01:00","156.3","0"
"2017-11-07 01:00","156.57","0"
"2017-11-08 01:00","157.1","0"
"2017-11-09 01:00","154.19","0"
"2017-11-10 01:00","153.59","0"
"2017-11-13 01:00","152.14","0"
"2017-11-14 01:00","151.62","0"
"2017-11-15 01:00","149.2","0"
"2017-11-16 01:00","149.93","0"
"2017-11-17 01:00","148.83","0"
"2017-11-20 01:00","150","0"
"2017-11-21 01:00","151.95","0"
"2017-11-22 01:00","151.93","0"
"2017-11-23 01:00","151.52","0"
"2017-11-24 01:00","150.97","0"
"2017-11-27 01:00","150","0"
"2017-11-28 01:00","150.52","0"
"2017-11-29 01:00","149.93","0"
"2017-11-30 01:00","149.76","0"
"2017-12-01 01:00","151.01","0"
"2017-12-04 01:00","151","0"
"2017-12-05 01:00","149.85","0"
"2017-12-06 01:00","148.45","0"
"2017-12-07 01:00","148.98","0"
"2017-12-08 01:00","150.21","0"
"2017-12-11 01:00","151.58","0"
"2017-12-12 01:00","152.54","0"
"2017-12-13 01:00","152.6","0"
"2017-12-14 01:00","152.07","0"
"2017-12-15 01:00","151.71","0"
"2017-12-18 01:00","153.78","0"
"2017-12-19 01:00","154.03","0"
"2017-12-20 01:00","153.98","0"
"2017-12-21 01:00","155.06","0"
"2017-12-22 01:00","154.53","0"
"2017-12-27 01:00","156.52","0"
"2017-12-28 01:00","157.4","0"
"2017-12-29 01:00","157.6","0"
"2018-01-02 01:00","157.67","0"
"2018-01-03 01:00","158.01","0"
"2018-01-04 01:00","158.85","0"
"2018-01-05 01:00","160.74","0"
"2018-01-08 01:00","161.17","0"
"2018-01-09 01:00","161.79","0"
"2018-01-10 01:00","161.64","0"
"2018-01-11 01:00","161.38","0"
"2018-01-12 01:00","162.76","0"
"2018-01-15 01:00","162.08","0"
"2018-01-16 01:00","162.14","0"
"2018-01-17 01:00","160.68","0"
"2018-01-18 01:00","160.52","0"
"2018-01-19 01:00","161.68","0"
"2018-01-22 01:00","161.93","0"
"2018-01-23 01:00","162.61","0"
"2018-01-24 01:00","162.28","0"
"2018-01-25 01:00","161.79","0"
"2018-01-26 01:00","160.5","0"
"2018-01-29 01:00","159.46","0"
"2018-01-30 01:00","157.71","0"
"2018-01-31 01:00","157.59","0"
"2018-02-01 01:00","157.72","0"
"2018-02-02 01:00","157.34","0"
"2018-02-05 01:00","154.51","0"
"2018-02-06 01:00","150.62","0"
"2018-02-07 01:00","152.68","0"
"2018-02-08 01:00","153","0"
"2018-02-09 01:00","151.33","0"
"2018-02-12 01:00","153.28","0"
"2018-02-13 01:00","153.11","0"
"2018-02-14 01:00","152.21","0"
"2018-02-15 01:00","153.64","0"
"2018-02-16 01:00","154.28","0"
"2018-02-19 01:00","154.87","0"
"2018-02-20 01:00","155.67","0"
"2018-02-21 01:00","156.58","0"
"2018-02-22 01:00","156.79","0"
"2018-02-23 01:00","157.86","0"
"2018-02-26 01:00","157.98","0"
"2018-02-27 01:00","158.62","0"
"2018-02-28 01:00","159","0"
"2018-03-01 01:00","157.05","0"
"2018-03-02 01:00","153.96","0"
"2018-03-05 01:00","155.27","0"
"2018-03-06 01:00","157.78","0"
"2018-03-07 01:00","157.41","0"
"2018-03-08 01:00","158.65","0"
"2018-03-09 01:00","159.89","0"
"2018-03-12 01:00","159.58","0"
"2018-03-13 01:00","159.15","0"
"2018-03-14 01:00","158.21","0"
"2018-03-15 01:00","157.52","0"
"2018-03-16 01:00","156.54","0"
"2018-03-19 01:00","155.22","0"
"2018-03-20 01:00","155.8","0"
"2018-03-21 01:00","155.26","0"
"2018-03-22 01:00","153.37","0"
"2018-03-23 01:00","153.44","0"
"2018-03-26 02:00","152.84","0"
"2018-03-27 02:00","153.85","0"
"2018-03-28 02:00","153.05","0"
"2018-04-03 02:00","152.44","0"
"2018-04-04 02:00","150.35","0"
"2018-04-05 02:00","152.89","0"
"2018-04-06 02:00","153.51","0"
"2018-04-09 02:00","153.06","0"
"2018-04-10 02:00","155.37","0"
"2018-04-11 02:00","155.14","0"
"2018-04-12 02:00","157.91","0"
"2018-04-13 02:00","158.91","0"
"2018-04-16 02:00","159.34","0"
"2018-04-17 02:00","161.54","0"
"2018-04-18 02:00","163.55","0"
"2018-04-19 02:00","163.59","0"
"2018-04-20 02:00","162.94","0"
"2018-04-23 02:00","163.33","0"
"2018-04-24 02:00","163.11","0"
"2018-04-25 02:00","159.91","0"
"2018-04-26 02:00","162.85","0"
"2018-04-27 02:00","162.48","0"
"2018-04-30 02:00","162.92","0"
"2018-05-02 02:00","164.73","0"
"2018-05-03 02:00","164.34","0"
"2018-05-04 02:00","162.51","0"
"2018-05-07 02:00","163.57","0"
"2018-05-08 02:00","163.76","0"
"2018-05-09 02:00","164.55","0"
"2018-05-11 02:00","165.83","0"
"2018-05-14 02:00","166.45","0"
"2018-05-15 02:00","167.36","0"
"2018-05-16 02:00","167.57","0"
"2018-05-18 02:00","168.65","0"
"2018-05-22 02:00","169.05","0"
"2018-05-23 02:00","167.65","0"
"2018-05-24 02:00","166.46","0"
"2018-05-25 02:00","165.47","0"
"2018-05-28 02:00","166.05","0"
"2018-05-29 02:00","166.02","0"
"2018-05-30 02:00","166.31","0"
"2018-05-31 02:00","167.99","0"
"2018-06-01 02:00","168.48","0"
"2018-06-04 02:00","168.26","0"
"2018-06-05 02:00","167.76","0"
"2018-06-06 02:00","168.43","0"
"2018-06-07 02:00","167.99","0"
"2018-06-08 02:00","167.97","0"
"2018-06-11 02:00","168.34","0"
"2018-06-12 02:00","168.69","0"
"2018-06-13 02:00","168.46","0"
"2018-06-14 02:00","168.54","0"
"2018-06-15 02:00","166.77","0"
"2018-06-18 02:00","166.66","0"
"2018-06-19 02:00","165.37","0"
"2018-06-20 02:00","165.04","0"
"2018-06-21 02:00","164.05","0"
"2018-06-22 02:00","165.53","0"
"2018-06-25 02:00","163.71","0"
"2018-06-26 02:00","163.25","0"
"2018-06-27 02:00","164.82","0"
"2018-06-28 02:00","162.96","0"
"2018-06-29 02:00","164.26","0"
"2018-07-02 02:00","163.59","0"
"2018-07-03 02:00","163.53","0"
"2018-07-04 02:00","163.4","0"
"2018-07-05 02:00","163.38","0"
"2018-07-06 02:00","162.07","0"
"2018-07-09 02:00","163.11","0"
"2018-07-10 02:00","164.62","0"
"2018-07-11 02:00","162.98","0"
"2018-07-12 02:00","163.12","0"
"2018-07-13 02:00","160.68","0"
"2018-07-16 02:00","160.68","0"
"2018-07-17 02:00","159.5","0"
"2018-07-18 02:00","160.3","0"
"2018-07-19 02:00","161.57","0"
"2018-07-20 02:00","161.09","0"
"2018-07-23 02:00","160.99","0"
"2018-07-24 02:00","162.24","0"
"2018-07-25 02:00","162.36","0"
"2018-07-26 02:00","162.82","0"
"2018-07-27 02:00","164.26","0"
"2018-07-30 02:00","164.11","0"
"2018-07-31 02:00","164.01","0"
"2018-08-01 02:00","163.72","0"
"2018-08-02 02:00","163.05","0"
"2018-08-03 02:00","162.92","0"
"2018-08-06 02:00","163.01","0"
"2018-08-07 02:00","163.77","0"
"2018-08-08 02:00","164.07","0"
"2018-08-09 02:00","164.65","0"
"2018-08-10 02:00","163.29","0"
"2018-08-13 02:00","162.62","0"
"2018-08-14 02:00","162.57","0"
"2018-08-15 02:00","160.77","0"
"2018-08-16 02:00","161.15","0"
"2018-08-17 02:00","161.33","0"
"2018-08-20 02:00","162.77","0"
"2018-08-21 02:00","163.76","0"
"2018-08-22 02:00","164.48","0"
"2018-08-23 02:00","165.12","0"
"2018-08-24 02:00","164.84","0"
"2018-08-27 02:00","164.83","0"
"2018-08-28 02:00","164.97","0"
"2018-08-29 02:00","164.3","0"
"2018-08-30 02:00","164.28","0"
"2018-08-31 02:00","163.88","0"
"2018-09-03 02:00","163.67","0"
"2018-09-04 02:00","163.41","0"
"2018-09-05 02:00","162.87","0"
"2018-09-06 02:00","162.32","0"
"2018-09-07 02:00","160.73","0"
"2018-09-10 02:00","161.08","0"
"2018-09-11 02:00","161.18","0"
"2018-09-12 02:00","162.18","0"
"2018-09-13 02:00","161.87","0"
"2018-09-14 02:00","162.37","0"
"2018-09-17 02:00","162.96","0"
"2018-09-18 02:00","163.04","0"
"2018-09-19 02:00","163.09","0"
"2018-09-20 02:00","163.94","0"
"2018-09-21 02:00","165.03","0"
"2018-09-24 02:00","165.03","0"
"2018-09-25 02:00","165.97","0"
"2018-09-26 02:00","166.5","0"
"2018-09-27 02:00","166.88","0"
"2018-09-28 02:00","166.57","0"
"2018-10-01 02:00","166.59","0"
"2018-10-02 02:00","167.27","0"
"2018-10-03 02:00","166.82","0"
"2018-10-04 02:00","165.18","0"
"2018-10-05 02:00","164.08","0"
"2018-10-08 02:00","162.39","0"
"2018-10-09 02:00","163.01","0"
"2018-10-10 02:00","161.47","0"
"2018-10-11 02:00","157.12","0"
"2018-10-12 02:00","157.68","0"
"2018-10-15 02:00","156.58","0"
"2018-10-16 02:00","158.81","0"
"2018-10-17 02:00","158.71","0"
"2018-10-18 02:00","156.93","0"
"2018-10-19 02:00","156.96","0"
"2018-10-22 02:00","153.73","0"
"2018-10-23 02:00","148.58","0"
"2018-10-24 02:00","150.38","0"
"2018-10-25 02:00","152.34","0"
"2018-10-26 02:00","151.15","0"
"2018-10-29 01:00","153.13","0"
"2018-10-30 01:00","151.8","0"
"2018-10-31 01:00","155.43","0"
"2018-11-01 01:00","155.79","0"
"2018-11-02 01:00","157.65","0"
"2018-11-05 01:00","157.83","0"
"2018-11-06 01:00","157.07","0"
"2018-11-07 01:00","158.21","0"
"2018-11-08 01:00","157.16","0"
"2018-11-09 01:00","155.69","0"
"2018-11-12 01:00","154.5","0"
"2018-11-13 01:00","152.87","0"
"2018-11-14 01:00","151.8","0"
"2018-11-15 01:00","150.86","0"
"2018-11-16 01:00","152.1","0"
"2018-11-19 01:00","150.92","0"
"2018-11-20 01:00","146.4","0"
"2018-11-21 01:00","147.74","0"
"2018-11-22 01:00","147.61","0"
"2018-11-23 01:00","146.63","0"
"2018-11-26 01:00","149.14","0"
"2018-11-27 01:00","150.49","0"
"2018-11-28 01:00","150.18","0"
"2018-11-29 01:00","152.21","0"
"2018-11-30 01:00","152.44","0"
"2018-12-03 01:00","152.64","0"
"2018-12-04 01:00","151.26","0"
"2018-12-05 01:00","149.77","0"
"2018-12-06 01:00","143.2","0"
"2018-12-07 01:00","146.33","0"
"2018-12-10 01:00","142.06","0"
"2018-12-11 01:00","143.84","0"
"2018-12-12 01:00","145.24","0"
"2018-12-13 01:00","144.66","0"
"2018-12-14 01:00","143.55","0"
"2018-12-17 01:00","140.54","0"
"2018-12-18 01:00","139.57","0"
"2018-12-19 01:00","139.1","0"
"2018-12-20 01:00","135.78","0"
"2018-12-21 01:00","136.81","0"
"2018-12-27 01:00","134.2","0"
"2018-12-28 01:00","137.47","0"
"2019-01-02 01:00","139.1","0"
"2019-01-03 01:00","139.45","0"
"2019-01-04 01:00","142.35","0"
"2019-01-07 01:00","143.34","0"
"2019-01-08 01:00","145.02","0"
"2019-01-09 01:00","145.49","0"
"2019-01-10 01:00","144.47","0"
"2019-01-11 01:00","144.37","0"
"2019-01-14 01:00","142.66","0"
"2019-01-15 01:00","142.55","0"
"2019-01-16 01:00","142.81","0"
"2019-01-17 01:00","142.48","0"
"2019-01-18 01:00","144.1","0"
"2019-01-21 01:00","145.13","0"
"2019-01-22 01:00","143.82","0"
"2019-01-23 01:00","143.29","0"
"2019-01-24 01:00","141.47","0"
"2019-01-25 01:00","141.77","0"
"2019-01-28 01:00","140.64","0"
"2019-01-29 01:00","140.78","0"
"2019-01-30 01:00","141.54","0"
"2019-01-31 01:00","142.77","0"
"2019-02-01 01:00","143.12","0"
"2019-02-04 01:00","143.53","0"
"2019-02-05 01:00","144.24","0"
"2019-02-06 01:00","145.13","0"
"2019-02-07 01:00","144.12","0"
"2019-02-08 01:00","142.82","0"
"2019-02-11 01:00","143.55","0"
"2019-02-12 01:00","145.71","0"
"2019-02-13 01:00","147.36","0"
"2019-02-14 01:00","146.51","0"
"2019-02-15 01:00","148.26","0"
"2019-02-18 01:00","148.41","0"
"2019-02-19 01:00","147.2","0"
"2019-02-20 01:00","147.48","0"
"2019-02-21 01:00","148.07","0"
"2019-02-22 01:00","148.65","0"
"2019-02-25 01:00","149.79","0"
"2019-02-26 01:00","149.94","0"
"2019-02-27 01:00","149.71","0"
"2019-02-28 01:00","148.21","0"
"2019-03-01 01:00","147.68","0"
"2019-03-04 01:00","148.2","0"
"2019-03-05 01:00","148.47","0"
"2019-03-06 01:00","148.77","0"
"2019-03-07 01:00","146.96","0"
"2019-03-08 01:00","146.04","0"
"2019-03-11 01:00","146.32","0"
"2019-03-12 01:00","147.54","0"
"2019-03-13 01:00","148.4","0"
"2019-03-14 01:00","148.78","0"
"2019-03-15 01:00","149.29","0"
"2019-03-18 01:00","149.83","0"
"2019-03-19 01:00","150.57","0"
"2019-03-20 01:00","150.35","0"
"2019-03-21 01:00","150.53","0"
"2019-03-22 01:00","148.46","0"
"2019-03-25 01:00","146.28","0"
"2019-03-26 01:00","147.26","0"
"2019-03-27 01:00","147.52","0"
"2019-03-28 01:00","147.25","0"
"2019-03-29 01:00","147.89","0"
"2019-04-01 02:00","148.43","0"
"2019-04-02 02:00","149.4","0"
"2019-04-03 02:00","150.63","0"
"2019-04-04 02:00","151.44","0"
"2019-04-05 02:00","152.62","0"
"2019-04-08 02:00","153.74","0"
"2019-04-09 02:00","152.67","0"
"2019-04-10 02:00","153.64","0"
"2019-04-11 02:00","154","0"
"2019-04-12 02:00","155.01","0"
"2019-04-15 02:00","155.65","0"
"2019-04-16 02:00","155.92","0"
"2019-04-17 02:00","156.46","0"
"2019-04-23 02:00","156.52","0"
"2019-04-24 02:00","156.38","0"
"2019-04-25 02:00","156.26","0"
"2019-04-26 02:00","154.71","0"
"2019-04-29 02:00","154.58","0"
"2019-04-30 02:00","154.55","0"
"2019-05-02 02:00","153.78","0"
"2019-05-03 02:00","155.59","0"
"2019-05-06 02:00","153.5","0"
"2019-05-07 02:00","152.92","0"
"2019-05-08 02:00","154.04","0"
"2019-05-09 02:00","152.26","0"
"2019-05-10 02:00","153.9","0"
"2019-05-13 02:00","150.88","0"
"2019-05-14 02:00","151.93","0"
"2019-05-15 02:00","152.93","0"
"2019-05-16 02:00","155.03","0"
"2019-05-20 02:00","154.29","0"
"2019-05-21 02:00","155.19","0"
"2019-05-22 02:00","155.57","0"
"2019-05-23 02:00","152.48","0"
"2019-05-24 02:00","153.02","0"
"2019-05-27 02:00","152.3","0"
"2019-05-28 02:00","152.2","0"
"2019-05-29 02:00","149.14","0"
"2019-05-31 02:00","148.2","0"
"2019-06-03 02:00","148.45","0"
"2019-06-04 02:00","147.95","0"
"2019-06-05 02:00","148.09","0"
"2019-06-06 02:00","146.34","0"
"2019-06-07 02:00","146.91","0"
"2019-06-11 02:00","147.44","0"
"2019-06-12 02:00","143.72","0"
"2019-06-13 02:00","143.95","0"
"2019-06-14 02:00","143.17","0"
"2019-06-17 02:00","142.46","0"
"2019-06-18 02:00","144.04","0"
"2019-06-19 02:00","144.36","0"
"2019-06-20 02:00","145.37","0"
"2019-06-21 02:00","145.28","0"
"2019-06-24 02:00","144.72","0"
"2019-06-25 02:00","144.02","0"
"2019-06-26 02:00","144.37","0"
"2019-06-27 02:00","146.13","0"
"2019-06-28 02:00","146.98","0"
"2019-07-01 02:00","149.45","0"
"2019-07-02 02:00","149.25","0"
"2019-07-03 02:00","149.26","0"
"2019-07-04 02:00","150.81","0"
"2019-07-05 02:00","150.6","0"
"2019-07-08 02:00","151.24","0"
"2019-07-09 02:00","150.19","0"
"2019-07-10 02:00","149.95","0"
"2019-07-11 02:00","149.48","0"
"2019-07-12 02:00","150.1","0"
"2019-07-15 02:00","149.88","0"
"2019-07-16 02:00","149.78","0"
"2019-07-17 02:00","148.75","0"
"2019-07-18 02:00","146.96","0"
"2019-07-19 02:00","147.37","0"
"2019-07-22 02:00","148.35","0"
"2019-07-23 02:00","148.83","0"
"2019-07-24 02:00","148.91","0"
"2019-07-25 02:00","148.62","0"
"2019-07-26 02:00","148.72","0"
"2019-07-29 02:00","148.67","0"
"2019-07-30 02:00","146.5","0"
"2019-07-31 02:00","147.14","0"
"2019-08-01 02:00","147.6","0"
"2019-08-02 02:00","145.69","0"
"2019-08-05 02:00","142","0"
"2019-08-06 02:00","142.13","0"
"2019-08-07 02:00","140.57","0"
"2019-08-08 02:00","142.61","0"
"2019-08-09 02:00","142.06","0"
"2019-08-12 02:00","140.53","0"
"2019-08-13 02:00","141.47","0"
"2019-08-14 02:00","136.43","0"
"2019-08-15 02:00","134.08","0"
"2019-08-16 02:00","136.06","0"
"2019-08-19 02:00","140.4","0"
"2019-08-20 02:00","140.84","0"
"2019-08-21 02:00","141.66","0"
"2019-08-22 02:00","141.67","0"
"2019-08-23 02:00","140.14","0"
"2019-08-26 02:00","138.59","0"
"2019-08-27 02:00","139.73","0"
"2019-08-28 02:00","139.51","0"
"2019-08-29 02:00","140.9","0"
"2019-08-30 02:00","142.74","0"
"2019-09-02 02:00","143.02","0"
"2019-09-03 02:00","141.88","0"
"2019-09-04 02:00","142.99","0"
"2019-09-05 02:00","144.42","0"
"2019-09-06 02:00","144.95","0"
"2019-09-09 02:00","146.42","0"
"2019-09-10 02:00","147.16","0"
"2019-09-11 02:00","148.23","0"
"2019-09-12 02:00","147.75","0"
"2019-09-13 02:00","150.05","0"
"2019-09-16 02:00","150.62","0"
"2019-09-17 02:00","149.03","0"
"2019-09-18 02:00","150.23","0"
"2019-09-19 02:00","150.03","0"
"2019-09-20 02:00","150.66","0"
"2019-09-23 02:00","149.45","0"
"2019-09-24 02:00","149.38","0"
"2019-09-25 02:00","147","0"
"2019-09-26 02:00","147.15","0"
"2019-09-27 02:00","147.06","0"
"2019-09-30 02:00","148.77","0"
"2019-10-01 02:00","148.64","0"
"2019-10-02 02:00","145.84","0"
"2019-10-03 02:00","143.2","0"
"2019-10-04 02:00","146.22","0"
"2019-10-07 02:00","147.9","0"
"2019-10-08 02:00","147.63","0"
"2019-10-09 02:00","147.18","0"
"2019-10-10 02:00","148.34","0"
"2019-10-11 02:00","149.62","0"
"2019-10-14 02:00","148.09","0"
"2019-10-15 02:00","147.78","0"
"2019-10-16 02:00","148.84","0"
"2019-10-17 02:00","150.2","0"
"2019-10-18 02:00","150.69","0"
"2019-10-21 02:00","150.92","0"
"2019-10-22 02:00","150.53","0"
"2019-10-23 02:00","150.07","0"
"2019-10-24 02:00","151.94","0"
"2019-10-25 02:00","152.34","0"
"2019-10-28 01:00","152.7","0"
"2019-10-29 01:00","152.37","0"
"2019-10-30 01:00","152.26","0"
"2019-10-31 01:00","151.11","0"
"2019-11-01 01:00","152.42","0"
"2019-11-04 01:00","154.08","0"
"2019-11-05 01:00","153.33","0"
"2019-11-06 01:00","152.64","0"
"2019-11-07 01:00","154.05","0"
"2019-11-08 01:00","154.58","0"
"2019-11-11 01:00","155.01","0"
"2019-11-12 01:00","154.53","0"
"2019-11-13 01:00","153.93","0"
"2019-11-14 01:00","155.37","0"
"2019-11-15 01:00","155.56","0"
"2019-11-18 01:00","155.72","0"
"2019-11-19 01:00","155.05","0"
"2019-11-20 01:00","155.09","0"
"2019-11-21 01:00","155.57","0"
"2019-11-22 01:00","157.41","0"
"2019-11-25 01:00","158.12","0"
"2019-11-26 01:00","157.85","0"
"2019-11-27 01:00","157.86","0"
"2019-11-28 01:00","157.01","0"
"2019-11-29 01:00","157.45","0"
"2019-12-02 01:00","156.82","0"
"2019-12-03 01:00","154.34","0"
"2019-12-04 01:00","156.4","0"
"2019-12-05 01:00","156.12","0"
"2019-12-06 01:00","157.45","0"
"2019-12-09 01:00","157.29","0"
"2019-12-10 01:00","158.23","0"
"2019-12-11 01:00","157.79","0"
"2019-12-12 01:00","158.16","0"
"2019-12-13 01:00","159.98","0"
"2019-12-16 01:00","160.66","0"
"2019-12-17 01:00","161.65","0"
"2019-12-18 01:00","161.69","0"
"2019-12-19 01:00","163.32","0"
"2019-12-20 01:00","164.51","0"
"2019-12-23 01:00","166.32","0"
"2019-12-27 01:00","167.37","0"
"2019-12-30 01:00","167.85","0"
"2020-01-02 01:00","169.73","0"
"2020-01-03 01:00","169.56","0"
"2020-01-06 01:00","166.54","0"
"2020-01-07 01:00","166.79","0"
"2020-01-08 01:00","166.88","0"
"2020-01-09 01:00","167.36","0"
"2020-01-10 01:00","167.94","0"
"2020-01-13 01:00","169.02","0"
"2020-01-14 01:00","168.67","0"
"2020-01-15 01:00","168.41","0"
"2020-01-16 01:00","168.62","0"
"2020-01-17 01:00","169.47","0"
"2020-01-20 01:00","170.04","0"
"2020-01-21 01:00","170.09","0"
"2020-01-22 01:00","170.08","0"
"2020-01-23 01:00","166.62","0"
"2020-01-24 01:00","168.38","0"
"2020-01-27 01:00","163.25","0"
"2020-01-28 01:00","163.23","0"
"2020-01-29 01:00","164.3","0"
"2020-01-30 01:00","161.64","0"
"2020-01-31 01:00","162.35","0"
"2020-02-03 01:00","162.03","0"
"2020-02-04 01:00","163.38","0"
"2020-02-05 01:00","165.54","0"
"2020-02-06 01:00","165.15","0"
"2020-02-07 01:00","162.51","0"
"2020-02-10 01:00","161.83","0"
"2020-02-11 01:00","164.77","0"
"2020-02-12 01:00","165.36","0"
"2020-02-13 01:00","164.43","0"
"2020-02-14 01:00","165.1","0"
"2020-02-17 01:00","165.24","0"
"2020-02-18 01:00","165.41","0"
"2020-02-19 01:00","167.36","0"
"2020-02-20 01:00","168.4","0"
"2020-02-21 01:00","166.65","0"
"2020-02-24 01:00","157.53","0"
"2020-02-25 01:00","155.49","0"
"2020-02-26 01:00","153.33","0"
"2020-02-27 01:00","144.65","0"
"2020-02-28 01:00","144.77","0"
"2020-03-02 01:00","144.95","0"
"2020-03-03 01:00","149.59","0"
"2020-03-04 01:00","147.36","0"
"2020-03-05 01:00","142.71","0"
"2020-03-06 01:00","136.44","0"
"2020-03-09 01:00","125.49","0"
"2020-03-10 01:00","126.96","0"
"2020-03-11 01:00","121.52","0"
"2020-03-12 01:00","109.14","0"
"2020-03-13 01:00","112.82","0"
"2020-03-16 01:00","105.24","0"
"2020-03-17 01:00","103.98","0"
"2020-03-18 01:00","99.86","0"
"2020-03-19 01:00","101.99","0"
"2020-03-20 01:00","105.98","0"
"2020-03-23 01:00","100.78","0"
"2020-03-24 01:00","107.19","0"
"2020-03-25 01:00","109.24","0"
"2020-03-26 01:00","109.58","0"
"2020-03-27 01:00","108.76","0"
"2020-03-30 02:00","111.56","0"
"2020-03-31 02:00","115.18","0"
"2020-04-01 02:00","116.4","0"
"2020-04-02 02:00","115.15","0"
"2020-04-03 02:00","115.37","0"
"2020-04-06 02:00","118.94","0"
"2020-04-07 02:00","123.27","0"
"2020-04-08 02:00","122.13","0"
"2020-04-14 02:00","126.62","0"
"2020-04-15 02:00","123.37","0"
"2020-04-16 02:00","123.17","0"
"2020-04-17 02:00","126.38","0"
"2020-04-20 02:00","125.71","0"
"2020-04-21 02:00","124.26","0"
"2020-04-22 02:00","125.61","0"
"2020-04-23 02:00","128.85","0"
"2020-04-24 02:00","127.06","0"
"2020-04-27 02:00","127.99","0"
"2020-04-28 02:00","129.24","0"
"2020-04-29 02:00","130.52","0"
"2020-04-30 02:00","129.68","0"
"2020-05-04 02:00","127.06","0"
"2020-05-05 02:00","127.8","0"
"2020-05-06 02:00","126.91","0"
"2020-05-07 02:00","128.42","0"
"2020-05-08 02:00","131.04","0"
"2020-05-11 02:00","129.83","0"
"2020-05-12 02:00","130.04","0"
"2020-05-13 02:00","128.95","0"
"2020-05-14 02:00","125.94","0"
"2020-05-15 02:00","128.61","0"
"2020-05-18 02:00","131.25","0"
"2020-05-19 02:00","132.14","0"
"2020-05-20 02:00","133.57","0"
"2020-05-22 02:00","133.74","0"
"2020-05-25 02:00","137.16","0"
"2020-05-26 02:00","139.16","0"
"2020-05-27 02:00","139.71","0"
"2020-05-28 02:00","139.43","0"
"2020-05-29 02:00","139.29","0"
"2020-06-02 02:00","141.31","0"
"2020-06-03 02:00","143.29","0"
"2020-06-04 02:00","143.9","0"
"2020-06-05 02:00","147.21","0"
"2020-06-08 02:00","150.27","0"
"2020-06-09 02:00","148.42","0"
"2020-06-10 02:00","147.61","0"
"2020-06-11 02:00","142.61","0"
"2020-06-12 02:00","143.24","0"
"2020-06-15 02:00","141.38","0"
"2020-06-16 02:00","146.78","0"
"2020-06-17 02:00","145.74","0"
"2020-06-18 02:00","145.79","0"
"2020-06-19 02:00","145.45","0"
"2020-06-22 02:00","144.16","0"
"2020-06-23 02:00","145.43","0"
"2020-06-24 02:00","145.3","0"
"2020-06-25 02:00","143.9","0"
"2020-06-26 02:00","142.85","0"
"2020-06-29 02:00","143.76","0"
"2020-06-30 02:00","143.52","0"
"2020-07-01 02:00","144.17","0"
"2020-07-02 02:00","145.4","0"
"2020-07-03 02:00","145.4","0"
"2020-07-06 02:00","146.65","0"
"2020-07-07 02:00","147.67","0"
"2020-07-08 02:00","147.91","0"
"2020-07-09 02:00","147.64","0"
"2020-07-10 02:00","146.84","0"
"2020-07-13 02:00","149.48","0"
"2020-07-14 02:00","148.32","0"
"2020-07-15 02:00","150.36","0"
"2020-07-16 02:00","151.08","0"
"2020-07-17 02:00","152.25","0"
"2020-07-20 02:00","152.41","0"
"2020-07-21 02:00","152.49","0"
"2020-07-22 02:00","152.45","0"
"2020-07-23 02:00","152.25","0"
"2020-07-24 02:00","150.35","0"
"2020-07-27 02:00","151.23","0"
"2020-07-28 02:00","151.14","0"
"2020-07-29 02:00","151.5","0"
"2020-07-30 02:00","148.35","0"
"2020-07-31 02:00","150","0"
"2020-08-03 02:00","151.68","0"
"2020-08-04 02:00","151.59","0"
"2020-08-05 02:00","152.77","0"
"2020-08-06 02:00","153.64","0"
"2020-08-07 02:00","153.5","0"
"2020-08-10 02:00","153.71","0"
"2020-08-11 02:00","155.89","0"
"2020-08-12 02:00","156.78","0"
"2020-08-13 02:00","158.27","0"
"2020-08-14 02:00","158.22","0"
"2020-08-17 02:00","157.69","0"
"2020-08-18 02:00","156.67","0"
"2020-08-19 02:00","156.18","0"
"2020-08-20 02:00","156.19","0"
"2020-08-21 02:00","156.19","0"
"2020-08-24 02:00","157.33","0"
"2020-08-25 02:00","156.94","0"
"2020-08-26 02:00","156.93","0"
"2020-08-27 02:00","155.84","0"
"2020-08-28 02:00","156.09","0"
"2020-08-31 02:00","156","0"
"2020-09-01 02:00","155.64","0"
"2020-09-02 02:00","155.58","0"
"2020-09-03 02:00","154.6","0"
"2020-09-04 02:00","154.83","0"
"2020-09-07 02:00","156.84","0"
"2020-09-08 02:00","154.57","0"
"2020-09-09 02:00","155.98","0"
"2020-09-10 02:00","156.19","0"
"2020-09-11 02:00","156.9","0"
"2020-09-14 02:00","157.61","0"
"2020-09-15 02:00","157.96","0"
"2020-09-16 02:00","158.93","0"
"2020-09-17 02:00","160.22","0"
"2020-09-18 02:00","160.43","0"
"2020-09-21 02:00","156.33","0"
"2020-09-22 02:00","156.81","0"
"2020-09-23 02:00","156.93","0"
"2020-09-24 02:00","155.63","0"
"2020-09-25 02:00","154.9","0"
"2020-09-28 02:00","156.87","0"
"2020-09-29 02:00","156.53","0"
"2020-09-30 02:00","158.23","0"
"2020-10-01 02:00","157.73","0"
"2020-10-02 02:00","157.34","0"
"2020-10-05 02:00","159.93","0"
"2020-10-06 02:00","160.58","0"
"2020-10-07 02:00","159.82","0"
"2020-10-08 02:00","161.85","0"
"2020-10-09 02:00","161.78","0"
"2020-10-12 02:00","163.18","0"
"2020-10-13 02:00","161.98","0"
"2020-10-14 02:00","162.66","0"
"2020-10-15 02:00","160.06","0"
"2020-10-16 02:00","161.43","0"
"2020-10-19 02:00","161.64","0"
"2020-10-20 02:00","160.92","0"
"2020-10-21 02:00","157.46","0"
"2020-10-22 02:00","156.28","0"
"2020-10-23 02:00","157.94","0"
"2020-10-26 01:00","152.34","0"
"2020-10-27 01:00","152.21","0"
"2020-10-28 01:00","146.11","0"
"2020-10-29 01:00","148.31","0"
"2020-10-30 01:00","150.64","0"
"2020-11-02 01:00","152.48","0"
"2020-11-03 01:00","154.23","0"
"2020-11-04 01:00","156.36","0"
"2020-11-05 01:00","157.93","0"
"2020-11-06 01:00","158.44","0"
"2020-11-09 01:00","163.52","0"
"2020-11-10 01:00","162.56","0"
"2020-11-11 01:00","163.43","0"
"2020-11-12 01:00","164.76","0"
"2020-11-13 01:00","165.34","0"
"2020-11-16 01:00","167.75","0"
"2020-11-17 01:00","167.12","0"
"2020-11-18 01:00","169.19","0"
"2020-11-19 01:00","168.39","0"
"2020-11-20 01:00","169.88","0"
"2020-11-23 01:00","171.21","0"
"2020-11-24 01:00","171.88","0"
"2020-11-25 01:00","171.99","0"
"2020-11-26 01:00","171.98","0"
"2020-11-27 01:00","174.07","0"
"2020-11-30 01:00","172.98","0"
"2020-12-01 01:00","174.32","0"
"2020-12-02 01:00","173.01","0"
"2020-12-03 01:00","173.61","0"
"2020-12-04 01:00","175.33","0"
"2020-12-07 01:00","175.31","0"
"2020-12-08 01:00","175.37","0"
"2020-12-09 01:00","175.76","0"
"2020-12-10 01:00","176.39","0"
"2020-12-11 01:00","176.45","0"
"2020-12-14 01:00","176.84","0"
"2020-12-15 01:00","176.55","0"
"2020-12-16 01:00","176.6","0"
"2020-12-17 01:00","177.75","0"
"2020-12-18 01:00","179.31","0"
"2020-12-21 01:00","174.96","0"
"2020-12-22 01:00","177.84","0"
"2020-12-23 01:00","179.73","0"
"2020-12-24 01:00","179.73","0"
"2020-12-28 01:00","182.32","0"
"2020-12-29 01:00","183.86","0"
"2020-12-30 01:00","184.69","0"
"2020-12-31 01:00","184.69","0"
"2021-01-04 01:00","184.28","0"
"2021-01-05 01:00","183.92","0"
"2021-01-06 01:00","184.43","0"
"2021-01-07 01:00","186.6","0"
"2021-01-08 01:00","188.16","0"
"2021-01-11 01:00","186.01","0"
"2021-01-12 01:00","187.82","0"
"2021-01-13 01:00","187.05","0"
"2021-01-14 01:00","187.38","0"
"2021-01-15 01:00","185.15","0"
"2021-01-18 01:00","187.16","0"
"2021-01-19 01:00","189.91","0"
"2021-01-20 01:00","190.33","0"
