Date,Close,Q_RR
2015-01-01,358,0
2015-01-02,128,0
2015-01-03,56,0
2015-01-04,14,0
2015-01-05,74,0
2015-01-06,235,0
2015-01-07,218,0
2015-01-08,113,0
2015-01-09,73,0
2015-01-10,253,0
2015-01-11,295,0
2015-01-12,145,0
2015-01-13,82,0
2015-01-14,109,0
2015-01-15,195,0
2015-01-16,309,0
2015-01-17,268,0
2015-01-18,16,0
2015-01-19,0,0
2015-01-20,0,0
2015-01-21,0,0
2015-01-22,0,0
2015-01-23,154,0
2015-01-24,66,0
2015-01-25,212,0
2015-01-26,43,0
2015-01-27,478,0
2015-01-28,285,0
2015-01-29,705,0
2015-01-30,96,0
2015-01-31,0,0
2015-02-01,0,0
2015-02-02,1,0
2015-02-03,0,0
2015-02-04,0,0
2015-02-05,12,0
2015-02-06,63,0
2015-02-07,91,0
2015-02-08,120,0
2015-02-09,68,0
2015-02-10,8,0
2015-02-11,29,0
2015-02-12,6,0
2015-02-13,27,0
2015-02-14,0,0
2015-02-15,0,0
2015-02-16,90,0
2015-02-17,353,0
2015-02-18,711,0
2015-02-19,51,0
2015-02-20,166,0
2015-02-21,97,0
2015-02-22,60,0
2015-02-23,118,0
2015-02-24,92,0
2015-02-25,40,0
2015-02-26,232,0
2015-02-27,29,0
2015-02-28,224,0
2015-03-01,192,0
2015-03-02,75,0
2015-03-03,100,0
2015-03-04,46,0
2015-03-05,376,0
2015-03-06,171,0
2015-03-07,356,0
2015-03-08,82,0
2015-03-09,92,0
2015-03-10,22,0
2015-03-11,89,0
2015-03-12,0,0
2015-03-13,0,0
2015-03-14,0,0
2015-03-15,0,0
2015-03-16,0,0
2015-03-17,4,0
2015-03-18,0,0
2015-03-19,292,0
2015-03-20,257,0
2015-03-21,48,0
2015-03-22,665,0
2015-03-23,142,0
2015-03-24,2,0
2015-03-25,0,0
2015-03-26,0,0
2015-03-27,61,0
2015-03-28,58,0
2015-03-29,65,0
2015-03-30,71,0
2015-03-31,130,0
2015-04-01,31,0
2015-04-02,6,0
2015-04-03,0,0
2015-04-04,0,0
2015-04-05,0,0
2015-04-06,56,0
2015-04-07,20,0
2015-04-08,0,0
2015-04-09,0,0
2015-04-10,0,0
2015-04-11,236,0
2015-04-12,100,0
2015-04-13,49,0
2015-04-14,83,0
2015-04-15,138,0
2015-04-16,3,0
2015-04-17,1,0
2015-04-18,0,0
2015-04-19,0,0
2015-04-20,2,0
2015-04-21,3,0
2015-04-22,25,0
2015-04-23,21,0
2015-04-24,241,0
2015-04-25,230,0
2015-04-26,21,0
2015-04-27,8,0
2015-04-28,1,0
2015-04-29,4,0
2015-04-30,17,0
2015-05-01,0,0
2015-05-02,0,0
2015-05-03,0,0
2015-05-04,17,0
2015-05-05,14,0
2015-05-06,81,0
2015-05-07,151,0
2015-05-08,47,0
2015-05-09,2,0
2015-05-10,153,0
2015-05-11,325,0
2015-05-12,107,0
2015-05-13,1,0
2015-05-14,0,0
2015-05-15,1,0
2015-05-16,58,0
2015-05-17,123,0
2015-05-18,1,0
2015-05-19,91,0
2015-05-20,0,0
2015-05-21,437,0
2015-05-22,143,0
2015-05-23,12,0
2015-05-24,133,0
2015-05-25,104,0
2015-05-26,37,0
2015-05-27,108,0
2015-05-28,99,0
2015-05-29,76,0
2015-05-30,67,0
2015-05-31,30,0
2015-06-01,152,0
2015-06-02,214,0
2015-06-03,7,0
2015-06-04,30,0
2015-06-05,61,0
2015-06-06,108,0
2015-06-07,99,0
2015-06-08,1,0
2015-06-09,20,0
2015-06-10,191,0
2015-06-11,0,0
2015-06-12,0,0
2015-06-13,0,0
2015-06-14,41,0
2015-06-15,3,0
2015-06-16,8,0
2015-06-17,130,0
2015-06-18,14,0
2015-06-19,0,0
2015-06-20,0,0
2015-06-21,0,0
2015-06-22,0,0
2015-06-23,0,0
2015-06-24,12,0
2015-06-25,29,0
2015-06-26,0,0
2015-06-27,0,0
2015-06-28,132,0
2015-06-29,16,0
2015-06-30,0,0
2015-07-01,0,0
2015-07-02,44,0
2015-07-03,8,0
2015-07-04,0,0
2015-07-05,178,0
2015-07-06,71,0
2015-07-07,14,0
2015-07-08,1,0
2015-07-09,5,0
2015-07-10,0,0
2015-07-11,47,0
2015-07-12,26,0
2015-07-13,0,0
2015-07-14,0,0
2015-07-15,27,0
2015-07-16,2,0
2015-07-17,125,0
2015-07-18,104,0
2015-07-19,33,0
2015-07-20,79,0
2015-07-21,69,0
2015-07-22,92,0
2015-07-23,27,0
2015-07-24,85,0
2015-07-25,10,0
2015-07-26,2,0
2015-07-27,5,0
2015-07-28,0,0
2015-07-29,16,0
2015-07-30,12,0
2015-07-31,1,0
2015-08-01,74,0
2015-08-02,23,0
2015-08-03,2,0
2015-08-04,110,0
2015-08-05,6,0
2015-08-06,121,0
2015-08-07,36,0
2015-08-08,21,0
2015-08-09,74,0
2015-08-10,128,0
2015-08-11,39,0
2015-08-12,1,0
2015-08-13,0,0
2015-08-14,2,0
2015-08-15,206,0
2015-08-16,18,0
2015-08-17,0,0
2015-08-18,0,0
2015-08-19,0,0
2015-08-20,0,0
2015-08-21,26,0
2015-08-22,5,0
2015-08-23,1,0
2015-08-24,3,0
2015-08-25,185,0
2015-08-26,120,0
2015-08-27,202,0
2015-08-28,230,0
2015-08-29,101,0
2015-08-30,189,0
2015-08-31,0,0
2015-09-01,17,0
2015-09-02,14,0
2015-09-03,0,0
2015-09-04,103,0
2015-09-05,0,0
2015-09-06,0,0
2015-09-07,3,0
2015-09-08,0,0
2015-09-09,1,0
2015-09-10,2,0
2015-09-11,1,0
2015-09-12,27,0
2015-09-13,51,0
2015-09-14,5,0
2015-09-15,76,0
2015-09-16,1,0
2015-09-17,17,0
2015-09-18,54,0
2015-09-19,28,0
2015-09-20,0,0
2015-09-21,0,0
2015-09-22,26,0
2015-09-23,75,0
2015-09-24,408,0
2015-09-25,283,0
2015-09-26,17,0
2015-09-27,1,0
2015-09-28,0,0
2015-09-29,9,0
2015-09-30,36,0
2015-10-01,61,0
2015-10-02,49,0
2015-10-03,52,0
2015-10-04,6,0
2015-10-05,0,0
2015-10-06,4,0
2015-10-07,46,0
2015-10-08,66,0
2015-10-09,17,0
2015-10-10,0,0
2015-10-11,16,0
2015-10-12,0,0
2015-10-13,5,0
2015-10-14,0,0
2015-10-15,0,0
2015-10-16,0,0
2015-10-17,0,0
2015-10-18,0,0
2015-10-19,2,0
2015-10-20,105,0
2015-10-21,263,0
2015-10-22,224,0
2015-10-23,6,0
2015-10-24,418,0
2015-10-25,193,0
2015-10-26,68,0
2015-10-27,0,0
2015-10-28,0,0
2015-10-29,0,0
2015-10-30,34,0
2015-10-31,125,0
2015-11-01,0,0
2015-11-02,0,0
2015-11-03,78,0
2015-11-04,6,0
2015-11-05,1,0
2015-11-06,232,0
2015-11-07,19,0
2015-11-08,171,0
2015-11-09,166,0
2015-11-10,122,0
2015-11-11,76,0
2015-11-12,260,0
2015-11-13,298,0
2015-11-14,157,0
2015-11-15,66,0
2015-11-16,320,0
2015-11-17,330,0
2015-11-18,15,0
2015-11-19,0,0
2015-11-20,5,0
2015-11-21,0,0
2015-11-22,0,0
2015-11-23,87,0
2015-11-24,181,0
2015-11-25,52,0
2015-11-26,852,0
2015-11-27,413,0
2015-11-28,159,0
2015-11-29,145,0
2015-11-30,77,0
2015-12-01,43,0
2015-12-02,358,0
2015-12-03,235,0
2015-12-04,291,0
2015-12-05,196,0
2015-12-06,163,0
2015-12-07,0,0
2015-12-08,247,0
2015-12-09,287,0
2015-12-10,112,0
2015-12-11,133,0
2015-12-12,6,0
2015-12-13,22,0
2015-12-14,13,0
2015-12-15,0,0
2015-12-16,105,0
2015-12-17,266,0
2015-12-18,209,0
2015-12-19,416,0
2015-12-20,422,0
2015-12-21,112,0
2015-12-22,152,0
2015-12-23,47,0
2015-12-24,206,0
2015-12-25,92,0
2015-12-26,0,0
2015-12-27,48,0
2015-12-28,0,0
2015-12-29,14,0
2015-12-30,286,0
2015-12-31,187,0
2016-01-01,29,0
2016-01-02,0,0
2016-01-03,0,0
2016-01-04,0,0
2016-01-05,0,0
2016-01-06,0,0
2016-01-07,0,0
2016-01-08,0,0
2016-01-09,0,0
2016-01-10,2,0
2016-01-11,0,0
2016-01-12,0,0
2016-01-13,16,0
2016-01-14,8,0
2016-01-15,137,0
2016-01-16,0,0
2016-01-17,9,0
2016-01-18,21,0
2016-01-19,0,0
2016-01-20,0,0
2016-01-21,0,0
2016-01-22,25,0
2016-01-23,185,0
2016-01-24,30,0
2016-01-25,152,0
2016-01-26,250,0
2016-01-27,96,0
2016-01-28,163,0
2016-01-29,242,0
2016-01-30,177,0
2016-01-31,98,0
2016-02-01,232,0
2016-02-02,235,0
2016-02-03,93,0
2016-02-04,36,0
2016-02-05,223,0
2016-02-06,329,0
2016-02-07,259,0
2016-02-08,132,0
2016-02-09,157,0
2016-02-10,0,0
2016-02-11,0,0
2016-02-12,0,0
2016-02-13,0,0
2016-02-14,0,0
2016-02-15,0,0
2016-02-16,97,0
2016-02-17,67,0
2016-02-18,0,0
2016-02-19,115,0
2016-02-20,191,0
2016-02-21,152,0
2016-02-22,85,0
2016-02-23,45,0
2016-02-24,84,0
2016-02-25,0,0
2016-02-26,33,0
2016-02-27,20,0
2016-02-28,0,0
2016-02-29,0,0
2016-03-01,36,0
2016-03-02,0,0
2016-03-03,0,0
2016-03-04,0,0
2016-03-05,0,0
2016-03-06,0,0
2016-03-07,0,0
2016-03-08,2,0
2016-03-09,0,0
2016-03-10,0,0
2016-03-11,0,0
2016-03-12,47,0
2016-03-13,12,0
2016-03-14,0,0
2016-03-15,0,0
2016-03-16,0,0
2016-03-17,0,0
2016-03-18,5,0
2016-03-19,32,0
2016-03-20,71,0
2016-03-21,61,0
2016-03-22,19,0
2016-03-23,0,0
2016-03-24,152,0
2016-03-25,51,0
2016-03-26,313,0
2016-03-27,24,0
2016-03-28,54,0
2016-03-29,216,0
2016-03-30,58,0
2016-03-31,2,0
2016-04-01,136,0
2016-04-02,150,0
2016-04-03,17,0
2016-04-04,40,0
2016-04-05,103,0
2016-04-06,102,0
2016-04-07,6,0
2016-04-08,0,0
2016-04-09,0,0
2016-04-10,0,0
2016-04-11,0,0
2016-04-12,0,0
2016-04-13,0,0
2016-04-14,2,0
2016-04-15,20,0
2016-04-16,0,0
2016-04-17,110,0
2016-04-18,203,0
2016-04-19,16,0
2016-04-20,67,0
2016-04-21,28,0
2016-04-22,24,0
2016-04-23,14,0
2016-04-24,0,0
2016-04-25,0,0
2016-04-26,0,0
2016-04-27,0,0
2016-04-28,3,0
2016-04-29,0,0
2016-04-30,4,0
2016-05-01,42,0
2016-05-02,226,0
2016-05-03,22,0
2016-05-04,0,0
2016-05-05,0,0
2016-05-06,3,0
2016-05-07,2,0
2016-05-08,0,0
2016-05-09,0,0
2016-05-10,0,0
2016-05-11,0,0
2016-05-12,0,0
2016-05-13,0,0
2016-05-14,0,0
2016-05-15,0,0
2016-05-16,4,0
2016-05-17,8,0
2016-05-18,92,0
2016-05-19,55,0
2016-05-20,121,0
2016-05-21,99,0
2016-05-22,66,0
2016-05-23,0,0
2016-05-24,0,0
2016-05-25,0,0
2016-05-26,0,0
2016-05-27,0,0
2016-05-28,40,0
2016-05-29,0,0
2016-05-30,87,0
2016-05-31,15,0
2016-06-01,20,0
2016-06-02,0,0
2016-06-03,0,0
2016-06-04,0,0
2016-06-05,0,0
2016-06-06,0,0
2016-06-07,0,0
2016-06-08,0,0
2016-06-09,0,0
2016-06-10,10,0
2016-06-11,28,0
2016-06-12,0,0
2016-06-13,0,0
2016-06-14,0,0
2016-06-15,0,0
2016-06-16,3,0
2016-06-17,3,0
2016-06-18,0,0
2016-06-19,0,0
2016-06-20,118,0
2016-06-21,4,0
2016-06-22,0,0
2016-06-23,2,0
2016-06-24,103,0
2016-06-25,3,0
2016-06-26,78,0
2016-06-27,229,0
2016-06-28,194,0
2016-06-29,25,0
2016-06-30,94,0
2016-07-01,153,0
2016-07-02,176,0
2016-07-03,59,0
2016-07-04,141,0
2016-07-05,2,0
2016-07-06,0,0
2016-07-07,6,0
2016-07-08,21,0
2016-07-09,5,0
2016-07-10,264,0
2016-07-11,220,0
2016-07-12,9,0
2016-07-13,0,0
2016-07-14,0,0
2016-07-15,55,0
2016-07-16,214,0
2016-07-17,222,0
2016-07-18,14,0
2016-07-19,124,0
2016-07-20,0,0
2016-07-21,63,0
2016-07-22,45,0
2016-07-23,2,0
2016-07-24,0,0
2016-07-25,94,0
2016-07-26,89,0
2016-07-27,259,0
2016-07-28,229,0
2016-07-29,7,0
2016-07-30,68,0
2016-07-31,137,0
2016-08-01,261,0
2016-08-02,361,0
2016-08-03,46,0
2016-08-04,27,0
2016-08-05,33,0
2016-08-06,2,0
2016-08-07,177,0
2016-08-08,762,0
2016-08-09,151,0
2016-08-10,33,0
2016-08-11,8,0
2016-08-12,440,0
2016-08-13,73,0
2016-08-14,6,0
2016-08-15,0,0
2016-08-16,1,0
2016-08-17,1,0
2016-08-18,0,0
2016-08-19,0,0
2016-08-20,24,0
2016-08-21,0,0
2016-08-22,1,0
2016-08-23,0,0
2016-08-24,270,0
2016-08-25,69,0
2016-08-26,460,0
2016-08-27,64,0
2016-08-28,28,0
2016-08-29,66,0
2016-08-30,186,0
2016-08-31,117,0
2016-09-01,108,0
2016-09-02,190,0
2016-09-03,144,0
2016-09-04,1,0
2016-09-05,2,0
2016-09-06,111,0
2016-09-07,1,0
2016-09-08,5,0
2016-09-09,173,0
2016-09-10,181,0
2016-09-11,0,0
2016-09-12,0,0
2016-09-13,0,0
2016-09-14,65,0
2016-09-15,0,0
2016-09-16,104,0
2016-09-17,0,0
2016-09-18,0,0
2016-09-19,0,0
2016-09-20,0,0
2016-09-21,3,0
2016-09-22,70,0
2016-09-23,6,0
2016-09-24,2,0
2016-09-25,141,0
2016-09-26,272,0
2016-09-27,669,0
2016-09-28,78,0
2016-09-29,179,0
2016-09-30,153,0
2016-10-01,35,0
2016-10-02,0,0
2016-10-03,0,0
2016-10-04,0,0
2016-10-05,0,0
2016-10-06,0,0
2016-10-07,0,0
2016-10-08,0,0
2016-10-09,0,0
2016-10-10,0,0
2016-10-11,0,0
2016-10-12,0,0
2016-10-13,0,0
2016-10-14,0,0
2016-10-15,0,0
2016-10-16,0,0
2016-10-17,16,0
2016-10-18,2,0
2016-10-19,0,0
2016-10-20,0,0
2016-10-21,0,0
2016-10-22,0,0
2016-10-23,0,0
2016-10-24,0,0
2016-10-25,4,0
2016-10-26,206,0
2016-10-27,373,0
2016-10-28,91,0
2016-10-29,24,0
2016-10-30,32,0
2016-10-31,321,0
2016-11-01,50,0
2016-11-02,0,0
2016-11-03,34,0
2016-11-04,202,0
2016-11-05,12,0
2016-11-06,0,0
2016-11-07,0,0
2016-11-08,0,0
2016-11-09,0,0
2016-11-10,0,0
2016-11-11,0,0
2016-11-12,106,0
2016-11-13,50,0
2016-11-14,446,0
2016-11-15,60,0
2016-11-16,224,0
2016-11-17,73,0
2016-11-18,78,0
2016-11-19,118,0
2016-11-20,2,0
2016-11-21,70,0
2016-11-22,433,0
2016-11-23,57,0
2016-11-24,233,0
2016-11-25,389,0
2016-11-26,21,0
2016-11-27,0,0
2016-11-28,0,0
2016-11-29,186,0
2016-11-30,128,0
2016-12-01,33,0
2016-12-02,4,0
2016-12-03,125,0
2016-12-04,34,0
2016-12-05,27,0
2016-12-06,21,0
2016-12-07,416,0
2016-12-08,158,0
2016-12-09,57,0
2016-12-10,74,0
2016-12-11,3,0
2016-12-12,141,0
2016-12-13,8,0
2016-12-14,0,0
2016-12-15,14,0
2016-12-16,164,0
2016-12-17,194,0
2016-12-18,43,0
2016-12-19,77,0
2016-12-20,9,0
2016-12-21,101,0
2016-12-22,127,0
2016-12-23,307,0
2016-12-24,83,0
2016-12-25,191,0
2016-12-26,111,0
2016-12-27,25,0
2016-12-28,39,0
2016-12-29,77,0
2016-12-30,413,0
2016-12-31,88,0
2017-01-01,15,0
2017-01-02,103,0
2017-01-03,202,0
2017-01-04,0,0
2017-01-05,4,0
2017-01-06,184,0
2017-01-07,4,0
2017-01-08,115,0
2017-01-09,257,0
2017-01-10,232,0
2017-01-11,185,0
2017-01-12,329,0
2017-01-13,12,0
2017-01-14,5,0
2017-01-15,0,0
2017-01-16,13,0
2017-01-17,119,0
2017-01-18,343,0
2017-01-19,49,0
2017-01-20,125,0
2017-01-21,8,0
2017-01-22,30,0
2017-01-23,35,0
2017-01-24,22,0
2017-01-25,12,0
2017-01-26,6,0
2017-01-27,2,0
2017-01-28,38,0
2017-01-29,122,0
2017-01-30,0,0
2017-01-31,0,0
2017-02-01,133,0
2017-02-02,0,0
2017-02-03,23,0
2017-02-04,9,0
2017-02-05,1,0
2017-02-06,0,0
2017-02-07,0,0
2017-02-08,5,0
2017-02-09,0,0
2017-02-10,0,0
2017-02-11,0,0
2017-02-12,0,0
2017-02-13,0,0
2017-02-14,0,0
2017-02-15,35,0
2017-02-16,98,0
2017-02-17,2,0
2017-02-18,219,0
2017-02-19,306,0
2017-02-20,302,0
2017-02-21,247,0
2017-02-22,83,0
2017-02-23,1,0
2017-02-24,0,0
2017-02-25,125,0
2017-02-26,94,0
2017-02-27,35,0
2017-02-28,0,0
2017-03-01,86,0
2017-03-02,43,0
2017-03-03,5,0
2017-03-04,0,0
2017-03-05,0,0
2017-03-06,0,0
2017-03-07,0,0
2017-03-08,101,0
2017-03-09,35,0
2017-03-10,15,0
2017-03-11,58,0
2017-03-12,84,0
2017-03-13,250,0
2017-03-14,149,0
2017-03-15,118,0
2017-03-16,112,0
2017-03-17,96,0
2017-03-18,5,0
2017-03-19,82,0
2017-03-20,100,0
2017-03-21,33,0
2017-03-22,45,0
2017-03-23,125,0
2017-03-24,134,0
2017-03-25,38,0
2017-03-26,6,0
2017-03-27,5,0
2017-03-28,0,0
2017-03-29,30,0
2017-03-30,114,0
2017-03-31,157,0
2017-04-01,97,0
2017-04-02,26,0
2017-04-03,10,0
2017-04-04,189,0
2017-04-05,52,0
2017-04-06,511,0
2017-04-07,43,0
2017-04-08,10,0
2017-04-09,103,0
2017-04-10,59,0
2017-04-11,100,0
2017-04-12,58,0
2017-04-13,3,0
2017-04-14,0,0
2017-04-15,79,0
2017-04-16,16,0
2017-04-17,0,0
2017-04-18,25,0
2017-04-19,57,0
2017-04-20,237,0
2017-04-21,89,0
2017-04-22,41,0
2017-04-23,135,0
2017-04-24,0,0
2017-04-25,0,0
2017-04-26,46,0
2017-04-27,12,0
2017-04-28,0,0
2017-04-29,0,0
2017-04-30,0,0
2017-05-01,0,0
2017-05-02,0,0
2017-05-03,1,0
2017-05-04,0,0
2017-05-05,1,0
2017-05-06,0,0
2017-05-07,2,0
2017-05-08,0,0
2017-05-09,64,0
2017-05-10,7,0
2017-05-11,13,0
2017-05-12,0,0
2017-05-13,11,0
2017-05-14,48,0
2017-05-15,7,0
2017-05-16,148,0
2017-05-17,174,0
2017-05-18,52,0
2017-05-19,0,0
2017-05-20,13,0
2017-05-21,9,0
2017-05-22,0,0
2017-05-23,5,0
2017-05-24,0,0
2017-05-25,63,0
2017-05-26,0,0
2017-05-27,0,0
2017-05-28,7,0
2017-05-29,0,0
2017-05-30,2,0
2017-05-31,12,0
2017-06-01,30,0
2017-06-02,170,0
2017-06-03,158,0
2017-06-04,53,0
2017-06-05,137,0
2017-06-06,40,0
2017-06-07,32,0
2017-06-08,112,0
2017-06-09,84,0
2017-06-10,9,0
2017-06-11,201,0
2017-06-12,48,0
2017-06-13,21,0
2017-06-14,2,0
2017-06-15,363,0
2017-06-16,18,0
2017-06-17,245,0
2017-06-18,28,0
2017-06-19,95,0
2017-06-20,12,0
2017-06-21,2,0
2017-06-22,22,0
2017-06-23,178,0
2017-06-24,313,0
2017-06-25,318,0
2017-06-26,1,0
2017-06-27,0,0
2017-06-28,0,0
2017-06-29,0,0
2017-06-30,0,0
2017-07-01,40,0
2017-07-02,181,0
2017-07-03,6,0
2017-07-04,0,0
2017-07-05,0,0
2017-07-06,0,0
2017-07-07,114,0
2017-07-08,25,0
2017-07-09,53,0
2017-07-10,2,0
2017-07-11,34,0
2017-07-12,95,0
2017-07-13,0,0
2017-07-14,25,0
2017-07-15,179,0
2017-07-16,386,0
2017-07-17,31,0
2017-07-18,0,0
2017-07-19,0,0
2017-07-20,0,0
2017-07-21,11,0
2017-07-22,0,0
2017-07-23,0,0
2017-07-24,1,0
2017-07-25,19,0
2017-07-26,38,0
2017-07-27,98,0
2017-07-28,22,0
2017-07-29,24,0
2017-07-30,246,0
2017-07-31,306,0
2017-08-01,102,0
2017-08-02,113,0
2017-08-03,49,0
2017-08-04,109,0
2017-08-05,138,0
2017-08-06,573,0
2017-08-07,150,0
2017-08-08,181,0
2017-08-09,2,0
2017-08-10,60,0
2017-08-11,256,0
2017-08-12,47,0
2017-08-13,120,0
2017-08-14,46,0
2017-08-15,141,0
2017-08-16,0,0
2017-08-17,164,0
2017-08-18,51,0
2017-08-19,389,0
2017-08-20,17,0
2017-08-21,2,0
2017-08-22,0,0
2017-08-23,0,0
2017-08-24,4,0
2017-08-25,1,0
2017-08-26,0,0
2017-08-27,1,0
2017-08-28,391,0
2017-08-29,8,0
2017-08-30,25,0
2017-08-31,105,0
2017-09-01,7,0
2017-09-02,0,0
2017-09-03,6,0
2017-09-04,23,0
2017-09-05,340,0
2017-09-06,8,0
2017-09-07,58,0
2017-09-08,88,0
2017-09-09,241,0
2017-09-10,77,0
2017-09-11,27,0
2017-09-12,104,0
2017-09-13,48,0
2017-09-14,5,0
2017-09-15,0,0
2017-09-16,0,0
2017-09-17,0,0
2017-09-18,1,0
2017-09-19,32,0
2017-09-20,45,0
2017-09-21,37,0
2017-09-22,5,0
2017-09-23,1,0
2017-09-24,0,0
2017-09-25,0,0
2017-09-26,0,0
2017-09-27,0,0
2017-09-28,0,0
2017-09-29,127,0
2017-09-30,126,0
2017-10-01,333,0
2017-10-02,328,0
2017-10-03,316,0
2017-10-04,266,0
2017-10-05,180,0
2017-10-06,40,0
2017-10-07,0,0
2017-10-08,0,0
2017-10-09,4,0
2017-10-10,121,0
2017-10-11,305,0
2017-10-12,106,0
2017-10-13,380,0
2017-10-14,41,0
2017-10-15,57,0
2017-10-16,62,0
2017-10-17,270,0
2017-10-18,0,0
2017-10-19,16,0
2017-10-20,12,0
2017-10-21,0,0
2017-10-22,0,0
2017-10-23,167,0
2017-10-24,131,0
2017-10-25,364,0
2017-10-26,90,0
2017-10-27,264,0
2017-10-28,44,0
2017-10-29,2,0
2017-10-30,13,0
2017-10-31,59,0
2017-11-01,283,0
2017-11-02,0,0
2017-11-03,177,0
2017-11-04,279,0
2017-11-05,38,0
2017-11-06,0,0
2017-11-07,64,0
2017-11-08,384,0
2017-11-09,136,0
2017-11-10,241,0
2017-11-11,171,0
2017-11-12,0,0
2017-11-13,21,0
2017-11-14,91,0
2017-11-15,52,0
2017-11-16,254,0
2017-11-17,158,0
2017-11-18,115,0
2017-11-19,13,0
2017-11-20,0,0
2017-11-21,25,0
2017-11-22,276,0
2017-11-23,360,0
2017-11-24,107,0
2017-11-25,317,0
2017-11-26,55,0
2017-11-27,15,0
2017-11-28,0,0
2017-11-29,0,0
2017-11-30,0,0
2017-12-01,0,0
2017-12-02,124,0
2017-12-03,115,0
2017-12-04,117,0
2017-12-05,363,0
2017-12-06,762,0
2017-12-07,423,0
2017-12-08,150,0
2017-12-09,123,0
2017-12-10,14,0
2017-12-11,8,0
2017-12-12,1,0
2017-12-13,30,0
2017-12-14,0,0
2017-12-15,0,0
2017-12-16,0,0
2017-12-17,61,0
2017-12-18,43,0
2017-12-19,85,0
2017-12-20,164,0
2017-12-21,97,0
2017-12-22,939,0
2017-12-23,267,0
2017-12-24,198,0
2017-12-25,97,0
2017-12-26,530,0
2017-12-27,180,0
2017-12-28,0,0
2017-12-29,100,0
2017-12-30,7,0
2017-12-31,96,0
2018-01-01,69,0
2018-01-02,29,0
2018-01-03,0,0
2018-01-04,0,0
2018-01-05,0,0
2018-01-06,4,0
2018-01-07,120,0
2018-01-08,0,0
2018-01-09,0,0
2018-01-10,20,0
2018-01-11,0,0
2018-01-12,0,0
2018-01-13,0,0
2018-01-14,0,0
2018-01-15,98,0
2018-01-16,104,0
2018-01-17,21,0
2018-01-18,26,0
2018-01-19,26,0
2018-01-20,0,0
2018-01-21,0,0
2018-01-22,40,0
2018-01-23,241,0
2018-01-24,193,0
2018-01-25,107,0
2018-01-26,40,0
2018-01-27,296,0
2018-01-28,126,0
2018-01-29,167,0
2018-01-30,349,0
2018-01-31,118,0
2018-02-01,0,0
2018-02-02,0,0
2018-02-03,2,0
2018-02-04,0,0
2018-02-05,4,0
2018-02-06,2,0
2018-02-07,47,0
2018-02-08,182,0
2018-02-09,344,0
2018-02-10,25,0
2018-02-11,62,0
2018-02-12,46,0
2018-02-13,168,0
2018-02-14,83,0
2018-02-15,33,0
2018-02-16,47,0
2018-02-17,155,0
2018-02-18,29,0
2018-02-19,0,0
2018-02-20,13,0
2018-02-21,0,0
2018-02-22,0,0
2018-02-23,0,0
2018-02-24,0,0
2018-02-25,11,0
2018-02-26,45,0
2018-02-27,0,0
2018-02-28,0,0
2018-03-01,0,0
2018-03-02,1,0
2018-03-03,29,0
2018-03-04,0,0
2018-03-05,0,0
2018-03-06,2,0
2018-03-07,28,0
2018-03-08,58,0
2018-03-09,8,0
2018-03-10,4,0
2018-03-11,0,0
2018-03-12,7,0
2018-03-13,0,0
2018-03-14,0,0
2018-03-15,0,0
2018-03-16,11,0
2018-03-17,29,0
2018-03-18,54,0
2018-03-19,37,0
2018-03-20,59,0
2018-03-21,163,0
2018-03-22,0,0
2018-03-23,55,0
2018-03-24,22,0
2018-03-25,47,0
2018-03-26,77,0
2018-03-27,41,0
2018-03-28,0,0
2018-03-29,0,0
2018-03-30,0,0
2018-03-31,0,0
2018-04-01,0,0
2018-04-02,8,0
2018-04-03,220,0
2018-04-04,180,0
2018-04-05,1,0
2018-04-06,9,0
2018-04-07,21,0
2018-04-08,127,0
2018-04-09,104,0
2018-04-10,0,0
2018-04-11,0,0
2018-04-12,0,0
2018-04-13,11,0
2018-04-14,0,0
2018-04-15,0,0
2018-04-16,9,0
2018-04-17,103,0
2018-04-18,0,0
2018-04-19,0,0
2018-04-20,19,0
2018-04-21,0,0
2018-04-22,185,0
2018-04-23,116,0
2018-04-24,117,0
2018-04-25,29,0
2018-04-26,41,0
2018-04-27,56,0
2018-04-28,14,0
2018-04-29,0,0
2018-04-30,0,0
2018-05-01,28,0
2018-05-02,32,0
2018-05-03,52,0
2018-05-04,105,0
2018-05-05,77,0
2018-05-06,51,0
2018-05-07,0,0
2018-05-08,0,0
2018-05-09,8,0
2018-05-10,255,0
2018-05-11,0,0
2018-05-12,0,0
2018-05-13,0,0
2018-05-14,0,0
2018-05-15,10,0
2018-05-16,4,0
2018-05-17,0,0
2018-05-18,0,0
2018-05-19,0,0
2018-05-20,0,0
2018-05-21,0,0
2018-05-22,0,0
2018-05-23,0,0
2018-05-24,0,0
2018-05-25,0,0
2018-05-26,0,0
2018-05-27,0,0
2018-05-28,0,0
2018-05-29,0,0
2018-05-30,0,0
2018-05-31,0,0
2018-06-01,0,0
2018-06-02,0,0
2018-06-03,0,0
2018-06-04,0,0
2018-06-05,0,0
2018-06-06,0,0
2018-06-07,0,0
2018-06-08,0,0
2018-06-09,0,0
2018-06-10,60,0
2018-06-11,1,0
2018-06-12,0,0
2018-06-13,29,0
2018-06-14,459,0
2018-06-15,0,0
2018-06-16,7,0
2018-06-17,14,0
2018-06-18,166,0
2018-06-19,42,0
2018-06-20,109,0
2018-06-21,19,0
2018-06-22,28,0
2018-06-23,28,0
2018-06-24,48,0
2018-06-25,1,0
2018-06-26,0,0
2018-06-27,0,0
2018-06-28,0,0
2018-06-29,0,0
2018-06-30,0,0
2018-07-01,0,0
2018-07-02,0,0
2018-07-03,0,0
2018-07-04,0,0
2018-07-05,5,0
2018-07-06,0,0
2018-07-07,0,0
2018-07-08,54,0
2018-07-09,1,0
2018-07-10,0,0
2018-07-11,0,0
2018-07-12,0,0
2018-07-13,0,0
2018-07-14,5,0
2018-07-15,1,0
2018-07-16,0,0
2018-07-17,18,0
2018-07-18,16,0
2018-07-19,0,0
2018-07-20,0,0
2018-07-21,44,0
2018-07-22,29,0
2018-07-23,16,0
2018-07-24,153,0
2018-07-25,0,0
2018-07-26,0,0
2018-07-27,0,0
2018-07-28,103,0
2018-07-29,29,0
2018-07-30,33,0
2018-07-31,21,0
2018-08-01,15,0
2018-08-02,62,0
2018-08-03,78,0
2018-08-04,61,0
2018-08-05,15,0
2018-08-06,48,0
2018-08-07,2,0
2018-08-08,214,0
2018-08-09,68,0
2018-08-10,299,0
2018-08-11,12,0
2018-08-12,8,0
2018-08-13,2,0
2018-08-14,7,0
2018-08-15,246,0
2018-08-16,259,0
2018-08-17,263,0
2018-08-18,222,0
2018-08-19,7,0
2018-08-20,0,0
2018-08-21,87,0
2018-08-22,535,0
2018-08-23,199,0
2018-08-24,374,0
2018-08-25,104,0
2018-08-26,30,0
2018-08-27,0,0
2018-08-28,0,0
2018-08-29,214,0
2018-08-30,0,0
2018-08-31,0,0
2018-09-01,0,0
2018-09-02,0,0
2018-09-03,0,0
2018-09-04,1,0
2018-09-05,1,0
2018-09-06,104,0
2018-09-07,6,0
2018-09-08,55,0
2018-09-09,417,0
2018-09-10,470,0
2018-09-11,303,0
2018-09-12,154,0
2018-09-13,158,0
2018-09-14,205,0
2018-09-15,87,0
2018-09-16,124,0
2018-09-17,161,0
2018-09-18,186,0
2018-09-19,127,0
2018-09-20,105,0
2018-09-21,475,0
2018-09-22,139,0
2018-09-23,115,0
2018-09-24,59,0
2018-09-25,795,0
2018-09-26,95,0
2018-09-27,207,0
2018-09-28,217,0
2018-09-29,437,0
2018-09-30,146,0
2018-10-01,129,0
2018-10-02,103,0
2018-10-03,36,0
2018-10-04,340,0
2018-10-05,105,0
2018-10-06,6,0
2018-10-07,321,0
2018-10-08,410,0
2018-10-09,719,0
2018-10-10,1,0
2018-10-11,0,0
2018-10-12,553,0
2018-10-13,554,0
2018-10-14,298,0
2018-10-15,0,0
2018-10-16,92,0
2018-10-17,45,0
2018-10-18,13,0
2018-10-19,210,0
2018-10-20,174,0
2018-10-21,450,0
2018-10-22,444,0
2018-10-23,60,0
2018-10-24,90,0
2018-10-25,41,0
2018-10-26,0,0
2018-10-27,0,0
2018-10-28,0,0
2018-10-29,0,0
2018-10-30,59,0
2018-10-31,65,0
2018-11-01,117,0
2018-11-02,84,0
2018-11-03,63,0
2018-11-04,0,0
2018-11-05,0,0
2018-11-06,0,0
2018-11-07,0,0
2018-11-08,19,0
2018-11-09,0,0
2018-11-10,19,0
2018-11-11,32,0
2018-11-12,65,0
2018-11-13,84,0
2018-11-14,71,0
2018-11-15,0,0
2018-11-16,0,0
2018-11-17,0,0
2018-11-18,0,0
2018-11-19,0,0
2018-11-20,0,0
2018-11-21,0,0
2018-11-22,0,0
2018-11-23,0,0
2018-11-24,0,0
2018-11-25,0,0
2018-11-26,0,0
2018-11-27,0,0
2018-11-28,35,0
2018-11-29,93,0
2018-11-30,144,0
2018-12-01,80,0
2018-12-02,21,0
2018-12-03,167,0
2018-12-04,38,0
2018-12-05,62,0
2018-12-06,67,0
2018-12-07,42,0
2018-12-08,1,0
2018-12-09,35,0
2018-12-10,1,0
2018-12-11,0,0
2018-12-12,0,0
2018-12-13,0,0
2018-12-14,0,0
2018-12-15,0,0
2018-12-16,0,0
2018-12-17,0,0
2018-12-18,0,0
2018-12-19,1,0
2018-12-20,0,0
2018-12-21,15,0
2018-12-22,0,0
2018-12-23,1,0
2018-12-24,166,0
2018-12-25,19,0
2018-12-26,188,0
2018-12-27,81,0
2018-12-28,63,0
2018-12-29,21,0
2018-12-30,144,0
2018-12-31,252,0
2019-01-01,15,0
2019-01-02,3,0
2019-01-03,93,0
2019-01-04,315,0
2019-01-05,53,0
2019-01-06,61,0
2019-01-07,117,0
2019-01-08,0,0
2019-01-09,4,0
2019-01-10,74,0
2019-01-11,1,0
2019-01-12,178,0
2019-01-13,66,0
2019-01-14,50,0
2019-01-15,129,0
2019-01-16,82,0
2019-01-17,39,0
2019-01-18,45,0
2019-01-19,21,0
2019-01-20,152,0
2019-01-21,0,0
2019-01-22,0,0
2019-01-23,29,0
2019-01-24,4,0
2019-01-25,30,0
2019-01-26,11,0
2019-01-27,0,0
2019-01-28,22,0
2019-01-29,63,0
2019-01-30,0,0
2019-01-31,0,0
2019-02-01,1,0
2019-02-02,2,0
2019-02-03,27,0
2019-02-04,22,0
2019-02-05,0,0
2019-02-06,81,0
2019-02-07,46,0
2019-02-08,88,0
2019-02-09,56,0
2019-02-10,0,0
2019-02-11,27,0
2019-02-12,227,0
2019-02-13,7,0
2019-02-14,21,0
2019-02-15,24,0
2019-02-16,41,0
2019-02-17,14,0
2019-02-18,146,0
2019-02-19,64,0
2019-02-20,199,0
2019-02-21,14,0
2019-02-22,0,0
2019-02-23,3,0
2019-02-24,1,0
2019-02-25,14,0
2019-02-26,1,0
2019-02-27,45,0
2019-02-28,0,0
2019-03-01,0,0
2019-03-02,42,0
2019-03-03,126,0
2019-03-04,12,0
2019-03-05,100,0
2019-03-06,73,0
2019-03-07,116,0
2019-03-08,73,0
2019-03-09,31,0
2019-03-10,0,0
2019-03-11,13,0
2019-03-12,141,0
2019-03-13,124,0
2019-03-14,25,0
2019-03-15,128,0
2019-03-16,56,0
2019-03-17,0,0
2019-03-18,0,0
2019-03-19,142,0
2019-03-20,347,0
2019-03-21,37,0
2019-03-22,203,0
2019-03-23,91,0
2019-03-24,181,0
2019-03-25,6,0
2019-03-26,173,0
2019-03-27,38,0
2019-03-28,32,0
2019-03-29,55,0
2019-03-30,130,0
2019-03-31,9,0
2019-04-01,0,0
2019-04-02,1,0
2019-04-03,0,0
2019-04-04,0,0
2019-04-05,0,0
2019-04-06,0,0
2019-04-07,0,0
2019-04-08,0,0
2019-04-09,2,0
2019-04-10,0,0
2019-04-11,0,0
2019-04-12,0,0
2019-04-13,0,0
2019-04-14,0,0
2019-04-15,0,0
2019-04-16,1,0
2019-04-17,1,0
2019-04-18,0,0
2019-04-19,0,0
2019-04-20,5,0
2019-04-21,0,0
2019-04-22,2,0
2019-04-23,0,0
2019-04-24,4,0
2019-04-25,15,0
2019-04-26,5,0
2019-04-27,80,0
2019-04-28,4,0
2019-04-29,0,0
2019-04-30,1,0
2019-05-01,13,0
2019-05-02,22,0
2019-05-03,1,0
2019-05-04,6,0
2019-05-05,24,0
2019-05-06,17,0
2019-05-07,1,0
2019-05-08,18,0
2019-05-09,52,0
2019-05-10,11,0
2019-05-11,2,0
2019-05-12,12,0
2019-05-13,1,0
2019-05-14,0,0
2019-05-15,0,0
2019-05-16,0,0
2019-05-17,0,0
2019-05-18,1,0
2019-05-19,0,0
2019-05-20,9,0
2019-05-21,122,0
2019-05-22,76,0
2019-05-23,215,0
2019-05-24,1,0
2019-05-25,69,0
2019-05-26,0,0
2019-05-27,0,0
2019-05-28,39,0
2019-05-29,69,0
2019-05-30,117,0
2019-05-31,226,0
2019-06-01,53,0
2019-06-02,233,0
2019-06-03,0,0
2019-06-04,0,0
2019-06-05,29,0
2019-06-06,61,0
2019-06-07,2,0
2019-06-08,72,0
2019-06-09,213,0
2019-06-10,2,0
2019-06-11,0,0
2019-06-12,38,0
2019-06-13,33,0
2019-06-14,10,0
2019-06-15,71,0
2019-06-16,2,0
2019-06-17,34,0
2019-06-18,0,0
2019-06-19,0,0
2019-06-20,24,0
2019-06-21,98,0
2019-06-22,19,0
2019-06-23,0,0
2019-06-24,340,0
2019-06-25,30,0
2019-06-26,0,0
2019-06-27,0,0
2019-06-28,0,0
2019-06-29,6,0
2019-06-30,242,0
2019-07-01,130,0
2019-07-02,112,0
2019-07-03,74,0
2019-07-04,13,0
2019-07-05,64,0
2019-07-06,29,0
2019-07-07,31,0
2019-07-08,1,0
2019-07-09,1,0
2019-07-10,0,0
2019-07-11,0,0
2019-07-12,0,0
2019-07-13,0,0
2019-07-14,0,0
2019-07-15,0,0
2019-07-16,0,0
2019-07-17,0,0
2019-07-18,79,0
2019-07-19,0,0
2019-07-20,204,0
2019-07-21,30,0
2019-07-22,18,0
2019-07-23,21,0
2019-07-24,3,0
2019-07-25,0,0
2019-07-26,0,0
2019-07-27,0,0
2019-07-28,9,0
2019-07-29,0,0
2019-07-30,454,0
2019-07-31,69,0
2019-08-01,0,0
2019-08-02,0,0
2019-08-03,0,0
2019-08-04,0,0
2019-08-05,0,0
2019-08-06,313,0
2019-08-07,9,0
2019-08-08,0,0
2019-08-09,51,0
2019-08-10,359,0
2019-08-11,418,0
2019-08-12,177,0
2019-08-13,38,0
2019-08-14,109,0
2019-08-15,141,0
2019-08-16,55,0
2019-08-17,154,0
2019-08-18,193,0
2019-08-19,249,0
2019-08-20,89,0
2019-08-21,70,0
2019-08-22,207,0
2019-08-23,69,0
2019-08-24,9,0
2019-08-25,0,0
2019-08-26,3,0
2019-08-27,28,0
2019-08-28,346,0
2019-08-29,315,0
2019-08-30,525,0
2019-08-31,10,0
2019-09-01,75,0
2019-09-02,108,0
2019-09-03,111,0
2019-09-04,401,0
2019-09-05,81,0
2019-09-06,47,0
2019-09-07,0,0
2019-09-08,0,0
2019-09-09,0,0
2019-09-10,8,0
2019-09-11,203,0
2019-09-12,173,0
2019-09-13,87,0
2019-09-14,751,0
2019-09-15,136,0
2019-09-16,155,0
2019-09-17,112,0
2019-09-18,4,0
2019-09-19,58,0
2019-09-20,21,0
2019-09-21,0,0
2019-09-22,0,0
2019-09-23,0,0
2019-09-24,0,0
2019-09-25,0,0
2019-09-26,19,0
2019-09-27,31,0
2019-09-28,0,0
2019-09-29,4,0
2019-09-30,157,0
2019-10-01,126,0
2019-10-02,0,0
2019-10-03,0,0
2019-10-04,0,0
2019-10-05,0,0
2019-10-06,0,0
2019-10-07,48,0
2019-10-08,13,0
2019-10-09,180,0
2019-10-10,179,0
2019-10-11,468,0
2019-10-12,123,0
2019-10-13,39,0
2019-10-14,15,0
2019-10-15,15,0
2019-10-16,3,0
2019-10-17,123,0
2019-10-18,0,0
2019-10-19,2,0
2019-10-20,0,0
2019-10-21,87,0
2019-10-22,625,0
2019-10-23,21,0
2019-10-24,307,0
2019-10-25,99,0
2019-10-26,129,0
2019-10-27,0,0
2019-10-28,0,0
2019-10-29,14,0
2019-10-30,149,0
2019-10-31,54,0
2019-11-01,0,0
2019-11-02,0,0
2019-11-03,0,0
2019-11-04,0,0
2019-11-05,2,0
2019-11-06,38,0
2019-11-07,1,0
2019-11-08,0,0
2019-11-09,0,0
2019-11-10,0,0
2019-11-11,0,0
2019-11-12,280,0
2019-11-13,43,0
2019-11-14,3,0
2019-11-15,0,0
2019-11-16,0,0
2019-11-17,0,0
2019-11-18,0,0
2019-11-19,0,0
2019-11-20,0,0
2019-11-21,9,0
2019-11-22,7,0
2019-11-23,3,0
2019-11-24,0,0
2019-11-25,15,0
2019-11-26,21,0
2019-11-27,8,0
2019-11-28,0,0
2019-11-29,101,0
2019-11-30,66,0
2019-12-01,114,0
2019-12-02,50,0
2019-12-03,100,0
2019-12-04,114,0
2019-12-05,453,0
2019-12-06,132,0
2019-12-07,98,0
2019-12-08,242,0
2019-12-09,0,0
2019-12-10,406,0
2019-12-11,42,0
2019-12-12,70,0
2019-12-13,0,0
2019-12-14,3,0
2019-12-15,66,0
2019-12-16,59,0
2019-12-17,36,0
2019-12-18,36,0
2019-12-19,69,0
2019-12-20,34,0
2019-12-21,2,0
2019-12-22,0,0
2019-12-23,28,0
2019-12-24,90,0
2019-12-25,0,0
2019-12-26,0,0
2019-12-27,14,0
2019-12-28,279,0
2019-12-29,920,0
2019-12-30,132,0
2019-12-31,46,0
2020-01-01,7,0
2020-01-02,254,0
2020-01-03,61,0
2020-01-04,43,0
2020-01-05,670,0
2020-01-06,159,0
2020-01-07,356,0
2020-01-08,112,0
2020-01-09,64,0
2020-01-10,76,0
2020-01-11,370,0
2020-01-12,99,0
2020-01-13,71,0
2020-01-14,257,0
2020-01-15,120,0
2020-01-16,100,0
2020-01-17,33,0
2020-01-18,86,0
2020-01-19,338,0
2020-01-20,419,0
2020-01-21,48,0
2020-01-22,50,0
2020-01-23,279,0
2020-01-24,112,0
2020-01-25,99,0
2020-01-26,99,0
2020-01-27,65,0
2020-01-28,1,0
2020-01-29,102,0
2020-01-30,68,0
2020-01-31,119,0
2020-02-01,213,0
2020-02-02,16,0
2020-02-03,73,0
2020-02-04,9,0
2020-02-05,109,0
2020-02-06,19,0
2020-02-07,0,0
2020-02-08,156,0
2020-02-09,469,0
2020-02-10,168,0
2020-02-11,120,0
2020-02-12,95,0
2020-02-13,26,0
2020-02-14,136,0
2020-02-15,282,0
2020-02-16,116,0
2020-02-17,153,0
2020-02-18,121,0
2020-02-19,16,0
2020-02-20,257,0
2020-02-21,306,0
2020-02-22,187,0
2020-02-23,37,0
2020-02-24,15,0
2020-02-25,0,0
2020-02-26,20,0
2020-02-27,103,0
2020-02-28,28,0
2020-02-29,25,0
2020-03-01,50,0
2020-03-02,51,0
2020-03-03,2,0
2020-03-04,11,0
2020-03-05,10,0
2020-03-06,3,0
2020-03-07,409,0
2020-03-08,285,0
2020-03-09,16,0
2020-03-10,238,0
2020-03-11,89,0
2020-03-12,17,0
2020-03-13,0,0
2020-03-14,142,0
2020-03-15,72,0
2020-03-16,154,0
2020-03-17,208,0
2020-03-18,118,0
2020-03-19,77,0
2020-03-20,0,0
2020-03-21,0,0
2020-03-22,0,0
2020-03-23,1,0
2020-03-24,1,0
2020-03-25,424,0
2020-03-26,31,0
2020-03-27,20,0
2020-03-28,12,0
2020-03-29,97,0
2020-03-30,3,0
2020-03-31,66,0
2020-04-01,242,0
2020-04-02,133,0
2020-04-03,60,0
2020-04-04,7,0
2020-04-05,1,0
2020-04-06,96,0
2020-04-07,0,0
2020-04-08,195,0
2020-04-09,1,0
2020-04-10,0,0
2020-04-11,211,0
2020-04-12,81,0
2020-04-13,5,0
2020-04-14,368,0
2020-04-15,166,0
2020-04-16,1,0
2020-04-17,0,0
2020-04-18,0,0
2020-04-19,0,0
2020-04-20,0,0
2020-04-21,0,0
2020-04-22,0,0
2020-04-23,0,0
2020-04-24,0,0
2020-04-25,0,0
2020-04-26,17,0
2020-04-27,8,0
2020-04-28,74,0
2020-04-29,21,0
2020-04-30,3,0
2020-05-01,43,0
2020-05-02,60,0
2020-05-03,35,0
2020-05-04,1,0
2020-05-05,34,0
2020-05-06,3,0
2020-05-07,13,0
2020-05-08,6,0
2020-05-09,20,0
2020-05-10,11,0
2020-05-11,40,0
2020-05-12,40,0
2020-05-13,22,0
2020-05-14,65,0
2020-05-15,51,0
2020-05-16,176,0
2020-05-17,26,0
2020-05-18,2,0
2020-05-19,0,0
2020-05-20,0,0
2020-05-21,0,0
2020-05-22,136,0
2020-05-23,259,0
2020-05-24,75,0
2020-05-25,1,0
2020-05-26,26,0
2020-05-27,0,0
2020-05-28,0,0
2020-05-29,0,0
2020-05-30,0,0
2020-05-31,0,0
2020-06-01,0,0
2020-06-02,0,0
2020-06-03,26,0
2020-06-04,68,0
2020-06-05,45,0
2020-06-06,5,0
2020-06-07,0,0
2020-06-08,0,0
2020-06-09,0,0
2020-06-10,0,0
2020-06-11,0,0
2020-06-12,0,0
2020-06-13,2,0
2020-06-14,12,0
2020-06-15,0,0
2020-06-16,0,0
2020-06-17,0,0
2020-06-18,0,0
2020-06-19,3,0
2020-06-20,30,0
2020-06-21,63,0
2020-06-22,2,0
2020-06-23,0,0
2020-06-24,0,0
2020-06-25,0,0
2020-06-26,0,0
2020-06-27,26,0
2020-06-28,166,0
2020-06-29,4,0
2020-06-30,11,0
2020-07-01,11,0
2020-07-02,198,0
2020-07-03,70,0
2020-07-04,23,0
2020-07-05,490,0
2020-07-06,64,0
2020-07-07,49,0
2020-07-08,33,0
2020-07-09,0,0
2020-07-10,41,0
2020-07-11,62,0
2020-07-12,46,0
2020-07-13,100,0
2020-07-14,68,0
2020-07-15,3,0
2020-07-16,6,0
2020-07-17,303,0
2020-07-18,89,0
2020-07-19,29,0
2020-07-20,94,0
2020-07-21,94,0
2020-07-22,13,0
2020-07-23,1,0
2020-07-24,0,0
2020-07-25,4,0
2020-07-26,108,0
2020-07-27,24,0
2020-07-28,21,0
2020-07-29,142,0
2020-07-30,59,0
2020-07-31,0,0
2020-08-01,32,0
2020-08-02,257,0
2020-08-03,74,0
2020-08-04,155,0
2020-08-05,195,0
2020-08-06,43,0
2020-08-07,10,0
2020-08-08,48,0
2020-08-09,0,0
2020-08-10,0,0
2020-08-11,0,0
2020-08-12,49,0
2020-08-13,0,0
2020-08-14,0,0
2020-08-15,0,0
2020-08-16,1,0
2020-08-17,0,0
2020-08-18,20,0
2020-08-19,25,0
2020-08-20,21,0
2020-08-21,327,0
2020-08-22,267,0
2020-08-23,104,0
2020-08-24,80,0
2020-08-25,4,0
2020-08-26,1,0
2020-08-27,0,0
2020-08-28,4,0
2020-08-29,0,0
2020-08-30,0,0
2020-08-31,0,0
2020-09-01,0,0
2020-09-02,1,0
2020-09-03,147,0
2020-09-04,215,0
2020-09-05,328,0
2020-09-06,219,0
2020-09-07,262,0
2020-09-08,367,0
2020-09-09,121,0
2020-09-10,39,0
2020-09-11,382,0
2020-09-12,164,0
2020-09-13,163,0
2020-09-14,207,0
2020-09-15,226,0
2020-09-16,0,0
2020-09-17,7,0
2020-09-18,57,0
2020-09-19,5,0
2020-09-20,11,0
2020-09-21,117,0
2020-09-22,119,0
2020-09-23,56,0
2020-09-24,329,0
2020-09-25,0,0
2020-09-26,0,0
2020-09-27,0,0
2020-09-28,99,0
2020-09-29,187,0
2020-09-30,9,0
2020-10-01,5,0
2020-10-02,0,0
2020-10-03,0,0
2020-10-04,27,0
2020-10-05,0,0
2020-10-06,13,0
2020-10-07,68,0
2020-10-08,219,0
2020-10-09,25,0
2020-10-10,0,0
2020-10-11,0,0
2020-10-12,0,0
2020-10-13,0,0
2020-10-14,0,0
2020-10-15,0,0
2020-10-16,0,0
2020-10-17,4,0
2020-10-18,1,0
2020-10-19,126,0
2020-10-20,174,0
2020-10-21,150,0
2020-10-22,6,0
2020-10-23,16,0
2020-10-24,389,0
2020-10-25,184,0
2020-10-26,4,0
2020-10-27,27,0
2020-10-28,351,0
2020-10-29,43,0
2020-10-30,44,0
2020-10-31,101,0
2020-11-01,249,0
2020-11-02,137,0
2020-11-03,143,0
2020-11-04,412,0
2020-11-05,178,0
2020-11-06,6,0
2020-11-07,26,0
2020-11-08,0,0
2020-11-09,0,0
2020-11-10,24,0
2020-11-11,0,0
2020-11-12,0,0
2020-11-13,113,0
2020-11-14,84,0
2020-11-15,206,0
2020-11-16,154,0
2020-11-17,384,0
2020-11-18,722,0
2020-11-19,146,0
2020-11-20,143,0
2020-11-21,113,0
2020-11-22,89,0
2020-11-23,363,0
2020-11-24,394,0
2020-11-25,190,0
2020-11-26,4,0
2020-11-27,0,0
2020-11-28,10,0
2020-11-29,159,0
2020-11-30,255,0
2020-12-01,0,0
2020-12-02,259,0
2020-12-03,16,0
2020-12-04,0,0
2020-12-05,14,0
2020-12-06,1,0
2020-12-07,22,0
2020-12-08,6,0
2020-12-09,0,0
2020-12-10,0,0
2020-12-11,0,0
2020-12-12,0,0
2020-12-13,2,0
2020-12-14,70,0
2020-12-15,408,0
2020-12-16,53,0
2020-12-17,106,0
2020-12-18,104,0
2020-12-19,105,0
2020-12-20,217,0
2020-12-21,178,0
2020-12-22,123,0
2020-12-23,21,0
2020-12-24,0,0
2020-12-25,95,0
2020-12-26,155,0
2020-12-27,145,0
2020-12-28,0,0
2020-12-29,0,0
2020-12-30,5,0
